ManufacturerName,CustomerName,Customer,City,State,Stockcode,ItemFamily,Amount,PYTD Sales,YTD Growth,% Change,TransferOrNot
Legend,AMESBURY INDUSTRIAL SUPPLY,AMESBURY INDUSTRIAL SUPPLY - AMESBURY - 12187,AMESBURY,MA,101-000                  ,51  - Mini-Ball Valves              ,$0,$96,($96),-100.0%,Direct
Legend,BETTS PLUMBING & HEATING SUPPLY #257200,BETTS PLUMBING & HEATING SUPPLY #257200 - WESTFIELD - 211651,WESTFIELD,MA,101-003NL                ,21  - Legend Press Ball Valves      ,$137,$163,($26),-15.9%,Direct
Legend,BETTS PLUMBING & HEATING SUPPLY #257200,BETTS PLUMBING & HEATING SUPPLY #257200 - WESTFIELD - 211651,WESTFIELD,MA,101-004NL                ,21  - Legend Press Ball Valves      ,$440,$392,$48,12.3%,Direct
Legend,GUSTAVE A. LARSON CO,DAIKIN COMFORT TECH  #101085 - NEW HAVEN - 2125379,NEW HAVEN,NJ,101-004NL                ,21  - Legend Press Ball Valves      ,"$1,887",$0,"$1,887",,Direct
Legend,J.D.M. SUPPLY,J.D.M. SUPPLY - MAPLEVILLE - 15647,MAPLEVILLE,RI,101-004NL                ,21  - Legend Press Ball Valves      ,$0,$112,($112),-100.0%,Direct
Legend,BETTS PLUMBING & HEATING SUPPLY #257200,BETTS PLUMBING & HEATING SUPPLY #257200 - WESTFIELD - 211651,WESTFIELD,MA,101-005NL                ,21  - Legend Press Ball Valves      ,$191,$307,($115),-37.6%,Direct
Legend,GUSTAVE A. LARSON CO,DAIKIN COMFORT TECH  #101085 - NEW HAVEN - 2125379,NEW HAVEN,NJ,101-005NL                ,21  - Legend Press Ball Valves      ,$574,$0,$574,,Direct
Legend,GUSTAVE A. LARSON CO,DAIKIN COMFORT TECH  #101085 - NEW HAVEN - 2125379,NEW HAVEN,NJ,101-006NL                ,21  - Legend Press Ball Valves      ,"$1,447",$0,"$1,447",,Direct
Legend,BETTS PLUMBING & HEATING SUPPLY #257200,BETTS PLUMBING & HEATING SUPPLY #257200 - WESTFIELD - 211651,WESTFIELD,MA,101-007NL                ,21  - Legend Press Ball Valves      ,$0,$326,($326),-100.0%,Direct
Legend,BENDER SUPPLY,"BENDER MANAGEMENT, INC. AD#BE81 - NEW HAVEN - 15530",NEW HAVEN,CT,101-010NL                ,21  - Legend Press Ball Valves      ,$635,$0,$635,,Direct
Legend,WINNELSON,WINSUPPLY WAKEFIELD MA CO (#016) - WAKEFIELD - 10038,WAKEFIELD,MA,101-023NL                ,20  - Full Port Ball Valves         ,$0,$120,($120),-100.0%,Direct
Legend,WINNELSON,WINSUPPLY WAKEFIELD MA CO (#016) - WAKEFIELD - 10038,WAKEFIELD,MA,101-024NL                ,20  - Full Port Ball Valves         ,$0,$197,($197),-100.0%,Direct
Legend,THE GRANITE GROUP,THE GRANITE GROUP- ADGG04 - LONDONDERRY - 179844,LONDONDERRY,NH,101-025                  ,20  - Full Port Ball Valves         ,$0,$11,($11),-100.0%,Direct
Legend,WINNELSON,WESTPORT WINWATER WORKS CO (#034) - WESTPORT - 178953,WESTPORT,MA,101-025NL                ,20  - Full Port Ball Valves         ,$203,$0,$203,,Direct
Legend,PLIMPTON & HILLS,PLIMPTON & HILLS CORP -AD#PH46 - MANCHESTER - 178293,MANCHESTER,CT,101-026                  ,20  - Full Port Ball Valves         ,$108,$116,($7),-6.4%,Direct
Legend,P & E SUPPLY - #227900,P & E SUPPLY - #227900 - SANFORD - 11937,SANFORD,ME,101-044NL                ,20  - Full Port Ball Valves         ,($22),$0,($22),,Direct
Legend,P & E SUPPLY - #227900,P & E SUPPLY - #227900 - SANFORD - 11937,SANFORD,ME,101-045NL                ,20  - Full Port Ball Valves         ,($29),$0,($29),,Direct
Legend,P & E SUPPLY - #227900,P & E SUPPLY - #227900 - SANFORD - 11937,SANFORD,ME,101-046NL                ,20  - Full Port Ball Valves         ,($83),$0,($83),,Direct
Legend,WINNELSON,WINSUPPLY WAKEFIELD MA CO (#016) - WAKEFIELD - 10038,WAKEFIELD,MA,101-046NL                ,20  - Full Port Ball Valves         ,$0,$50,($50),-100.0%,Direct
Legend,WINNELSON,WINSUPPLY WAKEFIELD MA CO (#016) - WAKEFIELD - 10038,WAKEFIELD,MA,101-048NL                ,20  - Full Port Ball Valves         ,$0,$50,($50),-100.0%,Direct
Legend,J.D.M. SUPPLY,J.D.M. SUPPLY - MAPLEVILLE - 15647,MAPLEVILLE,RI,101-061                  ,20  - Full Port Ball Valves         ,$0,$97,($97),-100.0%,Direct
Legend,M & G SUPPLY,M & G SUPPLY #246600 - EAST PROVIDENCE - 11021,EAST PROVIDENCE,RI,101-061NL                ,20  - Full Port Ball Valves         ,$22,$0,$22,,Direct
Legend,M & G SUPPLY,M & G SUPPLY #246600 - WARREN - 164436,WARREN,RI,101-061NL                ,20  - Full Port Ball Valves         ,$73,$0,$73,,Direct
Legend,NORTH SHORE HEATING SUPPLY,NORTH SHORE HEATING SUPPLY - LYNN - 13378,LYNN,MA,101-063                  ,20  - Full Port Ball Valves         ,$107,$0,$107,,Direct
Legend,BETTS PLUMBING & HEATING SUPPLY #257200,BETTS PLUMBING & HEATING SUPPLY #257200 - WESTFIELD - 211651,WESTFIELD,MA,101-063NL                ,20  - Full Port Ball Valves         ,$66,$0,$66,,Direct
Legend,M & G SUPPLY,M & G SUPPLY #246600 - EAST PROVIDENCE - 11021,EAST PROVIDENCE,RI,101-063NL                ,20  - Full Port Ball Valves         ,$66,$0,$66,,Direct
Legend,M & G SUPPLY,M & G SUPPLY #246600 - WARREN - 164436,WARREN,RI,101-063NL                ,20  - Full Port Ball Valves         ,$133,$105,$28,26.5%,Direct
Legend,THE GRANITE GROUP,THE GRANITE GROUP-DBA/SALEM PLBG -ADGG04 - BEVERLY - 189469,BEVERLY,MA,101-063NL                ,20  - Full Port Ball Valves         ,$66,$0,$66,,Direct
Legend,BETTS PLUMBING & HEATING SUPPLY #257200,BETTS PLUMBING & HEATING SUPPLY #257200 - WESTFIELD - 211651,WESTFIELD,MA,101-064NL                ,20  - Full Port Ball Valves         ,$231,$0,$231,,Direct
Legend,M & G SUPPLY,M & G SUPPLY #246600 - WARREN - 164436,WARREN,RI,101-064NL                ,20  - Full Port Ball Valves         ,$231,$0,$231,,Direct
Legend,THE GRANITE GROUP,THE GRANITE GROUP-DBA/SALEM PLBG -ADGG04 - BEVERLY - 189469,BEVERLY,MA,101-064NL                ,20  - Full Port Ball Valves         ,$289,$0,$289,,Direct
Legend,BETTS PLUMBING & HEATING SUPPLY #257200,BETTS PLUMBING & HEATING SUPPLY #257200 - WESTFIELD - 211651,WESTFIELD,MA,101-065NL                ,20  - Full Port Ball Valves         ,$0,$139,($139),-100.0%,Direct
Legend,J.D.M. SUPPLY,J.D.M. SUPPLY - MAPLEVILLE - 15647,MAPLEVILLE,RI,101-065NL                ,20  - Full Port Ball Valves         ,$0,$166,($166),-100.0%,Direct
Legend,M & G SUPPLY,M & G SUPPLY #246600 - EAST PROVIDENCE - 11021,EAST PROVIDENCE,RI,101-065NL                ,20  - Full Port Ball Valves         ,$101,$0,$101,,Direct
Legend,M & G SUPPLY,M & G SUPPLY #246600 - WARREN - 164436,WARREN,RI,101-065NL                ,20  - Full Port Ball Valves         ,$0,$166,($166),-100.0%,Direct
Legend,R.A. MANLEY & SONS,R.A. MANLEY & SONS - PALMER - 10963,PALMER,MA,101-065NL                ,20  - Full Port Ball Valves         ,$0,$554,($554),-100.0%,Direct
Legend,THE GRANITE GROUP,THE GRANITE GROUP-DBA/SALEM PLBG -ADGG04 - BEVERLY - 189469,BEVERLY,MA,101-065NL                ,20  - Full Port Ball Valves         ,$253,$0,$253,,Direct
Legend,M & G SUPPLY,M & G SUPPLY #246600 - WARREN - 164436,WARREN,RI,101-066NL                ,20  - Full Port Ball Valves         ,$57,$147,($91),-61.4%,Direct
Legend,R.A. MANLEY & SONS,R.A. MANLEY & SONS - PALMER - 10963,PALMER,MA,101-066NL                ,20  - Full Port Ball Valves         ,$0,$197,($197),-100.0%,Direct
Legend,THE GRANITE GROUP,THE GRANITE GROUP-DBA/SALEM PLBG -ADGG04 - BEVERLY - 189469,BEVERLY,MA,101-066NL                ,20  - Full Port Ball Valves         ,$399,$0,$399,,Direct
Legend,THE GRANITE GROUP,THE GRANITE GROUP-DBA/SALEM PLBG -ADGG04 - BEVERLY - 189469,BEVERLY,MA,101-067NL                ,20  - Full Port Ball Valves         ,$76,$0,$76,,Direct
Legend,BETTS PLUMBING & HEATING SUPPLY #257200,BETTS PLUMBING & HEATING SUPPLY #257200 - WESTFIELD - 211651,WESTFIELD,MA,101-068NL                ,20  - Full Port Ball Valves         ,$117,$92,$24,26.3%,Direct
Legend,M & G SUPPLY,M & G SUPPLY #246600 - EAST PROVIDENCE - 11021,EAST PROVIDENCE,RI,101-068NL                ,20  - Full Port Ball Valves         ,$117,$0,$117,,Direct
Legend,M & G SUPPLY,M & G SUPPLY #246600 - WARREN - 164436,WARREN,RI,101-068NL                ,20  - Full Port Ball Valves         ,$117,$0,$117,,Direct
Legend,R.A. MANLEY & SONS,R.A. MANLEY & SONS - PALMER - 10963,PALMER,MA,101-068NL                ,20  - Full Port Ball Valves         ,$0,$92,($92),-100.0%,Direct
Legend,TURNPIKE PLBG & HTG #240400,TURNPIKE PLBG & HTG #240400 - OXFORD - 14784,OXFORD,MA,101-068NL                ,20  - Full Port Ball Valves         ,($583),$0,($583),,Direct
Legend,ACE PLUMBING SUPPLY- #257600,ACE PLUMBING SUPPLY- #257600 - BOSTON - 10036,BOSTON,MA,101-074                  ,50  - Specialty Ball Valves         ,$77,$0,$77,,Direct
Legend,M & G SUPPLY,M & G SUPPLY #246600 - EAST PROVIDENCE - 11021,EAST PROVIDENCE,RI,101-083NL                ,20  - Full Port Ball Valves         ,$66,$0,$66,,Direct
Legend,M & G SUPPLY,M & G SUPPLY #246600 - WARREN - 164436,WARREN,RI,101-083NL                ,20  - Full Port Ball Valves         ,$199,$157,$42,26.5%,Direct
Legend,R.A. MANLEY & SONS,R.A. MANLEY & SONS - PALMER - 10963,PALMER,MA,101-083NL                ,20  - Full Port Ball Valves         ,$0,$52,($52),-100.0%,Direct
Legend,M & G SUPPLY,M & G SUPPLY #246600 - WARREN - 164436,WARREN,RI,101-084NL                ,20  - Full Port Ball Valves         ,$346,$91,$255,279.2%,Direct
Legend,R.A. MANLEY & SONS,R.A. MANLEY & SONS - PALMER - 10963,PALMER,MA,101-084NL                ,20  - Full Port Ball Valves         ,$0,$91,($91),-100.0%,Direct
Legend,M & G SUPPLY,M & G SUPPLY #246600 - WARREN - 164436,WARREN,RI,101-085NL                ,20  - Full Port Ball Valves         ,$101,$83,$18,21.7%,Direct
Legend,THE GRANITE GROUP,THE GRANITE GROUP-DBA/SALEM PLBG -ADGG04 - BEVERLY - 189469,BEVERLY,MA,101-085NL                ,20  - Full Port Ball Valves         ,$169,$0,$169,,Direct
Legend,BETTS PLUMBING & HEATING SUPPLY #257200,BETTS PLUMBING & HEATING SUPPLY #257200 - WESTFIELD - 211651,WESTFIELD,MA,101-086NL                ,20  - Full Port Ball Valves         ,$0,$98,($98),-100.0%,Direct
Legend,M & G SUPPLY,M & G SUPPLY #246600 - WARREN - 164436,WARREN,RI,101-086NL                ,20  - Full Port Ball Valves         ,$171,$0,$171,,Direct
Legend,THE GRANITE GROUP,THE GRANITE GROUP-DBA/SALEM PLBG -ADGG04 - BEVERLY - 189469,BEVERLY,MA,101-087NL                ,20  - Full Port Ball Valves         ,$76,$0,$76,,Direct
Legend,WINNELSON,WINSUPPLY WAKEFIELD MA CO (#016) - WAKEFIELD - 10038,WAKEFIELD,MA,101-102NL                ,20  - Full Port Ball Valves         ,$21,$0,$21,,Direct
Legend,WINNELSON,WINSUPPLY WAKEFIELD MA CO (#016) - WAKEFIELD - 10038,WAKEFIELD,MA,101-110NL                ,20  - Full Port Ball Valves         ,$0,$202,($202),-100.0%,Direct
Legend,BENDER SUPPLY,"BENDER MANAGEMENT, INC. AD#BE81 - BRIDGEPORT - 11949",BRIDGEPORT,CT,101-149NL                ,50  - Specialty Ball Valves         ,$0,"$1,426","($1,426)",-100.0%,Direct
Legend,BENDER SUPPLY,"BENDER MANAGEMENT, INC. AD#BE81 - HARTFORD - 16146",HARTFORD,CT,101-149NL                ,50  - Specialty Ball Valves         ,$0,"$1,104","($1,104)",-100.0%,Direct
Legend,BENDER SUPPLY,"BENDER MANAGEMENT, INC. AD#BE81 - NEW HAVEN - 15530",NEW HAVEN,CT,101-149NL                ,50  - Specialty Ball Valves         ,$0,"$2,944","($2,944)",-100.0%,Direct
Legend,BENDER SUPPLY,"BENDER MANAGEMENT, INC. AD#BE81 - WATERBURY - 13933",WATERBURY,CT,101-149NL                ,50  - Specialty Ball Valves         ,$0,$736,($736),-100.0%,Direct
Legend,P & E SUPPLY - #227900,P & E SUPPLY - #227900 - SANFORD - 11937,SANFORD,ME,101-149NL                ,50  - Specialty Ball Valves         ,$282,$0,$282,,Direct
Legend,"SEEKONK SUPPLY, INC","SEEKONK SUPPLY, INC - #106780 - PROVIDENCE - 176778",PROVIDENCE,MA,101-149NL                ,50  - Specialty Ball Valves         ,$0,$245,($245),-100.0%,Direct
Legend,THE PORTLAND GROUP,THE PORTLAND GROUP -MEDFORD - AD#PG02 - MEDFORD - 14873,MEDFORD,MA,101-149NL                ,50  - Specialty Ball Valves         ,$0,$50,($50),-100.0%,Direct
Legend,WINNELSON,WINSUPPLY - FALL RIVER-#068 - FALL RIVER - 15001,FALL RIVER,MA,101-149NL                ,50  - Specialty Ball Valves         ,$0,$319,($319),-100.0%,Direct
Legend,WINNELSON,WINSUPPLY - NEW BEDFORD-#069 - NEW BEDFORD - 15018,NEW BEDFORD,MA,101-149NL                ,50  - Specialty Ball Valves         ,$0,$245,($245),-100.0%,Direct
Legend,WINNELSON,WINSUPPLY - PLYMOUTH-#085 - PLYMOUTH - 187363,PLYMOUTH,MA,101-149NL                ,50  - Specialty Ball Valves         ,$0,$245,($245),-100.0%,Direct
Legend,WINNELSON,WINSUPPLY PORTLAND ME CO (#040) - SOUTH PORTLAND - 180358,SOUTH PORTLAND,ME,101-149NL                ,50  - Specialty Ball Valves         ,$0,$980,($980),-100.0%,Direct
Legend,ACE PLUMBING SUPPLY- #257600,ACE PLUMBING SUPPLY- #257600 - BOSTON - 10036,BOSTON,MA,101-174P                 ,50  - Specialty Ball Valves         ,$160,$0,$160,,Direct
Legend,"BLAKE EQUIPMENT COMPANY, INC","BLAKE EQUIPMENT COMPANY, INC. - RUTLAND - 2122811",RUTLAND,NC,101-204NL                ,21  - Legend Press Ball Valves      ,$0,$129,($129),-100.0%,Direct
Legend,PLIMPTON & HILLS,PLIMPTON & HILLS CORP -AD#PH46 - HARTFORD - 1030246,HARTFORD,CT,101-206NL                ,21  - Legend Press Ball Valves      ,($38),$0,($38),,Direct
Legend,ACE PLUMBING SUPPLY- #257600,ACE PLUMBING SUPPLY- #257600 - BOSTON - 10036,BOSTON,MA,101-213NL                ,21  - Legend Press Ball Valves      ,$63,$0,$63,,Direct
Legend,ECONOMY PLBG. & HTG. #105710,ECONOMY PLBG. & HTG. #105710 - MATTAPAN - 14207,MATTAPAN,MA,101-213NL                ,21  - Legend Press Ball Valves      ,$627,$238,$389,163.6%,Direct
Legend,FERGUSON ENTERPRISES,FERGUSON ENT-BRIGHTON #1170 - BRIGHTON - 240906,BRIGHTON,VA,101-213NL                ,21  - Legend Press Ball Valves      ,$0,$40,($40),-100.0%,Direct
Legend,FERGUSON ENTERPRISES,FERGUSON ENT-TAUNTON #985 - TAUNTON - 2120708,TAUNTON,VA,101-213NL                ,21  - Legend Press Ball Valves      ,$238,$327,($89),-27.2%,Direct
Legend,FERGUSON ENTERPRISES,"J.D. DADDARIO CO., INC. #1157 - NATICK - 224279",NATICK,VA,101-213NL                ,21  - Legend Press Ball Valves      ,$88,$0,$88,,Direct
Legend,FERGUSON ENTERPRISES,"J.D. DADDARIO CO., INC. #1196 - FRANKLIN - 10433",FRANKLIN,VA,101-213NL                ,21  - Legend Press Ball Valves      ,$0,$258,($258),-100.0%,Direct
Legend,FERGUSON ENTERPRISES,"J.D. DADDARIO CO., INC. #1198 - NEWTON - 182632",NEWTON,VA,101-213NL                ,21  - Legend Press Ball Valves      ,$50,$30,$20,68.7%,Direct
Legend,FERGUSON ENTERPRISES,P.V. SULLIVAN #3501 - QUINCY - 11441,QUINCY,VA,101-213NL                ,21  - Legend Press Ball Valves      ,$150,$0,$150,,Direct
Legend,HAJOCA,"PEABODY SUPPLY COMPANY, INC. #451 - KINGSTON - 177695",KINGSTON,NH,101-213NL                ,21  - Legend Press Ball Valves      ,$125,$0,$125,,Direct
Legend,REPUBLIC PLUMBING SUPPLY,REPUBLIC PLUMBING SUPPLY #109250 - FOXBORO - 2126102,FOXBORO,MA,101-213NL                ,21  - Legend Press Ball Valves      ,"$6,896",$0,"$6,896",,Direct
Legend,REPUBLIC PLUMBING SUPPLY,REPUBLIC PLUMBING SUPPLY #109250 - NORWOOD - 11341,NORWOOD,MA,101-213NL                ,21  - Legend Press Ball Valves      ,$0,"$1,982","($1,982)",-100.0%,Direct
Legend,SMITHFIELD PLUMBING & HEATING,SMITHFIELD PLUMBING & HEATING #104860 - GREENVILLE - 11383,GREENVILLE,RI,101-213NL                ,21  - Legend Press Ball Valves      ,$125,$0,$125,,Direct
Legend,ACE PLUMBING SUPPLY- #257600,ACE PLUMBING SUPPLY- #257600 - BOSTON - 10036,BOSTON,MA,101-214NL                ,21  - Legend Press Ball Valves      ,$103,$0,$103,,Direct
Legend,ECONOMY PLBG. & HTG. #105710,ECONOMY PLBG. & HTG. #105710 - MATTAPAN - 14207,MATTAPAN,MA,101-214NL                ,21  - Legend Press Ball Valves      ,$823,$0,$823,,Direct
Legend,FERGUSON ENTERPRISES,FERGUSON ENT-BRIGHTON #1170 - BRIGHTON - 240906,BRIGHTON,VA,101-214NL                ,21  - Legend Press Ball Valves      ,$0,$16,($16),-100.0%,Direct
Legend,FERGUSON ENTERPRISES,FERGUSON ENT-LYNN #400 - LYNN - 118580,LYNN,VA,101-214NL                ,21  - Legend Press Ball Valves      ,$0,$65,($65),-100.0%,Direct
Legend,FERGUSON ENTERPRISES,"J.D. DADDARIO CO., INC. #1196 - FRANKLIN - 10433",FRANKLIN,VA,101-214NL                ,21  - Legend Press Ball Valves      ,$21,$0,$21,,Direct
Legend,HAJOCA,"PEABODY SUPPLY COMPANY, INC. #452 - METHUEN - 237950",METHUEN,MA,101-214NL                ,21  - Legend Press Ball Valves      ,$0,$81,($81),-100.0%,Direct
Legend,REPUBLIC PLUMBING SUPPLY,REPUBLIC PLUMBING SUPPLY #109250 - FOXBORO - 2126102,FOXBORO,MA,101-214NL                ,21  - Legend Press Ball Valves      ,"$1,646",$0,"$1,646",,Direct
Legend,REPUBLIC PLUMBING SUPPLY,REPUBLIC PLUMBING SUPPLY #109250 - NORWOOD - 11341,NORWOOD,MA,101-214NL                ,21  - Legend Press Ball Valves      ,$0,"$1,220","($1,220)",-100.0%,Direct
Legend,WINNELSON,WINSUPPLY - PLYMOUTH-#085 - PLYMOUTH - 187363,PLYMOUTH,MA,101-214NL                ,21  - Legend Press Ball Valves      ,$0,$163,($163),-100.0%,Direct
Legend,WINNELSON,WINSUPPLY WAKEFIELD MA CO (#016) - WAKEFIELD - 10038,WAKEFIELD,MA,101-214NL                ,21  - Legend Press Ball Valves      ,$0,$81,($81),-100.0%,Direct
Legend,REPUBLIC PLUMBING SUPPLY,REPUBLIC PLUMBING SUPPLY #109250 - FOXBORO - 2126102,FOXBORO,MA,101-215NL                ,21  - Legend Press Ball Valves      ,$838,$0,$838,,Direct
Legend,"FLN-MAR RUBBER & PLASTICS, INC.","FLN-MAR RUBBER & PLASTICS, INC. - HOLYOKE - 15608",HOLYOKE,MA,101-226                  ,20  - Full Port Ball Valves         ,$280,$0,$280,,Direct
Legend,BENDER SUPPLY,"BENDER MANAGEMENT, INC. AD#BE81 - BRIDGEPORT - 11949",BRIDGEPORT,CT,101-251NL                ,50  - Specialty Ball Valves         ,$0,$147,($147),-100.0%,Direct
Legend,BENDER SUPPLY,"BENDER MANAGEMENT, INC. AD#BE81 - WATERBURY - 13933",WATERBURY,CT,101-251NL                ,50  - Specialty Ball Valves         ,$0,$490,($490),-100.0%,Direct
Legend,BENDER SUPPLY,"BENDER MANAGEMENT, INC. AD#BE81 - NEW HAVEN - 15530",NEW HAVEN,CT,101-271NL                ,50  - Specialty Ball Valves         ,$0,$98,($98),-100.0%,Direct
Legend,BENDER SUPPLY,"BENDER MANAGEMENT, INC. AD#BE81 - WATERBURY - 13933",WATERBURY,CT,101-271NL                ,50  - Specialty Ball Valves         ,$0,$196,($196),-100.0%,Direct
Legend,NORTH SHORE HEATING SUPPLY,NORTH SHORE HEATING SUPPLY - LYNN - 13378,LYNN,MA,101-271NL                ,50  - Specialty Ball Valves         ,$618,$0,$618,,Direct
Legend,"SEEKONK SUPPLY, INC","SEEKONK SUPPLY, INC - #106780 - PROVIDENCE - 176778",PROVIDENCE,MA,101-271NL                ,50  - Specialty Ball Valves         ,$315,$260,$55,21.0%,Direct
Legend,"SEEKONK SUPPLY, INC","SEEKONK SUPPLY, INC. - #106780 - REHOBOTH - 2118882",REHOBOTH,MA,101-271NL                ,50  - Specialty Ball Valves         ,$0,$260,($260),-100.0%,Direct
Legend,THE PORTLAND GROUP,THE PORTLAND GROUP -MEDFORD - AD#PG02 - MEDFORD - 14873,MEDFORD,MA,101-271NL                ,50  - Specialty Ball Valves         ,$0,$52,($52),-100.0%,Direct
Legend,WINNELSON,WINSUPPLY - PLYMOUTH-#085 - PLYMOUTH - 187363,PLYMOUTH,MA,101-271NL                ,50  - Specialty Ball Valves         ,$0,$780,($780),-100.0%,Direct
Legend,WINNELSON,WINSUPPLY PORTLAND ME CO (#040) - SOUTH PORTLAND - 180358,SOUTH PORTLAND,ME,101-271NL                ,50  - Specialty Ball Valves         ,$0,$520,($520),-100.0%,Direct
Legend,ACE PLUMBING SUPPLY- #257600,ACE PLUMBING SUPPLY- #257600 - BOSTON - 10036,BOSTON,MA,101-274                  ,50  - Specialty Ball Valves         ,$206,$0,$206,,Direct
Legend,ACE PLUMBING SUPPLY- #257600,ACE PLUMBING SUPPLY- #257600 - BOSTON - 10036,BOSTON,MA,101-284                  ,50  - Specialty Ball Valves         ,$153,$0,$153,,Direct
Legend,AMESBURY INDUSTRIAL SUPPLY,AMESBURY INDUSTRIAL SUPPLY - AMESBURY - 12187,AMESBURY,MA,101-341                  ,51  - Mini-Ball Valves              ,$0,$50,($50),-100.0%,Direct
Legend,ACE PLUMBING SUPPLY- #257600,ACE PLUMBING SUPPLY- #257600 - BOSTON - 10036,BOSTON,MA,101-347                  ,51  - Mini-Ball Valves              ,$32,$0,$32,,Direct
Legend,M & G SUPPLY,M & G SUPPLY #246600 - WARREN - 164436,WARREN,RI,101-347                  ,51  - Mini-Ball Valves              ,$32,$0,$32,,Direct
Legend,F.W. WEBB,F.W. WEBB - WINDHAM - WINDHAM - 2121330,WINDHAM,ME,101-383NL                ,22  - PEX Ball Valves               ,$0,$591,($591),-100.0%,Direct
Legend,F.W. WEBB,F.W. WEBB - WINDHAM - WINDHAM - 2121330,WINDHAM,ME,101-384NL                ,22  - PEX Ball Valves               ,$0,$743,($743),-100.0%,Direct
Legend,F.W. WEBB,F.W. WEBB - WINDHAM - WINDHAM - 2121330,WINDHAM,ME,101-385NL                ,22  - PEX Ball Valves               ,$0,"$1,007","($1,007)",-100.0%,Direct
Legend,F.W. WEBB,F.W. WEBB - WINDHAM - WINDHAM - 2121330,WINDHAM,ME,101-393NL                ,22  - PEX Ball Valves               ,$0,$609,($609),-100.0%,Direct
Legend,SMITHFIELD PLUMBING & HEATING,SMITHFIELD PLUMBING & HEATING #104860 - GREENVILLE - 11383,GREENVILLE,RI,101-393NL                ,22  - PEX Ball Valves               ,$46,$0,$46,,Direct
Legend,F.W. WEBB,F.W. WEBB - WINDHAM - WINDHAM - 2121330,WINDHAM,ME,101-394NL                ,22  - PEX Ball Valves               ,$0,$775,($775),-100.0%,Direct
Legend,SMITHFIELD PLUMBING & HEATING,SMITHFIELD PLUMBING & HEATING #104860 - TWIN MOUNTAIN - 179862,TWIN MOUNTAIN,RI,101-394NL                ,22  - PEX Ball Valves               ,$0,$121,($121),-100.0%,Direct
Legend,F.W. WEBB,F.W. WEBB - WINDHAM - WINDHAM - 2121330,WINDHAM,ME,101-395NL                ,22  - PEX Ball Valves               ,$0,"$1,034","($1,034)",-100.0%,Direct
Legend,AMESBURY INDUSTRIAL SUPPLY,AMESBURY INDUSTRIAL SUPPLY - AMESBURY - 12187,AMESBURY,MA,101-411                  ,20  - Full Port Ball Valves         ,$0,$315,($315),-100.0%,Direct
Legend,AMESBURY INDUSTRIAL SUPPLY,AMESBURY INDUSTRIAL SUPPLY - AMESBURY - 12187,AMESBURY,MA,101-413NL                ,20  - Full Port Ball Valves         ,$0,$55,($55),-100.0%,Direct
Legend,AMESBURY INDUSTRIAL SUPPLY,AMESBURY INDUSTRIAL SUPPLY - AMESBURY - 12187,AMESBURY,MA,101-416                  ,20  - Full Port Ball Valves         ,$0,$117,($117),-100.0%,Direct
Legend,J.D.M. SUPPLY,J.D.M. SUPPLY - MAPLEVILLE - 15647,MAPLEVILLE,RI,101-420                  ,20  - Full Port Ball Valves         ,$0,$255,($255),-100.0%,Direct
Legend,SMITHFIELD PLUMBING & HEATING,SMITHFIELD PLUMBING & HEATING #104860 - TWIN MOUNTAIN - 179862,TWIN MOUNTAIN,RI,101-420                  ,20  - Full Port Ball Valves         ,$0,$127,($127),-100.0%,Direct
Legend,PLIMPTON & HILLS,PLIMPTON & HILLS CORP -AD#PH46 - HARTFORD - 1030246,HARTFORD,CT,101-433NL                ,50  - Specialty Ball Valves         ,($17),$0,($17),,Direct
Legend,PLUMBERS' SUPPLY - MASS,PLUMBERS' SUPPLY -BEDFORD DIST #PS50 - NEW BEDFORD - 184197,NEW BEDFORD,MA,101-433NL                ,50  - Specialty Ball Valves         ,$134,$0,$134,,Direct
Legend,REPUBLIC PLUMBING SUPPLY,REPUBLIC PLUMBING SUPPLY #109250 - FOXBORO - 2126102,FOXBORO,MA,101-433NL                ,50  - Specialty Ball Valves         ,$401,$0,$401,,Direct
Legend,REPUBLIC PLUMBING SUPPLY,REPUBLIC PLUMBING SUPPLY #109250 - NORWOOD - 11341,NORWOOD,MA,101-433NL                ,50  - Specialty Ball Valves         ,$0,$110,($110),-100.0%,Direct
Legend,REPUBLIC PLUMBING SUPPLY,REPUBLIC PLUMBING SUPPLY #109250 - FOXBORO - 2126102,FOXBORO,MA,101-434NL                ,50  - Specialty Ball Valves         ,$216,$0,$216,,Direct
Legend,REPUBLIC PLUMBING SUPPLY,REPUBLIC PLUMBING SUPPLY #109250 - NORWOOD - 11341,NORWOOD,MA,101-434NL                ,50  - Specialty Ball Valves         ,$0,$178,($178),-100.0%,Direct
Legend,THE GRANITE GROUP,THE GRANITE GROUP- ADGG04 - LONDONDERRY - 179844,LONDONDERRY,NH,101-434NL                ,50  - Specialty Ball Valves         ,"$8,930",$0,"$8,930",,Direct
Legend,PLIMPTON & HILLS,PLIMPTON & HILLS CORP -AD#PH46 - HARTFORD - 1030246,HARTFORD,CT,101-435NL                ,50  - Specialty Ball Valves         ,($70),$0,($70),,Direct
Legend,REPUBLIC PLUMBING SUPPLY,REPUBLIC PLUMBING SUPPLY #109250 - NORWOOD - 11341,NORWOOD,MA,101-435NL                ,50  - Specialty Ball Valves         ,$0,$145,($145),-100.0%,Direct
Legend,PLUMBERS' SUPPLY - MASS,PLUMBERS' SUPPLY -BEDFORD DIST #PS50 - NEW BEDFORD - 184197,NEW BEDFORD,MA,101-453NL                ,50  - Specialty Ball Valves         ,$129,$0,$129,,Direct
Legend,R.A. MANLEY & SONS,R.A. MANLEY & SONS - PALMER - 10963,PALMER,MA,101-454NL                ,50  - Specialty Ball Valves         ,$0,$37,($37),-100.0%,Direct
Legend,SMITHFIELD PLUMBING & HEATING,SMITHFIELD PLUMBING & HEATING #104860 - TWIN MOUNTAIN - 179862,TWIN MOUNTAIN,RI,101-474NL                ,22  - PEX Ball Valves               ,$0,$94,($94),-100.0%,Direct
Legend,SMITHFIELD PLUMBING & HEATING,SMITHFIELD PLUMBING & HEATING #104860 - TWIN MOUNTAIN - 179862,TWIN MOUNTAIN,RI,101-483NL                ,22  - PEX Ball Valves               ,$0,$73,($73),-100.0%,Direct
Legend,THE GRANITE GROUP,THE GRANITE GROUP- ADGG04 - LONDONDERRY - 179844,LONDONDERRY,NH,101-483NL                ,22  - PEX Ball Valves               ,$89,$73,$15,21.0%,Direct
Legend,P & E SUPPLY - #227900,P & E SUPPLY - #227900 - SANFORD - 11937,SANFORD,ME,101-503NL                ,50  - Specialty Ball Valves         ,$255,$0,$255,,Direct
Legend,PLIMPTON & HILLS,PLIMPTON & HILLS CORP -AD#PH46 - HARTFORD - 1030246,HARTFORD,CT,101-503NL                ,50  - Specialty Ball Valves         ,($41),$0,($41),,Direct
Legend,TIERNEY & DALTON,TIERNEY & DALTON - DOUGLAS - 12159,DOUGLAS,MA,101-503NL                ,50  - Specialty Ball Valves         ,$26,$216,($190),-88.2%,Direct
Legend,ECONOMY PLBG. & HTG. #105710,ECONOMY PLBG. & HTG. #105710 - MATTAPAN - 14207,MATTAPAN,MA,101-520                  ,51  - Mini-Ball Valves              ,$195,$0,$195,,Direct
Legend,SUPPLY NEW ENGLAND,SUPPLY NEW ENGLAND #10 - AD#SN03 - UXBRIDGE - 15115,UXBRIDGE,MA,101-520                  ,51  - Mini-Ball Valves              ,$273,$0,$273,,Direct
Legend,WINNELSON,WINSUPPLY ESSEX CT CO (#074) - ESSEX - 14076,ESSEX,CT,101-520                  ,51  - Mini-Ball Valves              ,$65,$60,$5,9.0%,Direct
Legend,WINNELSON,WINSUPPLY WAKEFIELD MA CO (#016) - WAKEFIELD - 10038,WAKEFIELD,MA,101-520NL                ,51  - Mini-Ball Valves              ,$68,$0,$68,,Direct
Legend,THE GRANITE GROUP,THE GRANITE GROUP- ADGG04 - LONDONDERRY - 179844,LONDONDERRY,NH,101-521                  ,51  - Mini-Ball Valves              ,$130,$0,$130,,Direct
Legend,FERGUSON ENTERPRISES,INDEPENDENT PIPE & SUPPLY  #2272 - CANTON - 12609,CANTON,VA,101-530                  ,51  - Mini-Ball Valves              ,$188,$0,$188,,Direct
Legend,HAJOCA,"PEABODY SUPPLY COMPANY, INC. #451 - KINGSTON - 177695",KINGSTON,NH,101-530                  ,51  - Mini-Ball Valves              ,$260,$0,$260,,Direct
Legend,PLIMPTON & HILLS,PLIMPTON & HILLS CORP -AD#PH46 - MANCHESTER - 178293,MANCHESTER,CT,101-530                  ,51  - Mini-Ball Valves              ,$130,$119,$11,9.0%,Direct
Legend,PLUMBERS' SUPPLY - MASS,PLUMBERS' SUPPLY -BEDFORD DIST #PS50 - NEW BEDFORD - 184197,NEW BEDFORD,MA,101-530                  ,51  - Mini-Ball Valves              ,$130,$60,$70,118.0%,Direct
Legend,REPUBLIC PLUMBING SUPPLY,REPUBLIC PLUMBING SUPPLY #109250 - FOXBORO - 2126102,FOXBORO,MA,101-530                  ,51  - Mini-Ball Valves              ,$357,$0,$357,,Direct
Legend,THE GRANITE GROUP,THE GRANITE GROUP- ADGG04 - LONDONDERRY - 179844,LONDONDERRY,NH,101-530                  ,51  - Mini-Ball Valves              ,$292,$0,$292,,Direct
Legend,FERGUSON ENTERPRISES,"J.D. DADDARIO CO., INC. #1196 - FRANKLIN - 10433",FRANKLIN,VA,101-530NL                ,51  - Mini-Ball Valves              ,$8,$0,$8,,Direct
Legend,"JOMAR DISTRIBUTORS, INC","JOMAR DISTRIBUTORS, INC. - #BH4460 - TAUNTON - 1926943",TAUNTON,MA,101-530NL                ,51  - Mini-Ball Valves              ,$84,$0,$84,,Direct
Legend,MASSACHUSETTS CONTROL CENTER,MASSACHUSETTS CONTROL CENTER - ARLINGTON - 11030,ARLINGTON,MA,101-530NL                ,51  - Mini-Ball Valves              ,$169,$0,$169,,Direct
Legend,P & E SUPPLY - #227900,P & E SUPPLY - #227900 - SANFORD - 11937,SANFORD,ME,101-530NL                ,51  - Mini-Ball Valves              ,$169,$0,$169,,Direct
Legend,WINNELSON,WINSUPPLY SHELTON CT CO (#072) - SHELTON - 189041,SHELTON,CT,101-530NL                ,51  - Mini-Ball Valves              ,$0,$77,($77),-100.0%,Direct
Legend,"B.E. CROWLEY, INC. - #219000","B.E. CROWLEY, INC. - #219000 - SPRINGFIELD - 179571",SPRINGFIELD,MA,101-531                  ,51  - Mini-Ball Valves              ,$130,$357,($227),-63.7%,Direct
Legend,BETTS PLUMBING & HEATING SUPPLY #257200,BETTS PLUMBING & HEATING SUPPLY #257200 - WESTFIELD - 211651,WESTFIELD,MA,101-531                  ,51  - Mini-Ball Valves              ,$130,$119,$11,9.0%,Direct
Legend,FERGUSON ENTERPRISES,INDEPENDENT PIPE & SUPPLY  #2272 - CANTON - 12609,CANTON,MA,101-531                  ,51  - Mini-Ball Valves              ,$0,"$2,382","($2,382)",-100.0%,Direct
Legend,FERGUSON ENTERPRISES,INDEPENDENT PIPE & SUPPLY  #2272 - CANTON - 12609,CANTON,VA,101-531                  ,51  - Mini-Ball Valves              ,"$1,344",$0,"$1,344",,Direct
Legend,HAJOCA,"PEABODY SUPPLY COMPANY, INC. #451 - KINGSTON - 177695",KINGSTON,NH,101-531                  ,51  - Mini-Ball Valves              ,$130,$0,$130,,Direct
Legend,PLUMBERS' SUPPLY - MASS,PLUMBERS' SUPPLY -BEDFORD DIST #PS50 - NEW BEDFORD - 184197,NEW BEDFORD,MA,101-531                  ,51  - Mini-Ball Valves              ,$195,$119,$76,63.5%,Direct
Legend,REPUBLIC PLUMBING SUPPLY,REPUBLIC PLUMBING SUPPLY #109250 - FOXBORO - 2126102,FOXBORO,MA,101-531                  ,51  - Mini-Ball Valves              ,$325,$0,$325,,Direct
Legend,REPUBLIC PLUMBING SUPPLY,REPUBLIC PLUMBING SUPPLY #109250 - NORWOOD - 11341,NORWOOD,MA,101-531                  ,51  - Mini-Ball Valves              ,$0,$149,($149),-100.0%,Direct
Legend,THE GRANITE GROUP,THE GRANITE GROUP- ADGG04 - LONDONDERRY - 179844,LONDONDERRY,NH,101-531                  ,51  - Mini-Ball Valves              ,$260,$179,$81,45.4%,Direct
Legend,WINNELSON,STAMFORD WINDUSTRIAL CO (#095) - STAMFORD - 179970,STAMFORD,CT,101-531                  ,51  - Mini-Ball Valves              ,$0,$595,($595),-100.0%,Direct
Legend,"JOMAR DISTRIBUTORS, INC","JOMAR DISTRIBUTORS, INC. - #BH4460 - TAUNTON - 1926943",TAUNTON,MA,101-531NL                ,51  - Mini-Ball Valves              ,$84,$0,$84,,Direct
Legend,P & E SUPPLY - #227900,P & E SUPPLY - #227900 - SANFORD - 11937,SANFORD,ME,101-531NL                ,51  - Mini-Ball Valves              ,$169,$0,$169,,Direct
Legend,"B.E. CROWLEY, INC. - #219000","B.E. CROWLEY, INC. - #219000 - SPRINGFIELD - 179571",SPRINGFIELD,MA,101-532                  ,51  - Mini-Ball Valves              ,$82,$0,$82,,Direct
Legend,BETTS PLUMBING & HEATING SUPPLY #257200,BETTS PLUMBING & HEATING SUPPLY #257200 - WESTFIELD - 211651,WESTFIELD,MA,101-533                  ,51  - Mini-Ball Valves              ,$91,$0,$91,,Direct
Legend,MASSACHUSETTS CONTROL CENTER,MASSACHUSETTS CONTROL CENTER - ARLINGTON - 11030,ARLINGTON,MA,101-533NL                ,51  - Mini-Ball Valves              ,$851,$0,$851,,Direct
Legend,MASSACHUSETTS CONTROL CENTER,MASSACHUSETTS CONTROL CENTER - ARLINGTON - 11030,ARLINGTON,MA,101-534                  ,51  - Mini-Ball Valves              ,$755,$0,$755,,Direct
Legend,BETTS PLUMBING & HEATING SUPPLY #257200,BETTS PLUMBING & HEATING SUPPLY #257200 - WESTFIELD - 211651,WESTFIELD,MA,101-540                  ,51  - Mini-Ball Valves              ,$321,$0,$321,,Direct
Legend,PLUMBERS' SUPPLY - MASS,PLUMBERS' SUPPLY -BEDFORD DIST #PS50 - NEW BEDFORD - 184197,NEW BEDFORD,MA,101-541                  ,51  - Mini-Ball Valves              ,$19,$0,$19,,Direct
Legend,REPUBLIC PLUMBING SUPPLY,REPUBLIC PLUMBING SUPPLY #109250 - FOXBORO - 2126102,FOXBORO,MA,101-541                  ,51  - Mini-Ball Valves              ,$48,$0,$48,,Direct
Legend,BENDER SUPPLY,"BENDER MANAGEMENT, INC. AD#BE81 - BRIDGEPORT - 11949",BRIDGEPORT,CT,101-543NL                ,22  - PEX Ball Valves               ,$0,$186,($186),-100.0%,Direct
Legend,BENDER SUPPLY,"BENDER MANAGEMENT, INC. AD#BE81 - HARTFORD - 16146",HARTFORD,CT,101-543NL                ,22  - PEX Ball Valves               ,$0,$46,($46),-100.0%,Direct
Legend,BENDER SUPPLY,"BENDER MANAGEMENT, INC. AD#BE81 - NEW HAVEN - 15530",NEW HAVEN,CT,101-543NL                ,22  - PEX Ball Valves               ,$0,$46,($46),-100.0%,Direct
Legend,BENDER SUPPLY,"BENDER MANAGEMENT, INC. AD#BE81 - WATERBURY - 13933",WATERBURY,CT,101-543NL                ,22  - PEX Ball Valves               ,$0,$93,($93),-100.0%,Direct
Legend,HAJOCA,"PEABODY SUPPLY COMPANY, INC. #451 - KINGSTON - 177695",KINGSTON,NH,101-543NL                ,22  - PEX Ball Valves               ,$123,$0,$123,,Direct
Legend,PLUMBERS' SUPPLY - MASS,PLUMBERS' SUPPLY -BEDFORD DIST #PS50 - NEW BEDFORD - 184197,NEW BEDFORD,MA,101-543NL                ,22  - PEX Ball Valves               ,$727,$93,$634,682.9%,Direct
Legend,"SEEKONK SUPPLY, INC","SEEKONK SUPPLY, INC - #106780 - FALL RIVER - 11378",FALL RIVER,MA,101-543NL                ,22  - PEX Ball Valves               ,$0,$23,($23),-100.0%,Direct
Legend,"SEEKONK SUPPLY, INC","SEEKONK SUPPLY, INC - #106780 - PROVIDENCE - 176778",PROVIDENCE,MA,101-543NL                ,22  - PEX Ball Valves               ,$0,$23,($23),-100.0%,Direct
Legend,SMITHFIELD PLUMBING & HEATING,SMITHFIELD PLUMBING & HEATING #104860 - GREENVILLE - 11383,GREENVILLE,RI,101-543NL                ,22  - PEX Ball Valves               ,$281,$928,($648),-69.8%,Direct
Legend,SMITHFIELD PLUMBING & HEATING,SMITHFIELD PLUMBING & HEATING #104860 - TWIN MOUNTAIN - 179862,TWIN MOUNTAIN,RI,101-543NL                ,22  - PEX Ball Valves               ,$617,$696,($79),-11.3%,Direct
Legend,THE PORTLAND GROUP,THE PORTLAND GROUP -FRAMINGHAM - AD#PG02 - WORCESTER - 243231,WORCESTER,MA,101-543NL                ,22  - PEX Ball Valves               ,$0,$232,($232),-100.0%,Direct
Legend,THE PORTLAND GROUP,THE PORTLAND GROUP -RAYNHAM - AD#PG02 - RAYNHAM - 182939,RAYNHAM,MA,101-543NL                ,22  - PEX Ball Valves               ,$140,$0,$140,,Direct
Legend,WINNELSON,WINSUPPLY ESSEX CT CO (#074) - ESSEX - 14076,ESSEX,CT,101-543NL                ,22  - PEX Ball Valves               ,$0,$278,($278),-100.0%,Direct
Legend,WINNELSON,WINSUPPLY MANCHESTER CT CO (#071) - MANCHESTER - 10933,MANCHESTER,CT,101-543NL                ,22  - PEX Ball Valves               ,$101,$0,$101,,Direct
Legend,WINNELSON,WINSUPPLY STAMFORD CT CO (#015) - STAMFORD - 12380,STAMFORD,CT,101-543NL                ,22  - PEX Ball Valves               ,$224,$0,$224,,Direct
Legend,BENDER SUPPLY,"BENDER MANAGEMENT, INC. AD#BE81 - WATERBURY - 13933",WATERBURY,CT,101-544NL                ,22  - PEX Ball Valves               ,$0,$872,($872),-100.0%,Direct
Legend,HAJOCA,"PEABODY SUPPLY COMPANY, INC. #451 - KINGSTON - 177695",KINGSTON,NH,101-544NL                ,22  - PEX Ball Valves               ,$194,$0,$194,,Direct
Legend,"SEEKONK SUPPLY, INC","SEEKONK SUPPLY, INC - #106780 - PROVIDENCE - 176778",PROVIDENCE,MA,101-544NL                ,22  - PEX Ball Valves               ,$440,$0,$440,,Direct
Legend,SMITHFIELD PLUMBING & HEATING,SMITHFIELD PLUMBING & HEATING #104860 - GREENVILLE - 11383,GREENVILLE,RI,101-544NL                ,22  - PEX Ball Valves               ,$176,$145,$31,21.0%,Direct
Legend,SMITHFIELD PLUMBING & HEATING,SMITHFIELD PLUMBING & HEATING #104860 - TWIN MOUNTAIN - 179862,TWIN MOUNTAIN,RI,101-544NL                ,22  - PEX Ball Valves               ,$352,$800,($448),-56.0%,Direct
Legend,THE PORTLAND GROUP,THE PORTLAND GROUP - AD#PG02 - NORTH BILLERICA - 11320,NORTH BILLERICA,MA,101-544NL                ,22  - PEX Ball Valves               ,$440,$0,$440,,Direct
Legend,THE PORTLAND GROUP,THE PORTLAND GROUP -RAYNHAM - AD#PG02 - RAYNHAM - 182939,RAYNHAM,MA,101-544NL                ,22  - PEX Ball Valves               ,$176,$0,$176,,Direct
Legend,WINNELSON,STAMFORD WINDUSTRIAL CO (#095) - STAMFORD - 179970,STAMFORD,CT,101-544NL                ,22  - PEX Ball Valves               ,$0,$145,($145),-100.0%,Direct
Legend,WINNELSON,WINSUPPLY ESSEX CT CO (#074) - ESSEX - 14076,ESSEX,CT,101-544NL                ,22  - PEX Ball Valves               ,$0,$364,($364),-100.0%,Direct
Legend,WINNELSON,WINSUPPLY MANCHESTER CT CO (#071) - MANCHESTER - 10933,MANCHESTER,CT,101-544NL                ,22  - PEX Ball Valves               ,$306,$0,$306,,Direct
Legend,WINNELSON,WINSUPPLY STAMFORD CT CO (#015) - STAMFORD - 12380,STAMFORD,CT,101-544NL                ,22  - PEX Ball Valves               ,$352,$0,$352,,Direct
Legend,HAJOCA,"PEABODY SUPPLY COMPANY, INC. #451 - KINGSTON - 177695",KINGSTON,NH,101-545NL                ,22  - PEX Ball Valves               ,$162,$0,$162,,Direct
Legend,PLUMBERS' SUPPLY - MASS,PLUMBERS' SUPPLY -BEDFORD DIST #PS50 - NEW BEDFORD - 184197,NEW BEDFORD,MA,101-545NL                ,22  - PEX Ball Valves               ,$444,$0,$444,,Direct
Legend,SMITHFIELD PLUMBING & HEATING,SMITHFIELD PLUMBING & HEATING #104860 - GREENVILLE - 11383,GREENVILLE,RI,101-545NL                ,22  - PEX Ball Valves               ,$74,$122,($48),-39.5%,Direct
Legend,SMITHFIELD PLUMBING & HEATING,SMITHFIELD PLUMBING & HEATING #104860 - TWIN MOUNTAIN - 179862,TWIN MOUNTAIN,RI,101-545NL                ,22  - PEX Ball Valves               ,$148,$0,$148,,Direct
Legend,HAJOCA,"PEABODY SUPPLY COMPANY, INC. #452 - METHUEN - 237950",METHUEN,MA,101-546NL                ,22  - PEX Ball Valves               ,$0,$45,($45),-100.0%,Direct
Legend,PLUMBERS' SUPPLY - MASS,PLUMBERS' SUPPLY -BEDFORD DIST #PS50 - NEW BEDFORD - 184197,NEW BEDFORD,MA,101-546NL                ,22  - PEX Ball Valves               ,$94,$97,($3),-3.2%,Direct
Legend,PLUMBERS' SUPPLY - MASS,PLUMBERS' SUPPLY -BEDFORD DIST #PS50 - NEW BEDFORD - 184197,NEW BEDFORD,MA,101-563NL                ,22  - PEX Ball Valves               ,$706,$0,$706,,Direct
Legend,SMITHFIELD PLUMBING & HEATING,SMITHFIELD PLUMBING & HEATING #104860 - GREENVILLE - 11383,GREENVILLE,RI,101-563NL                ,22  - PEX Ball Valves               ,$0,$109,($109),-100.0%,Direct
Legend,SMITHFIELD PLUMBING & HEATING,SMITHFIELD PLUMBING & HEATING #104860 - TWIN MOUNTAIN - 179862,TWIN MOUNTAIN,RI,101-563NL                ,22  - PEX Ball Valves               ,$44,$0,$44,,Direct
Legend,THE PORTLAND GROUP,THE PORTLAND GROUP - AD#PG02 - NORTH BILLERICA - 11320,NORTH BILLERICA,MA,101-563NL                ,22  - PEX Ball Valves               ,$265,$0,$265,,Direct
Legend,THE PORTLAND GROUP,THE PORTLAND GROUP -RAYNHAM - AD#PG02 - RAYNHAM - 182939,RAYNHAM,MA,101-563NL                ,22  - PEX Ball Valves               ,$353,$0,$353,,Direct
Legend,THE PORTLAND GROUP,THE PORTLAND GROUP -SACO - AD#PG02 - SACO - 239081,SACO,MA,101-563NL                ,22  - PEX Ball Valves               ,$0,$168,($168),-100.0%,Direct
Legend,WINNELSON,WINSUPPLY SHELTON CT CO (#072) - SHELTON - 189041,SHELTON,CT,101-563NL                ,22  - PEX Ball Valves               ,$35,$0,$35,,Direct
Legend,PLUMBERS' SUPPLY - MASS,PLUMBERS' SUPPLY -BEDFORD DIST #PS50 - NEW BEDFORD - 184197,NEW BEDFORD,MA,101-564NL                ,22  - PEX Ball Valves               ,$127,$0,$127,,Direct
Legend,WINNELSON,WINSUPPLY WAKEFIELD MA CO (#016) - WAKEFIELD - 10038,WAKEFIELD,MA,101-570                  ,50  - Specialty Ball Valves         ,$35,$0,$35,,Direct
Legend,THE GRANITE GROUP,THE GRANITE GROUP- ADGG04 - LONDONDERRY - 179844,LONDONDERRY,NH,101-585NL                ,22  - PEX Ball Valves               ,$183,$213,($30),-14.2%,Direct
Legend,WINNELSON,WINSUPPLY WAKEFIELD MA CO (#016) - WAKEFIELD - 10038,WAKEFIELD,MA,101-585NL                ,22  - PEX Ball Valves               ,$0,$80,($80),-100.0%,Direct
Legend,BETTS PLUMBING & HEATING SUPPLY #257200,BETTS PLUMBING & HEATING SUPPLY #257200 - WESTFIELD - 211651,WESTFIELD,MA,101-586NL                ,22  - PEX Ball Valves               ,$79,$0,$79,,Direct
Legend,THE GRANITE GROUP,THE GRANITE GROUP- ADGG04 - LONDONDERRY - 179844,LONDONDERRY,NH,101-586NL                ,22  - PEX Ball Valves               ,$236,$206,$30,14.4%,Direct
Legend,SMITHFIELD PLUMBING & HEATING,SMITHFIELD PLUMBING & HEATING #104860 - TWIN MOUNTAIN - 179862,TWIN MOUNTAIN,RI,101-588NL                ,22  - PEX Ball Valves               ,$0,$80,($80),-100.0%,Direct
Legend,M & G SUPPLY,M & G SUPPLY #246600 - EAST PROVIDENCE - 11021,EAST PROVIDENCE,RI,101-593NL                ,22  - PEX Ball Valves               ,$234,$0,$234,,Direct
Legend,M & G SUPPLY,M & G SUPPLY #246600 - WARREN - 164436,WARREN,RI,101-593NL                ,22  - PEX Ball Valves               ,$94,$193,($99),-51.5%,Direct
Legend,M & G SUPPLY,M & G SUPPLY #246600 - EAST PROVIDENCE - 11021,EAST PROVIDENCE,RI,101-594NL                ,22  - PEX Ball Valves               ,$313,$0,$313,,Direct
Legend,M & G SUPPLY,M & G SUPPLY #246600 - WARREN - 164436,WARREN,RI,101-594NL                ,22  - PEX Ball Valves               ,$188,$155,$33,21.1%,Direct
Legend,M & G SUPPLY,M & G SUPPLY #246600 - EAST PROVIDENCE - 11021,EAST PROVIDENCE,RI,101-595NL                ,22  - PEX Ball Valves               ,$111,$0,$111,,Direct
Legend,M & G SUPPLY,M & G SUPPLY #246600 - WARREN - 164436,WARREN,RI,101-595NL                ,22  - PEX Ball Valves               ,$0,$229,($229),-100.0%,Direct
Legend,WINNELSON,WINSUPPLY - FALL RIVER-#068 - FALL RIVER - 15001,FALL RIVER,MA,101-595NL                ,22  - PEX Ball Valves               ,$0,$91,($91),-100.0%,Direct
Legend,M & G SUPPLY,M & G SUPPLY #246600 - EAST PROVIDENCE - 11021,EAST PROVIDENCE,RI,101-596NL                ,22  - PEX Ball Valves               ,$77,$0,$77,,Direct
Legend,M & G SUPPLY,M & G SUPPLY #246600 - WARREN - 164436,WARREN,RI,101-596NL                ,22  - PEX Ball Valves               ,$62,$0,$62,,Direct
Legend,PLIMPTON & HILLS,PLIMPTON & HILLS CORP -AD#PH46 - MANCHESTER - 178293,MANCHESTER,CT,101-596NL                ,22  - PEX Ball Valves               ,$77,$0,$77,,Direct
Legend,SMITHFIELD PLUMBING & HEATING,SMITHFIELD PLUMBING & HEATING #104860 - GREENVILLE - 11383,GREENVILLE,RI,101-596NL                ,22  - PEX Ball Valves               ,$77,$0,$77,,Direct
Legend,WINNELSON,WINSUPPLY - FALL RIVER-#068 - FALL RIVER - 15001,FALL RIVER,MA,101-596NL                ,22  - PEX Ball Valves               ,$0,$382,($382),-100.0%,Direct
Legend,PLIMPTON & HILLS,PLIMPTON & HILLS CORP -AD#PH46 - MANCHESTER - 178293,MANCHESTER,CT,101-597NL                ,22  - PEX Ball Valves               ,$51,$0,$51,,Direct
Legend,M & G SUPPLY,M & G SUPPLY #246600 - WARREN - 164436,WARREN,RI,101-600NL                ,22  - PEX Ball Valves               ,$0,$121,($121),-100.0%,Direct
Legend,THE GRANITE GROUP,THE GRANITE GROUP-DBA/SALEM PLBG -ADGG04 - BEVERLY - 189469,BEVERLY,MA,101-603NL                ,50  - Specialty Ball Valves         ,$209,$0,$209,,Direct
Legend,WINNELSON,WINSUPPLY MANCHESTER CT CO (#071) - MANCHESTER - 10933,MANCHESTER,CT,101-603NL                ,50  - Specialty Ball Valves         ,$84,$0,$84,,Direct
Legend,AMESBURY INDUSTRIAL SUPPLY,AMESBURY INDUSTRIAL SUPPLY - AMESBURY - 12187,AMESBURY,MA,101-607NL                ,50  - Specialty Ball Valves         ,$0,$64,($64),-100.0%,Direct
Legend,BELL/SIMONS COMPANIES,BELL PUMP CO.  -SANFORD- #BS21 - SANFORD - 175204,SANFORD,CT,101-624                  ,50  - Specialty Ball Valves         ,$114,$0,$114,,Direct
Legend,PLIMPTON & HILLS,PLIMPTON & HILLS CORP -AD#PH46 - MANCHESTER - 178293,MANCHESTER,CT,101-643NL                ,50  - Specialty Ball Valves         ,$0,$166,($166),-100.0%,Direct
Legend,SMITHFIELD PLUMBING & HEATING,SMITHFIELD PLUMBING & HEATING #104860 - GREENVILLE - 11383,GREENVILLE,RI,101-706NL                ,50  - Specialty Ball Valves         ,$111,$0,$111,,Direct
Legend,M & G SUPPLY,M & G SUPPLY #246600 - EAST PROVIDENCE - 11021,EAST PROVIDENCE,RI,101-803NL                ,21  - Legend Press Ball Valves      ,$151,$0,$151,,Direct
Legend,M & G SUPPLY,M & G SUPPLY #246600 - WARREN - 164436,WARREN,RI,101-803NL                ,21  - Legend Press Ball Valves      ,$0,$190,($190),-100.0%,Direct
Legend,WHITE'S PLUMBING SUPPLIES,WHITE'S PLUMBING SUPPLIES - WEST HAVEN - 1241232,WEST HAVEN,CT,101-803NL                ,21  - Legend Press Ball Valves      ,$0,$402,($402),-100.0%,Direct
Legend,WINNELSON,WINSUPPLY WAKEFIELD MA CO (#016) - WAKEFIELD - 10038,WAKEFIELD,MA,101-803NL                ,21  - Legend Press Ball Valves      ,$656,$0,$656,,Direct
Legend,M & G SUPPLY,M & G SUPPLY #246600 - EAST PROVIDENCE - 11021,EAST PROVIDENCE,RI,101-804NL                ,21  - Legend Press Ball Valves      ,$274,$0,$274,,Direct
Legend,WINNELSON,WINSUPPLY WAKEFIELD MA CO (#016) - WAKEFIELD - 10038,WAKEFIELD,MA,101-804NL                ,21  - Legend Press Ball Valves      ,$0,$916,($916),-100.0%,Direct
Legend,R.A. MANLEY & SONS,R.A. MANLEY & SONS - PALMER - 10963,PALMER,MA,101-805NL                ,21  - Legend Press Ball Valves      ,$0,$79,($79),-100.0%,Direct
Legend,WINNELSON,WINSUPPLY WAKEFIELD MA CO (#016) - WAKEFIELD - 10038,WAKEFIELD,MA,101-805NL                ,21  - Legend Press Ball Valves      ,$406,$0,$406,,Direct
Legend,WINNELSON,WINSUPPLY WAKEFIELD MA CO (#016) - WAKEFIELD - 10038,WAKEFIELD,MA,101-807NL                ,21  - Legend Press Ball Valves      ,$0,$462,($462),-100.0%,Direct
Legend,SMITHFIELD PLUMBING & HEATING,SMITHFIELD PLUMBING & HEATING #104860 - GREENVILLE - 11383,GREENVILLE,RI,101-809NL                ,21  - Legend Press Ball Valves      ,$0,$195,($195),-100.0%,Direct
Legend,SMITHFIELD PLUMBING & HEATING,SMITHFIELD PLUMBING & HEATING #104860 - TWIN MOUNTAIN - 179862,TWIN MOUNTAIN,RI,101-809NL                ,21  - Legend Press Ball Valves      ,$0,$195,($195),-100.0%,Direct
Legend,SMITHFIELD PLUMBING & HEATING,SMITHFIELD PLUMBING & HEATING #104860 - GREENVILLE - 11383,GREENVILLE,RI,101-810NL                ,21  - Legend Press Ball Valves      ,$0,$470,($470),-100.0%,Direct
Legend,SMITHFIELD PLUMBING & HEATING,SMITHFIELD PLUMBING & HEATING #104860 - TWIN MOUNTAIN - 179862,TWIN MOUNTAIN,RI,101-810NL                ,21  - Legend Press Ball Valves      ,$149,$118,$31,26.5%,Direct
Legend,SMITHFIELD PLUMBING & HEATING,SMITHFIELD PLUMBING & HEATING #104860 - GREENVILLE - 11383,GREENVILLE,RI,101-811NL                ,21  - Legend Press Ball Valves      ,$0,$260,($260),-100.0%,Direct
Legend,WINNELSON,WINSUPPLY WAKEFIELD MA CO (#016) - WAKEFIELD - 10038,WAKEFIELD,MA,101-811NL                ,21  - Legend Press Ball Valves      ,$0,$519,($519),-100.0%,Direct
Legend,THE GRANITE GROUP,THE GRANITE GROUP- ADGG04 - WILLIMANTIC - 2122711,WILLIMANTIC,NH,102-102                  ,70  - Gas Ball Valves               ,$0,$38,($38),-100.0%,Direct
Legend,P & E SUPPLY - #227900,P & E SUPPLY - #227900 - SANFORD - 11937,SANFORD,ME,102-103                  ,70  - Gas Ball Valves               ,$48,$0,$48,,Direct
Legend,P & E SUPPLY - #227900,P & E SUPPLY - #227900 - SANFORD - 11937,SANFORD,ME,102-104                  ,70  - Gas Ball Valves               ,$134,$0,$134,,Direct
Legend,P & E SUPPLY - #227900,P & E SUPPLY - #227900 - SANFORD - 11937,SANFORD,ME,102-113                  ,80  - Specialty Gas Ball Valves     ,$68,$0,$68,,Direct
Legend,THE PORTLAND GROUP,THE PORTLAND GROUP - AD#PG02 - NORTH BILLERICA - 11320,NORTH BILLERICA,MA,102-212                  ,80  - Specialty Gas Ball Valves     ,$16,$0,$16,,Direct
Legend,THE PORTLAND GROUP,THE PORTLAND GROUP - AD#PG02 - NORTH BILLERICA - 11320,NORTH BILLERICA,MA,102-213                  ,80  - Specialty Gas Ball Valves     ,$16,$0,$16,,Direct
Legend,THE GRANITE GROUP,THE GRANITE GROUP- ADGG04 - LONDONDERRY - 179844,LONDONDERRY,NH,102-312                  ,80  - Specialty Gas Ball Valves     ,$0,$15,($15),-100.0%,Direct
Legend,PLIMPTON & HILLS,PLIMPTON & HILLS CORP -AD#PH46 - MANCHESTER - 178293,MANCHESTER,CT,102-313                  ,80  - Specialty Gas Ball Valves     ,$0,$77,($77),-100.0%,Direct
Legend,SMITHFIELD PLUMBING & HEATING,SMITHFIELD PLUMBING & HEATING #104860 - TWIN MOUNTAIN - 179862,TWIN MOUNTAIN,RI,102-314                  ,80  - Specialty Gas Ball Valves     ,$0,$48,($48),-100.0%,Direct
Legend,J.D.M. SUPPLY,J.D.M. SUPPLY - MAPLEVILLE - 15647,MAPLEVILLE,RI,102-513                  ,80  - Specialty Gas Ball Valves     ,$0,$8,($8),-100.0%,Direct
Legend,PLUMBERS' SUPPLY - MASS,PLUMBERS' SUPPLY -BEDFORD DIST #PS50 - NEW BEDFORD - 184197,NEW BEDFORD,MA,102-513                  ,80  - Specialty Gas Ball Valves     ,$43,$0,$43,,Direct
Legend,SMITHFIELD PLUMBING & HEATING,SMITHFIELD PLUMBING & HEATING #104860 - TWIN MOUNTAIN - 179862,TWIN MOUNTAIN,RI,102-513                  ,80  - Specialty Gas Ball Valves     ,$172,$383,($211),-55.1%,Direct
Legend,THE GRANITE GROUP,THE GRANITE GROUP- ADGG04 - LONDONDERRY - 179844,LONDONDERRY,NH,102-513                  ,80  - Specialty Gas Ball Valves     ,$0,$153,($153),-100.0%,Direct
Legend,J.D.M. SUPPLY,J.D.M. SUPPLY - MAPLEVILLE - 15647,MAPLEVILLE,RI,102-514                  ,80  - Specialty Gas Ball Valves     ,$0,$11,($11),-100.0%,Direct
Legend,PLIMPTON & HILLS,PLIMPTON & HILLS CORP -AD#PH46 - MANCHESTER - 178293,MANCHESTER,CT,102-514                  ,80  - Specialty Gas Ball Valves     ,$60,$0,$60,,Direct
Legend,PLUMBERS' SUPPLY - MASS,PLUMBERS' SUPPLY -BEDFORD DIST #PS50 - NEW BEDFORD - 184197,NEW BEDFORD,MA,102-514                  ,80  - Specialty Gas Ball Valves     ,$120,$0,$120,,Direct
Legend,SMITHFIELD PLUMBING & HEATING,SMITHFIELD PLUMBING & HEATING #104860 - TWIN MOUNTAIN - 179862,TWIN MOUNTAIN,RI,102-514                  ,80  - Specialty Gas Ball Valves     ,$240,$428,($188),-43.9%,Direct
Legend,THE GRANITE GROUP,THE GRANITE GROUP- ADGG04 - LONDONDERRY - 179844,LONDONDERRY,NH,102-514                  ,80  - Specialty Gas Ball Valves     ,$397,$0,$397,,Direct
Legend,"WIT-WAY SUPPLY, INC","WIT-WAY SUPPLY, INC. - ROCHESTER - 12060",ROCHESTER,NH,102-514                  ,80  - Specialty Gas Ball Valves     ,$60,$0,$60,,Direct
Legend,J.D.M. SUPPLY,J.D.M. SUPPLY - MAPLEVILLE - 15647,MAPLEVILLE,RI,102-515                  ,80  - Specialty Gas Ball Valves     ,$0,$18,($18),-100.0%,Direct
Legend,SMITHFIELD PLUMBING & HEATING,SMITHFIELD PLUMBING & HEATING #104860 - TWIN MOUNTAIN - 179862,TWIN MOUNTAIN,RI,102-522                  ,80  - Specialty Gas Ball Valves     ,$0,$20,($20),-100.0%,Direct
Legend,THE GRANITE GROUP,THE GRANITE GROUP- ADGG04 - LONDONDERRY - 179844,LONDONDERRY,NH,102-523                  ,80  - Specialty Gas Ball Valves     ,$130,$0,$130,,Direct
Legend,BETTS PLUMBING & HEATING SUPPLY #257200,BETTS PLUMBING & HEATING SUPPLY #257200 - WESTFIELD - 211651,WESTFIELD,MA,102-613                  ,70  - Gas Ball Valves               ,$52,$46,$6,12.4%,Direct
Legend,F.W. WEBB,F.W. WEBB - AUBURN - AUBURN - 50265,AUBURN,MA,102-613                  ,70  - Gas Ball Valves               ,$206,$0,$206,,Direct
Legend,F.W. WEBB,F.W. WEBB - HARTFORD - HARTFORD - 11688,HARTFORD,CT,102-613                  ,70  - Gas Ball Valves               ,$52,$0,$52,,Direct
Legend,HAJOCA,STATE SUPPLY #448 - IPSWICH - 1604946,IPSWICH,LA,102-613                  ,70  - Gas Ball Valves               ,$0,$138,($138),-100.0%,Direct
Legend,METROPOLITAN PIPE & SUPPLY AD#MP10,METROPOLITAN PIPE & SUPPLY AD#MP10 - SOMERVILLE - 11013,SOMERVILLE,MA,102-613                  ,70  - Gas Ball Valves               ,$0,$230,($230),-100.0%,Direct
Legend,THE GRANITE GROUP,THE GRANITE GROUP- ADGG04 - LONDONDERRY - 179844,LONDONDERRY,NH,102-613                  ,70  - Gas Ball Valves               ,$382,$0,$382,,Direct
Legend,F.W. WEBB,F.W. WEBB - AUBURN - AUBURN - 50265,AUBURN,MA,102-614                  ,70  - Gas Ball Valves               ,$305,$0,$305,,Direct
Legend,F.W. WEBB,F.W. WEBB - HARTFORD - HARTFORD - 11688,HARTFORD,CT,102-614                  ,70  - Gas Ball Valves               ,$76,$0,$76,,Direct
Legend,HAJOCA,STATE SUPPLY #448 - IPSWICH - 1604946,IPSWICH,LA,102-614                  ,70  - Gas Ball Valves               ,$0,$204,($204),-100.0%,Direct
Legend,THE GRANITE GROUP,THE GRANITE GROUP- ADGG04 - LONDONDERRY - 179844,LONDONDERRY,NH,102-614                  ,70  - Gas Ball Valves               ,$373,$679,($306),-45.0%,Direct
Legend,AMESBURY INDUSTRIAL SUPPLY,AMESBURY INDUSTRIAL SUPPLY - AMESBURY - 12187,AMESBURY,MA,102-615                  ,70  - Gas Ball Valves               ,$0,$177,($177),-100.0%,Direct
Legend,BETTS PLUMBING & HEATING SUPPLY #257200,BETTS PLUMBING & HEATING SUPPLY #257200 - WESTFIELD - 211651,WESTFIELD,MA,102-615                  ,70  - Gas Ball Valves               ,$99,$0,$99,,Direct
Legend,F.W. WEBB,F.W. WEBB - AUBURN - AUBURN - 50265,AUBURN,MA,102-615                  ,70  - Gas Ball Valves               ,$397,$0,$397,,Direct
Legend,F.W. WEBB,F.W. WEBB - LOWELL - LOWELL - 11664,LOWELL,MA,102-615                  ,70  - Gas Ball Valves               ,$0,$177,($177),-100.0%,Direct
Legend,METROPOLITAN PIPE & SUPPLY AD#MP10,METROPOLITAN PIPE & SUPPLY AD#MP10 - SOMERVILLE - 11013,SOMERVILLE,MA,102-615                  ,70  - Gas Ball Valves               ,$0,$295,($295),-100.0%,Direct
Legend,THE GRANITE GROUP,THE GRANITE GROUP- ADGG04 - LONDONDERRY - 179844,LONDONDERRY,NH,102-615                  ,70  - Gas Ball Valves               ,"$1,987",$0,"$1,987",,Direct
Legend,FERGUSON ENTERPRISES,FERGUSON ENT-TAUNTON #985 - TAUNTON - 2120708,TAUNTON,VA,102-616                  ,70  - Gas Ball Valves               ,$797,$296,$501,169.5%,Direct
Legend,HAJOCA,STATE SUPPLY #448 - IPSWICH - 1604946,IPSWICH,LA,102-616                  ,70  - Gas Ball Valves               ,$0,$148,($148),-100.0%,Direct
Legend,PLUMBERS' SUPPLY - MASS,PLUMBERS' SUPPLY -BEDFORD DIST #PS50 - NEW BEDFORD - 184197,NEW BEDFORD,MA,102-616                  ,70  - Gas Ball Valves               ,$126,$237,($110),-46.7%,Direct
Legend,"SEEKONK SUPPLY, INC","SEEKONK SUPPLY, INC - #106780 - PROVIDENCE - 176778",PROVIDENCE,MA,102-616                  ,70  - Gas Ball Valves               ,$166,$0,$166,,Direct
Legend,SUPPLY NEW ENGLAND,SUPPLY NEW ENGLAND #10 - AD#SN03 - UXBRIDGE - 15115,UXBRIDGE,MA,102-616                  ,70  - Gas Ball Valves               ,$199,$0,$199,,Direct
Legend,THE GRANITE GROUP,THE GRANITE GROUP- ADGG04 - LONDONDERRY - 179844,LONDONDERRY,NH,102-616                  ,70  - Gas Ball Valves               ,$797,$0,$797,,Direct
Legend,FERGUSON ENTERPRISES,FERGUSON ENT-TAUNTON #985 - TAUNTON - 2120708,TAUNTON,VA,102-617                  ,70  - Gas Ball Valves               ,$0,$212,($212),-100.0%,Direct
Legend,PLUMBERS' SUPPLY - MASS,PLUMBERS' SUPPLY -BEDFORD DIST #PS50 - NEW BEDFORD - 184197,NEW BEDFORD,MA,102-617                  ,70  - Gas Ball Valves               ,$238,$283,($45),-15.8%,Direct
Legend,THE GRANITE GROUP,THE GRANITE GROUP- ADGG04 - LONDONDERRY - 179844,LONDONDERRY,NH,102-617                  ,70  - Gas Ball Valves               ,$477,$0,$477,,Direct
Legend,FERGUSON ENTERPRISES,FERGUSON ENT-TAUNTON #985 - TAUNTON - 2120708,TAUNTON,VA,102-618                  ,70  - Gas Ball Valves               ,$0,$803,($803),-100.0%,Direct
Legend,PLUMBERS' SUPPLY - MASS,PLUMBERS' SUPPLY -BEDFORD DIST #PS50 - NEW BEDFORD - 184197,NEW BEDFORD,MA,102-618                  ,70  - Gas Ball Valves               ,$531,$0,$531,,Direct
Legend,"SEEKONK SUPPLY, INC","SEEKONK SUPPLY, INC. - #106780 - BRIDGEWATER - 308451",BRIDGEWATER,MA,102-618                  ,70  - Gas Ball Valves               ,$159,$0,$159,,Direct
Legend,SUPPLY NEW ENGLAND,SUPPLY NEW ENGLAND #09 - AD#SN03 - WARWICK - 11578,WARWICK,MA,102-618                  ,70  - Gas Ball Valves               ,$53,$0,$53,,Direct
Legend,THE GRANITE GROUP,THE GRANITE GROUP- ADGG04 - LONDONDERRY - 179844,LONDONDERRY,NH,102-618                  ,70  - Gas Ball Valves               ,$0,$378,($378),-100.0%,Direct
Legend,BENDER SUPPLY,"BENDER MANAGEMENT, INC. AD#BE81 - WATERBURY - 13933",WATERBURY,CT,102-803                  ,250 - Log Lighter Valves            ,$171,$63,$108,172.5%,Direct
Legend,PLIMPTON & HILLS,PLIMPTON & HILLS CORP -AD#PH46 - MANCHESTER - 178293,MANCHESTER,CT,102-803                  ,250 - Log Lighter Valves            ,$171,$314,($143),-45.5%,Direct
Legend,THE GRANITE GROUP,THE GRANITE GROUP- ADGG04 - LONDONDERRY - 179844,LONDONDERRY,NH,102-803                  ,250 - Log Lighter Valves            ,$34,$0,$34,,Direct
Legend,PLIMPTON & HILLS,PLIMPTON & HILLS CORP -AD#PH46 - MANCHESTER - 178293,MANCHESTER,CT,102-804                  ,250 - Log Lighter Valves            ,$98,$90,$8,9.0%,Direct
Legend,BENDER SUPPLY,"BENDER MANAGEMENT, INC. AD#BE81 - WATERBURY - 13933",WATERBURY,CT,102-813                  ,250 - Log Lighter Valves            ,$0,$62,($62),-100.0%,Direct
Legend,PLIMPTON & HILLS,PLIMPTON & HILLS CORP -AD#PH46 - MANCHESTER - 178293,MANCHESTER,CT,102-813                  ,250 - Log Lighter Valves            ,$169,$155,$14,9.0%,Direct
Legend,THE GRANITE GROUP,THE GRANITE GROUP- ADGG04 - LONDONDERRY - 179844,LONDONDERRY,NH,102-813                  ,250 - Log Lighter Valves            ,$17,$0,$17,,Direct
Legend,WINNELSON,WINSUPPLY ESSEX CT CO (#074) - ESSEX - 14076,ESSEX,CT,102-830                  ,250 - Log Lighter Valves            ,$14,$0,$14,,Direct
Legend,PLUMBERS' SUPPLY - MASS,PLUMBERS' SUPPLY -BEDFORD DIST #PS50 - NEW BEDFORD - 184197,NEW BEDFORD,MA,102-863                  ,250 - Log Lighter Valves            ,$45,$21,$24,118.0%,Direct
Legend,WINNELSON,WINSUPPLY ESSEX CT CO (#074) - ESSEX - 14076,ESSEX,CT,102-863                  ,250 - Log Lighter Valves            ,$0,$62,($62),-100.0%,Direct
Legend,WINNELSON,WINSUPPLY ESSEX CT CO (#074) - ESSEX - 14076,ESSEX,CT,102-873                  ,250 - Log Lighter Valves            ,$23,$0,$23,,Direct
Legend,M & G SUPPLY,M & G SUPPLY #246600 - WARREN - 164436,WARREN,RI,102-903                  ,71  - Economy Gas Ball Valves       ,$33,$0,$33,,Direct
Legend,WINNELSON,WINSUPPLY WAKEFIELD MA CO (#016) - WAKEFIELD - 10038,WAKEFIELD,MA,102-903                  ,71  - Economy Gas Ball Valves       ,$0,$484,($484),-100.0%,Direct
Legend,M & G SUPPLY,M & G SUPPLY #246600 - WARREN - 164436,WARREN,RI,102-904                  ,71  - Economy Gas Ball Valves       ,$121,$0,$121,,Direct
Legend,TURNPIKE PLBG & HTG #240400,TURNPIKE PLBG & HTG #240400 - OXFORD - 14784,OXFORD,MA,102-904                  ,71  - Economy Gas Ball Valves       ,$78,$0,$78,,Direct
Legend,WINNELSON,STAMFORD WINDUSTRIAL CO (#095) - STAMFORD - 179970,STAMFORD,CT,102-904                  ,71  - Economy Gas Ball Valves       ,$0,$136,($136),-100.0%,Direct
Legend,WINNELSON,WINSUPPLY WAKEFIELD MA CO (#016) - WAKEFIELD - 10038,WAKEFIELD,MA,102-904                  ,71  - Economy Gas Ball Valves       ,$0,$499,($499),-100.0%,Direct
Legend,WINNELSON,WINSUPPLY WAKEFIELD MA CO (#016) - WAKEFIELD - 10038,WAKEFIELD,MA,102-905                  ,71  - Economy Gas Ball Valves       ,$0,$245,($245),-100.0%,Direct
Legend,"TEK MAHONY FITTINGS, INC.","TEK MAHONY FITTINGS, INC. - EAST WINDSOR - 12053",EAST WINDSOR,CT,104-301                  ,100 - Brass Gate Valves             ,$0,$39,($39),-100.0%,Direct
Legend,"TEK MAHONY FITTINGS, INC.","TEK MAHONY FITTINGS, INC. - EAST WINDSOR - 12053",EAST WINDSOR,CT,104-302                  ,100 - Brass Gate Valves             ,$0,$38,($38),-100.0%,Direct
Legend,REPUBLIC PLUMBING SUPPLY,REPUBLIC PLUMBING SUPPLY #109250 - NORWOOD - 11341,NORWOOD,MA,104-304                  ,100 - Brass Gate Valves             ,$0,$17,($17),-100.0%,Direct
Legend,AMESBURY INDUSTRIAL SUPPLY,AMESBURY INDUSTRIAL SUPPLY - AMESBURY - 12187,AMESBURY,MA,104-307                  ,100 - Brass Gate Valves             ,$0,$45,($45),-100.0%,Direct
Legend,"B.E. CROWLEY, INC. - #219000","B.E. CROWLEY, INC. - #219000 - SPRINGFIELD - 179571",SPRINGFIELD,MA,104-307NL                ,100 - Brass Gate Valves             ,$73,$0,$73,,Direct
Legend,"B.E. CROWLEY, INC. - #219000","B.E. CROWLEY, INC. - #219000 - SPRINGFIELD - 179571",SPRINGFIELD,MA,104-308NL                ,100 - Brass Gate Valves             ,$115,$0,$115,,Direct
Legend,"TEK MAHONY FITTINGS, INC.","TEK MAHONY FITTINGS, INC. - EAST WINDSOR - 12053",EAST WINDSOR,CT,104-308NL                ,100 - Brass Gate Valves             ,$0,$47,($47),-100.0%,Direct
Legend,"B.E. CROWLEY, INC. - #219000","B.E. CROWLEY, INC. - #219000 - SPRINGFIELD - 179571",SPRINGFIELD,MA,104-309                  ,100 - Brass Gate Valves             ,$96,$0,$96,,Direct
Legend,"B.E. CROWLEY, INC. - #219000","B.E. CROWLEY, INC. - #219000 - SPRINGFIELD - 179571",SPRINGFIELD,MA,104-310                  ,100 - Brass Gate Valves             ,$125,$0,$125,,Direct
Legend,F.W. WEBB,F.W. WEBB - WINDHAM - WINDHAM - 2121330,WINDHAM,ME,104-415                  ,100 - Brass Gate Valves             ,$0,$14,($14),-100.0%,Direct
Legend,PLUMBERS' SUPPLY - MASS,PLUMBERS' SUPPLY -BEDFORD DIST #PS50 - NEW BEDFORD - 184197,NEW BEDFORD,MA,104-464NL                ,100 - Brass Gate Valves             ,$20,$0,$20,,Direct
Legend,PLUMBERS' SUPPLY - MASS,PLUMBERS' SUPPLY -BEDFORD DIST #PS50 - NEW BEDFORD - 184197,NEW BEDFORD,MA,104-465NL                ,100 - Brass Gate Valves             ,$27,$0,$27,,Direct
Legend,PLUMBERS' SUPPLY - MASS,PLUMBERS' SUPPLY -BEDFORD DIST #PS50 - NEW BEDFORD - 184197,NEW BEDFORD,MA,104-466NL                ,100 - Brass Gate Valves             ,$0,$16,($16),-100.0%,Direct
Legend,"B.E. CROWLEY, INC. - #219000","B.E. CROWLEY, INC. - #219000 - SPRINGFIELD - 179571",SPRINGFIELD,MA,104-501                  ,90  - Bronze Gate Valves            ,$0,$86,($86),-100.0%,Direct
Legend,"B.E. CROWLEY, INC. - #219000","B.E. CROWLEY, INC. - #219000 - SPRINGFIELD - 179571",SPRINGFIELD,MA,104-502                  ,90  - Bronze Gate Valves            ,$0,$81,($81),-100.0%,Direct
Legend,PARK CITY VALVE & FITTING,PARK CITY VALVE & FITTING - BRIDGEPORT - 180459,BRIDGEPORT,CT,104-503                  ,90  - Bronze Gate Valves            ,$0,$19,($19),-100.0%,Direct
Legend,PARK CITY VALVE & FITTING,PARK CITY VALVE & FITTING - BRIDGEPORT - 180459,BRIDGEPORT,CT,104-504                  ,90  - Bronze Gate Valves            ,$0,$27,($27),-100.0%,Direct
Legend,PARK CITY VALVE & FITTING,PARK CITY VALVE & FITTING - BRIDGEPORT - 180459,BRIDGEPORT,CT,104-505                  ,90  - Bronze Gate Valves            ,$0,$39,($39),-100.0%,Direct
Legend,PARK CITY VALVE & FITTING,PARK CITY VALVE & FITTING - BRIDGEPORT - 180459,BRIDGEPORT,CT,104-506                  ,90  - Bronze Gate Valves            ,$0,$60,($60),-100.0%,Direct
Legend,PARK CITY VALVE & FITTING,PARK CITY VALVE & FITTING - BRIDGEPORT - 180459,BRIDGEPORT,CT,104-507                  ,90  - Bronze Gate Valves            ,$0,$75,($75),-100.0%,Direct
Legend,PARK CITY VALVE & FITTING,PARK CITY VALVE & FITTING - BRIDGEPORT - 180459,BRIDGEPORT,CT,104-508                  ,90  - Bronze Gate Valves            ,$0,$115,($115),-100.0%,Direct
Legend,"B.E. CROWLEY, INC. - #219000","B.E. CROWLEY, INC. - #219000 - SPRINGFIELD - 179571",SPRINGFIELD,MA,104-613                  ,90  - Bronze Gate Valves            ,$0,$89,($89),-100.0%,Direct
Legend,"B.E. CROWLEY, INC. - #219000","B.E. CROWLEY, INC. - #219000 - SPRINGFIELD - 179571",SPRINGFIELD,MA,104-614                  ,90  - Bronze Gate Valves            ,$251,$0,$251,,Direct
Legend,"B.E. CROWLEY, INC. - #219000","B.E. CROWLEY, INC. - #219000 - SPRINGFIELD - 179571",SPRINGFIELD,MA,104-615                  ,90  - Bronze Gate Valves            ,$121,$0,$121,,Direct
Legend,"B.E. CROWLEY, INC. - #219000","B.E. CROWLEY, INC. - #219000 - SPRINGFIELD - 179571",SPRINGFIELD,MA,104-616                  ,90  - Bronze Gate Valves            ,$217,$0,$217,,Direct
Legend,"B.E. CROWLEY, INC. - #219000","B.E. CROWLEY, INC. - #219000 - SPRINGFIELD - 179571",SPRINGFIELD,MA,104-617                  ,90  - Bronze Gate Valves            ,$145,$0,$145,,Direct
Legend,"B.E. CROWLEY, INC. - #219000","B.E. CROWLEY, INC. - #219000 - SPRINGFIELD - 179571",SPRINGFIELD,MA,104-618                  ,90  - Bronze Gate Valves            ,$625,$0,$625,,Direct
Legend,"SEEKONK SUPPLY, INC","SEEKONK SUPPLY, INC - #106780 - PROVIDENCE - 176778",PROVIDENCE,MA,104-708NL                ,100 - Brass Gate Valves             ,$0,$77,($77),-100.0%,Direct
Legend,HAJOCA,BLODGETT SUPPLY (#437) - WILLISTON - 1214658,WILLISTON,LA,105-003NL                ,120 - Check Valves                  ,$33,$0,$33,,Direct
Legend,PLUMBERS' SUPPLY - MASS,PLUMBERS' SUPPLY -BEDFORD DIST #PS50 - NEW BEDFORD - 184197,NEW BEDFORD,MA,105-003NL                ,120 - Check Valves                  ,$17,$0,$17,,Direct
Legend,REPUBLIC PLUMBING SUPPLY,REPUBLIC PLUMBING SUPPLY #109250 - FOXBORO - 2126102,FOXBORO,MA,105-003NL                ,120 - Check Valves                  ,$83,$0,$83,,Direct
Legend,REPUBLIC PLUMBING SUPPLY,REPUBLIC PLUMBING SUPPLY #109250 - NORWOOD - 11341,NORWOOD,MA,105-003NL                ,120 - Check Valves                  ,$0,$65,($65),-100.0%,Direct
Legend,"SEEKONK SUPPLY, INC","SEEKONK SUPPLY, INC - #106780 - PROVIDENCE - 176778",PROVIDENCE,MA,105-003NL                ,120 - Check Valves                  ,$33,$13,$20,153.1%,Direct
Legend,"SEEKONK SUPPLY, INC","SEEKONK SUPPLY, INC. - #106780 - REHOBOTH - 2118882",REHOBOTH,MA,105-003NL                ,120 - Check Valves                  ,$33,$0,$33,,Direct
Legend,SMITHFIELD PLUMBING & HEATING,SMITHFIELD PLUMBING & HEATING #104860 - TWIN MOUNTAIN - 179862,TWIN MOUNTAIN,RI,105-003NL                ,120 - Check Valves                  ,$33,$0,$33,,Direct
Legend,WINNELSON,WINSUPPLY - PLYMOUTH-#085 - PLYMOUTH - 187363,PLYMOUTH,MA,105-003NL                ,120 - Check Valves                  ,$0,$7,($7),-100.0%,Direct
Legend,WINNELSON,WINSUPPLY BRISTOL CO (#079) - BRISTOL - 10176,BRISTOL,CT,105-003NL                ,120 - Check Valves                  ,$0,$41,($41),-100.0%,Direct
Legend,ACE PLUMBING SUPPLY- #257600,ACE PLUMBING SUPPLY- #257600 - BOSTON - 10036,BOSTON,MA,105-004NL                ,120 - Check Valves                  ,$46,$0,$46,,Direct
Legend,HAJOCA,BLODGETT SUPPLY (#437) - WILLISTON - 1214658,WILLISTON,LA,105-004NL                ,120 - Check Valves                  ,$43,$0,$43,,Direct
Legend,M & G SUPPLY,M & G SUPPLY #246600 - WARREN - 164436,WARREN,RI,105-004NL                ,120 - Check Valves                  ,$43,$34,$9,26.5%,Direct
Legend,REPUBLIC PLUMBING SUPPLY,REPUBLIC PLUMBING SUPPLY #109250 - FOXBORO - 2126102,FOXBORO,MA,105-004NL                ,120 - Check Valves                  ,$182,$0,$182,,Direct
Legend,REPUBLIC PLUMBING SUPPLY,REPUBLIC PLUMBING SUPPLY #109250 - NORWOOD - 11341,NORWOOD,MA,105-004NL                ,120 - Check Valves                  ,$0,$240,($240),-100.0%,Direct
Legend,"SEEKONK SUPPLY, INC","SEEKONK SUPPLY, INC - #106780 - PROVIDENCE - 176778",PROVIDENCE,MA,105-004NL                ,120 - Check Valves                  ,$0,$51,($51),-100.0%,Direct
Legend,"SEEKONK SUPPLY, INC","SEEKONK SUPPLY, INC. - #106780 - ATTLEBORO FALLS - 183219",ATTLEBORO FALLS,MA,105-004NL                ,120 - Check Valves                  ,$0,$86,($86),-100.0%,Direct
Legend,"SEEKONK SUPPLY, INC","SEEKONK SUPPLY, INC. - #106780 - REHOBOTH - 2118882",REHOBOTH,MA,105-004NL                ,120 - Check Valves                  ,$65,$0,$65,,Direct
Legend,ACE PLUMBING SUPPLY- #257600,ACE PLUMBING SUPPLY- #257600 - BOSTON - 10036,BOSTON,MA,105-005NL                ,120 - Check Valves                  ,$32,$0,$32,,Direct
Legend,HAJOCA,BLODGETT SUPPLY (#437) - WILLISTON - 1214658,WILLISTON,LA,105-005NL                ,120 - Check Valves                  ,$61,$0,$61,,Direct
Legend,M & G SUPPLY,M & G SUPPLY #246600 - EAST PROVIDENCE - 11021,EAST PROVIDENCE,RI,105-005NL                ,120 - Check Valves                  ,$30,$0,$30,,Direct
Legend,PLUMBERS' SUPPLY - MASS,PLUMBERS' SUPPLY -BEDFORD DIST #PS50 - NEW BEDFORD - 184197,NEW BEDFORD,MA,105-005NL                ,120 - Check Valves                  ,$70,$0,$70,,Direct
Legend,REPUBLIC PLUMBING SUPPLY,REPUBLIC PLUMBING SUPPLY #109250 - NORWOOD - 11341,NORWOOD,MA,105-005NL                ,120 - Check Valves                  ,$0,$69,($69),-100.0%,Direct
Legend,PLUMBERS' SUPPLY - MASS,PLUMBERS' SUPPLY -BEDFORD DIST #PS50 - NEW BEDFORD - 184197,NEW BEDFORD,MA,105-006NL                ,120 - Check Valves                  ,$0,$84,($84),-100.0%,Direct
Legend,REPUBLIC PLUMBING SUPPLY,REPUBLIC PLUMBING SUPPLY #109250 - FOXBORO - 2126102,FOXBORO,MA,105-006NL                ,120 - Check Valves                  ,$106,$0,$106,,Direct
Legend,REPUBLIC PLUMBING SUPPLY,REPUBLIC PLUMBING SUPPLY #109250 - NORWOOD - 11341,NORWOOD,MA,105-006NL                ,120 - Check Valves                  ,$0,$21,($21),-100.0%,Direct
Legend,REPUBLIC PLUMBING SUPPLY,REPUBLIC PLUMBING SUPPLY #109250 - FOXBORO - 2126102,FOXBORO,MA,105-007NL                ,120 - Check Valves                  ,$389,$0,$389,,Direct
Legend,"SEEKONK SUPPLY, INC","SEEKONK SUPPLY, INC. - #106780 - REHOBOTH - 2118882",REHOBOTH,MA,105-007NL                ,120 - Check Valves                  ,$59,$0,$59,,Direct
Legend,PLUMBERS' SUPPLY - MASS,PLUMBERS' SUPPLY -BEDFORD DIST #PS50 - NEW BEDFORD - 184197,NEW BEDFORD,MA,105-008NL                ,120 - Check Valves                  ,$0,$100,($100),-100.0%,Direct
Legend,REPUBLIC PLUMBING SUPPLY,REPUBLIC PLUMBING SUPPLY #109250 - NORWOOD - 11341,NORWOOD,MA,105-008NL                ,120 - Check Valves                  ,$0,$50,($50),-100.0%,Direct
Legend,AMESBURY INDUSTRIAL SUPPLY,AMESBURY INDUSTRIAL SUPPLY - AMESBURY - 12187,AMESBURY,MA,105-103                  ,120 - Check Valves                  ,$0,$15,($15),-100.0%,Direct
Legend,"B.E. CROWLEY, INC. - #219000","B.E. CROWLEY, INC. - #219000 - SPRINGFIELD - 179571",SPRINGFIELD,MA,105-103                  ,120 - Check Valves                  ,$66,$0,$66,,Direct
Legend,HAJOCA,STATE SUPPLY #448 - IPSWICH - 1604946,IPSWICH,LA,105-103                  ,120 - Check Valves                  ,$0,$15,($15),-100.0%,Direct
Legend,"APPALACHIAN SUPPLY, INC. - #228800","APPALACHIAN SUPPLY, INC. - #228800 - SAINT JOHNSBURY - 16328",SAINT JOHNSBURY,VT,105-103NL                ,120 - Check Valves                  ,$0,$47,($47),-100.0%,Direct
Legend,M & G SUPPLY,M & G SUPPLY #246600 - WARREN - 164436,WARREN,RI,105-103NL                ,120 - Check Valves                  ,$29,$0,$29,,Direct
Legend,PLUMBERS' SUPPLY - MASS,PLUMBERS' SUPPLY -BEDFORD DIST #PS50 - NEW BEDFORD - 184197,NEW BEDFORD,MA,105-103NL                ,120 - Check Valves                  ,$10,$0,$10,,Direct
Legend,AMESBURY INDUSTRIAL SUPPLY,AMESBURY INDUSTRIAL SUPPLY - AMESBURY - 12187,AMESBURY,MA,105-104                  ,120 - Check Valves                  ,$0,$54,($54),-100.0%,Direct
Legend,"APPALACHIAN SUPPLY, INC. - #228800","APPALACHIAN SUPPLY, INC. - #228800 - SAINT JOHNSBURY - 16328",SAINT JOHNSBURY,VT,105-104NL                ,120 - Check Valves                  ,$0,$56,($56),-100.0%,Direct
Legend,BENDER SUPPLY,"BENDER MANAGEMENT, INC. AD#BE81 - HARTFORD - 16146",HARTFORD,CT,105-104NL                ,120 - Check Valves                  ,$0,$37,($37),-100.0%,Direct
Legend,BENDER SUPPLY,"BENDER MANAGEMENT, INC. AD#BE81 - NEW HAVEN - 15530",NEW HAVEN,CT,105-104NL                ,120 - Check Valves                  ,$23,$0,$23,,Direct
Legend,BENDER SUPPLY,"BENDER MANAGEMENT, INC. AD#BE81 - WATERBURY - 13933",WATERBURY,CT,105-104NL                ,120 - Check Valves                  ,$35,$19,$16,85.9%,Direct
Legend,M & G SUPPLY,M & G SUPPLY #246600 - WARREN - 164436,WARREN,RI,105-104NL                ,120 - Check Valves                  ,$0,$19,($19),-100.0%,Direct
Legend,REPUBLIC PLUMBING SUPPLY,REPUBLIC PLUMBING SUPPLY #109250 - FOXBORO - 2126102,FOXBORO,MA,105-104NL                ,120 - Check Valves                  ,$347,$0,$347,,Direct
Legend,WINNELSON,WINSUPPLY MANCHESTER CT CO (#071) - MANCHESTER - 10933,MANCHESTER,CT,105-104NL                ,120 - Check Valves                  ,$0,$28,($28),-100.0%,Direct
Legend,WINNELSON,WINSUPPLY WAKEFIELD MA CO (#016) - WAKEFIELD - 10038,WAKEFIELD,MA,105-104NL                ,120 - Check Valves                  ,$52,$0,$52,,Direct
Legend,REPUBLIC PLUMBING SUPPLY,REPUBLIC PLUMBING SUPPLY #109250 - FOXBORO - 2126102,FOXBORO,MA,105-105NL                ,120 - Check Valves                  ,$233,$0,$233,,Direct
Legend,WINNELSON,WINSUPPLY - FALL RIVER-#068 - FALL RIVER - 15001,FALL RIVER,MA,105-105NL                ,120 - Check Valves                  ,$0,$38,($38),-100.0%,Direct
Legend,"B.E. CROWLEY, INC. - #219000","B.E. CROWLEY, INC. - #219000 - SPRINGFIELD - 179571",SPRINGFIELD,MA,105-106NL                ,120 - Check Valves                  ,$57,$0,$57,,Direct
Legend,FERGUSON ENTERPRISES,INDEPENDENT PIPE & SUPPLY  #2272 - CANTON - 12609,CANTON,VA,105-106NL                ,120 - Check Valves                  ,"$1,228",$0,"$1,228",,Direct
Legend,M & G SUPPLY,M & G SUPPLY #246600 - EAST PROVIDENCE - 11021,EAST PROVIDENCE,RI,105-106NL                ,120 - Check Valves                  ,$51,$0,$51,,Direct
Legend,REPUBLIC PLUMBING SUPPLY,REPUBLIC PLUMBING SUPPLY #109250 - FOXBORO - 2126102,FOXBORO,MA,105-106NL                ,120 - Check Valves                  ,$128,$0,$128,,Direct
Legend,FERGUSON ENTERPRISES,INDEPENDENT PIPE & SUPPLY  #2272 - CANTON - 12609,CANTON,VA,105-107NL                ,120 - Check Valves                  ,$111,$0,$111,,Direct
Legend,REPUBLIC PLUMBING SUPPLY,REPUBLIC PLUMBING SUPPLY #109250 - NORWOOD - 11341,NORWOOD,MA,105-107NL                ,120 - Check Valves                  ,$0,$89,($89),-100.0%,Direct
Legend,SUPPLY NEW ENGLAND,SUPPLY NEW ENGLAND #01 - AD#SN03 - WEST YARMOUTH - 10246,WEST YARMOUTH,MA,105-107NL                ,120 - Check Valves                  ,$35,$0,$35,,Direct
Legend,"B.E. CROWLEY, INC. - #219000","B.E. CROWLEY, INC. - #219000 - SPRINGFIELD - 179571",SPRINGFIELD,MA,105-108                  ,120 - Check Valves                  ,$74,$0,$74,,Direct
Legend,"WIT-WAY SUPPLY, INC","WIT-WAY SUPPLY, INC. - ROCHESTER - 12060",ROCHESTER,NH,105-108                  ,120 - Check Valves                  ,$70,$0,$70,,Direct
Legend,"B.E. CROWLEY, INC. - #219000","B.E. CROWLEY, INC. - #219000 - SPRINGFIELD - 179571",SPRINGFIELD,MA,105-108NL                ,120 - Check Valves                  ,$108,$0,$108,,Direct
Legend,FERGUSON ENTERPRISES,FERGUSON WATERWORKS #1985 - WORCESTER - 2126149,WORCESTER,VA,105-108NL                ,120 - Check Valves                  ,$271,$0,$271,,Direct
Legend,REPUBLIC PLUMBING SUPPLY,REPUBLIC PLUMBING SUPPLY #109250 - FOXBORO - 2126102,FOXBORO,MA,105-108NL                ,120 - Check Valves                  ,$262,$0,$262,,Direct
Legend,REPUBLIC PLUMBING SUPPLY,REPUBLIC PLUMBING SUPPLY #109250 - NORWOOD - 11341,NORWOOD,MA,105-108NL                ,120 - Check Valves                  ,$0,$45,($45),-100.0%,Direct
Legend,"B.E. CROWLEY, INC. - #219000","B.E. CROWLEY, INC. - #219000 - SPRINGFIELD - 179571",SPRINGFIELD,MA,105-109                  ,120 - Check Valves                  ,$142,$0,$142,,Direct
Legend,"B.E. CROWLEY, INC. - #219000","B.E. CROWLEY, INC. - #219000 - SPRINGFIELD - 179571",SPRINGFIELD,MA,105-109NL                ,120 - Check Valves                  ,$205,$0,$205,,Direct
Legend,FERGUSON ENTERPRISES,INDEPENDENT PIPE & SUPPLY  #2272 - CANTON - 12609,CANTON,VA,105-109NL                ,120 - Check Valves                  ,$411,$0,$411,,Direct
Legend,"B.E. CROWLEY, INC. - #219000","B.E. CROWLEY, INC. - #219000 - SPRINGFIELD - 179571",SPRINGFIELD,MA,105-110                  ,120 - Check Valves                  ,$95,$0,$95,,Direct
Legend,"TEK MAHONY FITTINGS, INC.","TEK MAHONY FITTINGS, INC. - EAST WINDSOR - 12053",EAST WINDSOR,CT,105-110                  ,120 - Check Valves                  ,$0,$152,($152),-100.0%,Direct
Legend,FERGUSON ENTERPRISES,INDEPENDENT PIPE & SUPPLY  #2272 - CANTON - 12609,CANTON,VA,105-110NL                ,120 - Check Valves                  ,"$1,409",$0,"$1,409",,Direct
Legend,FERGUSON ENTERPRISES,INDEPENDENT PIPE & SUPPLY #2274 - WINDSOR - 1107050,WINDSOR,MA,105-111NL                ,120 - Check Valves                  ,$0,"$1,029","($1,029)",-100.0%,Direct
Legend,HAJOCA,BLODGETT SUPPLY (#437) - WILLISTON - 1214658,WILLISTON,LA,105-204NL                ,120 - Check Valves                  ,$35,$0,$35,,Direct
Legend,M & G SUPPLY,M & G SUPPLY #246600 - EAST PROVIDENCE - 11021,EAST PROVIDENCE,RI,105-204NL                ,120 - Check Valves                  ,$23,$0,$23,,Direct
Legend,REPUBLIC PLUMBING SUPPLY,REPUBLIC PLUMBING SUPPLY #109250 - FOXBORO - 2126102,FOXBORO,MA,105-204NL                ,120 - Check Valves                  ,$150,$0,$150,,Direct
Legend,SUPPLY NEW ENGLAND,SUPPLY NEW ENGLAND #10 - AD#SN03 - UXBRIDGE - 15115,UXBRIDGE,MA,105-205NL                ,120 - Check Valves                  ,$186,$0,$186,,Direct
Legend,BENDER SUPPLY,"BENDER MANAGEMENT, INC. AD#BE81 - NEW HAVEN - 15530",NEW HAVEN,CT,105-207NL                ,120 - Check Valves                  ,$70,$0,$70,,Direct
Legend,REPUBLIC PLUMBING SUPPLY,REPUBLIC PLUMBING SUPPLY #109250 - FOXBORO - 2126102,FOXBORO,MA,105-207NL                ,120 - Check Valves                  ,$349,$0,$349,,Direct
Legend,REPUBLIC PLUMBING SUPPLY,REPUBLIC PLUMBING SUPPLY #109250 - NORWOOD - 11341,NORWOOD,MA,105-207NL                ,120 - Check Valves                  ,$0,$237,($237),-100.0%,Direct
Legend,WINNELSON,WINSUPPLY WAKEFIELD MA CO (#016) - WAKEFIELD - 10038,WAKEFIELD,MA,105-207NL                ,120 - Check Valves                  ,$0,$59,($59),-100.0%,Direct
Legend,WINNELSON,NEW HAVEN WINDUSTRIAL SUPPLY CO (#081) - NORTH HAVEN - 12438,NORTH HAVEN,CT,105-208                  ,120 - Check Valves                  ,$0,$30,($30),-100.0%,Direct
Legend,REPUBLIC PLUMBING SUPPLY,REPUBLIC PLUMBING SUPPLY #109250 - FOXBORO - 2126102,FOXBORO,MA,105-208NL                ,120 - Check Valves                  ,$157,$0,$157,,Direct
Legend,WINNELSON,NEW HAVEN WINDUSTRIAL SUPPLY CO (#081) - NORTH HAVEN - 12438,NORTH HAVEN,CT,105-208NL                ,120 - Check Valves                  ,$0,$45,($45),-100.0%,Direct
Legend,WINNELSON,WINSUPPLY WAKEFIELD MA CO (#016) - WAKEFIELD - 10038,WAKEFIELD,MA,105-208NL                ,120 - Check Valves                  ,$0,$45,($45),-100.0%,Direct
Legend,PARK CITY VALVE & FITTING,PARK CITY VALVE & FITTING - BRIDGEPORT - 180459,BRIDGEPORT,CT,105-303                  ,120 - Check Valves                  ,$0,$20,($20),-100.0%,Direct
Legend,ACE PLUMBING SUPPLY- #257600,ACE PLUMBING SUPPLY- #257600 - BOSTON - 10036,BOSTON,MA,105-303NL                ,120 - Check Valves                  ,$30,$0,$30,,Direct
Legend,ACE PLUMBING SUPPLY- #257600,ACE PLUMBING SUPPLY- #257600 - BOSTON - 10036,BOSTON,MA,105-304NL                ,120 - Check Valves                  ,$45,$0,$45,,Direct
Legend,"JOMAR DISTRIBUTORS, INC","JOMAR DISTRIBUTORS, INC. - #BH4460 - TAUNTON - 1926943",TAUNTON,MA,105-304NL                ,120 - Check Valves                  ,$223,$0,$223,,Direct
Legend,PARK CITY VALVE & FITTING,PARK CITY VALVE & FITTING - BRIDGEPORT - 180459,BRIDGEPORT,CT,105-305                  ,120 - Check Valves                  ,$0,$43,($43),-100.0%,Direct
Legend,PARK CITY VALVE & FITTING,PARK CITY VALVE & FITTING - BRIDGEPORT - 180459,BRIDGEPORT,CT,105-306                  ,120 - Check Valves                  ,$0,$31,($31),-100.0%,Direct
Legend,"B.E. CROWLEY, INC. - #219000","B.E. CROWLEY, INC. - #219000 - SPRINGFIELD - 179571",SPRINGFIELD,MA,105-307                  ,120 - Check Valves                  ,$105,$0,$105,,Direct
Legend,"B.E. CROWLEY, INC. - #219000","B.E. CROWLEY, INC. - #219000 - SPRINGFIELD - 179571",SPRINGFIELD,MA,105-308                  ,120 - Check Valves                  ,$159,$135,$24,17.7%,Direct
Legend,PARK CITY VALVE & FITTING,PARK CITY VALVE & FITTING - BRIDGEPORT - 180459,BRIDGEPORT,CT,105-308                  ,120 - Check Valves                  ,$0,$68,($68),-100.0%,Direct
Legend,ECONOMY PLBG. & HTG. #105710,ECONOMY PLBG. & HTG. #105710 - MATTAPAN - 14207,MATTAPAN,MA,105-423NL                ,122 - In-Line Check Valves          ,$234,$0,$234,,Direct
Legend,NORTH SHORE HEATING SUPPLY,NORTH SHORE HEATING SUPPLY - LYNN - 13378,LYNN,MA,105-423NL                ,122 - In-Line Check Valves          ,$29,$0,$29,,Direct
Legend,"SEEKONK SUPPLY, INC","SEEKONK SUPPLY, INC - #106780 - PROVIDENCE - 176778",PROVIDENCE,MA,105-423NL                ,122 - In-Line Check Valves          ,$29,$0,$29,,Direct
Legend,"SEEKONK SUPPLY, INC","SEEKONK SUPPLY, INC. - #106780 - REHOBOTH - 2118882",REHOBOTH,MA,105-423NL                ,122 - In-Line Check Valves          ,$20,$0,$20,,Direct
Legend,FERGUSON ENTERPRISES,INDEPENDENT PIPE & SUPPLY #2273 - EAST PROVIDENCE - 15842,EAST PROVIDENCE,MA,105-424NL                ,122 - In-Line Check Valves          ,$0,$102,($102),-100.0%,Direct
Legend,NORTH SHORE HEATING SUPPLY,NORTH SHORE HEATING SUPPLY - LYNN - 13378,LYNN,MA,105-424NL                ,122 - In-Line Check Valves          ,$39,$0,$39,,Direct
Legend,PLUMBERS' SUPPLY - MASS,PLUMBERS' SUPPLY -BEDFORD DIST #PS50 - NEW BEDFORD - 184197,NEW BEDFORD,MA,105-424NL                ,122 - In-Line Check Valves          ,$52,$0,$52,,Direct
Legend,"SEEKONK SUPPLY, INC","SEEKONK SUPPLY, INC - #106780 - PROVIDENCE - 176778",PROVIDENCE,MA,105-424NL                ,122 - In-Line Check Valves          ,$0,$31,($31),-100.0%,Direct
Legend,"SEEKONK SUPPLY, INC","SEEKONK SUPPLY, INC. - #106780 - ATTLEBORO FALLS - 183219",ATTLEBORO FALLS,MA,105-424NL                ,122 - In-Line Check Valves          ,$0,$61,($61),-100.0%,Direct
Legend,"SEEKONK SUPPLY, INC","SEEKONK SUPPLY, INC. - #106780 - REHOBOTH - 2118882",REHOBOTH,MA,105-424NL                ,122 - In-Line Check Valves          ,$26,$20,$5,26.5%,Direct
Legend,AMESBURY INDUSTRIAL SUPPLY,AMESBURY INDUSTRIAL SUPPLY - AMESBURY - 12187,AMESBURY,MA,105-425NL                ,122 - In-Line Check Valves          ,$0,$38,($38),-100.0%,Direct
Legend,M & G SUPPLY,M & G SUPPLY #246600 - EAST PROVIDENCE - 11021,EAST PROVIDENCE,RI,105-425NL                ,122 - In-Line Check Valves          ,$32,$0,$32,,Direct
Legend,M & G SUPPLY,M & G SUPPLY #246600 - WARREN - 164436,WARREN,RI,105-425NL                ,122 - In-Line Check Valves          ,$48,$0,$48,,Direct
Legend,NORTH SHORE HEATING SUPPLY,NORTH SHORE HEATING SUPPLY - LYNN - 13378,LYNN,MA,105-425NL                ,122 - In-Line Check Valves          ,$48,$0,$48,,Direct
Legend,PLUMBERS' SUPPLY - MASS,PLUMBERS' SUPPLY -BEDFORD DIST #PS50 - NEW BEDFORD - 184197,NEW BEDFORD,MA,105-425NL                ,122 - In-Line Check Valves          ,$127,$0,$127,,Direct
Legend,FERGUSON ENTERPRISES,INDEPENDENT PIPE & SUPPLY #2275 - MANCHESTER - 158044,MANCHESTER,MA,105-426NL                ,122 - In-Line Check Valves          ,$0,$104,($104),-100.0%,Direct
Legend,"SEEKONK SUPPLY, INC","SEEKONK SUPPLY, INC - #106780 - PROVIDENCE - 176778",PROVIDENCE,MA,105-426NL                ,122 - In-Line Check Valves          ,$52,$0,$52,,Direct
Legend,"SEEKONK SUPPLY, INC","SEEKONK SUPPLY, INC. - #106780 - REHOBOTH - 2118882",REHOBOTH,MA,105-426NL                ,122 - In-Line Check Valves          ,$79,$41,$37,89.7%,Direct
Legend,AMESBURY INDUSTRIAL SUPPLY,AMESBURY INDUSTRIAL SUPPLY - AMESBURY - 12187,AMESBURY,MA,105-428NL                ,122 - In-Line Check Valves          ,$0,$53,($53),-100.0%,Direct
Legend,"SEEKONK SUPPLY, INC","SEEKONK SUPPLY, INC - #106780 - PROVIDENCE - 176778",PROVIDENCE,MA,105-428NL                ,122 - In-Line Check Valves          ,$67,$0,$67,,Direct
Legend,FERGUSON ENTERPRISES,INDEPENDENT PIPE & SUPPLY #2275 - MANCHESTER - 158044,MANCHESTER,MA,105-430NL                ,122 - In-Line Check Valves          ,$0,$152,($152),-100.0%,Direct
Legend,PLUMBERS' SUPPLY - MASS,CAPCO ENERGY SUPPLY #PS50 - WOBURN - 13434,WOBURN,MA,105-430NL                ,122 - In-Line Check Valves          ,$0,$303,($303),-100.0%,Direct
Legend,M & G SUPPLY,M & G SUPPLY #246600 - WARREN - 164436,WARREN,RI,105-443NL                ,122 - In-Line Check Valves          ,$0,$42,($42),-100.0%,Direct
Legend,M & G SUPPLY,M & G SUPPLY #246600 - WARREN - 164436,WARREN,RI,105-445                  ,122 - In-Line Check Valves          ,$54,$0,$54,,Direct
Legend,ACE PLUMBING SUPPLY- #257600,ACE PLUMBING SUPPLY- #257600 - BOSTON - 10036,BOSTON,MA,105-445NL                ,122 - In-Line Check Valves          ,$32,$0,$32,,Direct
Legend,"SEEKONK SUPPLY, INC","SEEKONK SUPPLY, INC - #106780 - FALL RIVER - 11378",FALL RIVER,MA,105-453NL                ,122 - In-Line Check Valves          ,$0,$25,($25),-100.0%,Direct
Legend,"SEEKONK SUPPLY, INC","SEEKONK SUPPLY, INC - #106780 - PROVIDENCE - 176778",PROVIDENCE,MA,105-453NL                ,122 - In-Line Check Valves          ,$52,$0,$52,,Direct
Legend,"SEEKONK SUPPLY, INC","SEEKONK SUPPLY, INC. - #106780 - ATTLEBORO FALLS - 183219",ATTLEBORO FALLS,MA,105-453NL                ,122 - In-Line Check Valves          ,$0,$41,($41),-100.0%,Direct
Legend,SMITHFIELD PLUMBING & HEATING,SMITHFIELD PLUMBING & HEATING #104860 - GREENVILLE - 11383,GREENVILLE,RI,105-453NL                ,122 - In-Line Check Valves          ,$104,$0,$104,,Direct
Legend,SMITHFIELD PLUMBING & HEATING,SMITHFIELD PLUMBING & HEATING #104860 - TWIN MOUNTAIN - 179862,TWIN MOUNTAIN,RI,105-453NL                ,122 - In-Line Check Valves          ,$10,$8,$2,26.6%,Direct
Legend,WINNELSON,WINSUPPLY - FALL RIVER-#068 - FALL RIVER - 15001,FALL RIVER,MA,105-453NL                ,122 - In-Line Check Valves          ,$0,$16,($16),-100.0%,Direct
Legend,BETTS PLUMBING & HEATING SUPPLY #257200,BETTS PLUMBING & HEATING SUPPLY #257200 - WESTFIELD - 211651,WESTFIELD,MA,105-454NL                ,122 - In-Line Check Valves          ,$25,$0,$25,,Direct
Legend,J.D.M. SUPPLY,J.D.M. SUPPLY - MAPLEVILLE - 15647,MAPLEVILLE,RI,105-454NL                ,122 - In-Line Check Valves          ,$0,$76,($76),-100.0%,Direct
Legend,MASSACHUSETTS CONTROL CENTER,MASSACHUSETTS CONTROL CENTER - ARLINGTON - 11030,ARLINGTON,MA,105-454NL                ,122 - In-Line Check Valves          ,$253,$0,$253,,Direct
Legend,"SEEKONK SUPPLY, INC","SEEKONK SUPPLY, INC - #106780 - PROVIDENCE - 176778",PROVIDENCE,MA,105-454NL                ,122 - In-Line Check Valves          ,$164,$0,$164,,Direct
Legend,"SEEKONK SUPPLY, INC","SEEKONK SUPPLY, INC. - #106780 - REHOBOTH - 2118882",REHOBOTH,MA,105-454NL                ,122 - In-Line Check Valves          ,$25,$0,$25,,Direct
Legend,SMITHFIELD PLUMBING & HEATING,SMITHFIELD PLUMBING & HEATING #104860 - GREENVILLE - 11383,GREENVILLE,RI,105-454NL                ,122 - In-Line Check Valves          ,$253,$0,$253,,Direct
Legend,SMITHFIELD PLUMBING & HEATING,SMITHFIELD PLUMBING & HEATING #104860 - TWIN MOUNTAIN - 179862,TWIN MOUNTAIN,RI,105-454NL                ,122 - In-Line Check Valves          ,$25,$0,$25,,Direct
Legend,WINNELSON,WINSUPPLY - FALL RIVER-#068 - FALL RIVER - 15001,FALL RIVER,MA,105-454NL                ,122 - In-Line Check Valves          ,$0,$19,($19),-100.0%,Direct
Legend,WINNELSON,WINSUPPLY - PAWTUCKET-#073 - PAWTUCKET - 15955,PAWTUCKET,RI,105-454NL                ,122 - In-Line Check Valves          ,$0,$57,($57),-100.0%,Direct
Legend,WINNELSON,WINSUPPLY - PLYMOUTH-#085 - PLYMOUTH - 187363,PLYMOUTH,MA,105-454NL                ,122 - In-Line Check Valves          ,$0,$19,($19),-100.0%,Direct
Legend,WINNELSON,WINSUPPLY BOSTON MA CO (#033) - HYDE PARK - 905707,HYDE PARK,MA,105-454NL                ,122 - In-Line Check Valves          ,$0,$38,($38),-100.0%,Direct
Legend,ACE PLUMBING SUPPLY- #257600,ACE PLUMBING SUPPLY- #257600 - BOSTON - 10036,BOSTON,MA,105-455NL                ,122 - In-Line Check Valves          ,$34,$0,$34,,Direct
Legend,BETTS PLUMBING & HEATING SUPPLY #257200,BETTS PLUMBING & HEATING SUPPLY #257200 - WESTFIELD - 211651,WESTFIELD,MA,105-455NL                ,122 - In-Line Check Valves          ,$51,$0,$51,,Direct
Legend,J.D.M. SUPPLY,J.D.M. SUPPLY - MAPLEVILLE - 15647,MAPLEVILLE,RI,105-455NL                ,122 - In-Line Check Valves          ,$0,$52,($52),-100.0%,Direct
Legend,SMITHFIELD PLUMBING & HEATING,SMITHFIELD PLUMBING & HEATING #104860 - GREENVILLE - 11383,GREENVILLE,RI,105-455NL                ,122 - In-Line Check Valves          ,$69,$0,$69,,Direct
Legend,SMITHFIELD PLUMBING & HEATING,SMITHFIELD PLUMBING & HEATING #104860 - TWIN MOUNTAIN - 179862,TWIN MOUNTAIN,RI,105-455NL                ,122 - In-Line Check Valves          ,$0,$64,($64),-100.0%,Direct
Legend,WINNELSON,WINSUPPLY - PAWTUCKET-#073 - PAWTUCKET - 15955,PAWTUCKET,RI,105-455NL                ,122 - In-Line Check Valves          ,$0,$13,($13),-100.0%,Direct
Legend,WINNELSON,WINSUPPLY - PLYMOUTH-#085 - PLYMOUTH - 187363,PLYMOUTH,MA,105-455NL                ,122 - In-Line Check Valves          ,$0,$27,($27),-100.0%,Direct
Legend,"SEEKONK SUPPLY, INC","SEEKONK SUPPLY, INC - #106780 - PROVIDENCE - 176778",PROVIDENCE,MA,105-456NL                ,122 - In-Line Check Valves          ,$55,$0,$55,,Direct
Legend,"SEEKONK SUPPLY, INC","SEEKONK SUPPLY, INC. - #106780 - ATTLEBORO FALLS - 183219",ATTLEBORO FALLS,MA,105-456NL                ,122 - In-Line Check Valves          ,$0,$109,($109),-100.0%,Direct
Legend,"SEEKONK SUPPLY, INC","SEEKONK SUPPLY, INC. - #106780 - BRIDGEWATER - 308451",BRIDGEWATER,MA,105-456NL                ,122 - In-Line Check Valves          ,$27,$0,$27,,Direct
Legend,"SEEKONK SUPPLY, INC","SEEKONK SUPPLY, INC. - #106780 - REHOBOTH - 2118882",REHOBOTH,MA,105-456NL                ,122 - In-Line Check Valves          ,$27,$0,$27,,Direct
Legend,FERGUSON ENTERPRISES,INDEPENDENT PIPE & SUPPLY #2275 - MANCHESTER - 158044,MANCHESTER,MA,105-457NL                ,122 - In-Line Check Valves          ,$0,$60,($60),-100.0%,Direct
Legend,THE GRANITE GROUP,THE GRANITE GROUP- ADGG04 - LONDONDERRY - 179844,LONDONDERRY,NH,105-464                  ,122 - In-Line Check Valves          ,$20,$0,$20,,Direct
Legend,SMITHFIELD PLUMBING & HEATING,SMITHFIELD PLUMBING & HEATING #104860 - GREENVILLE - 11383,GREENVILLE,RI,105-464NL                ,122 - In-Line Check Valves          ,$0,$91,($91),-100.0%,Direct
Legend,SMITHFIELD PLUMBING & HEATING,SMITHFIELD PLUMBING & HEATING #104860 - TWIN MOUNTAIN - 179862,TWIN MOUNTAIN,RI,105-464NL                ,122 - In-Line Check Valves          ,$23,$0,$23,,Direct
Legend,WINNELSON,WINSUPPLY PORTLAND ME CO (#040) - SOUTH PORTLAND - 180358,SOUTH PORTLAND,ME,105-464NL                ,122 - In-Line Check Valves          ,$23,$0,$23,,Direct
Legend,SMITHFIELD PLUMBING & HEATING,SMITHFIELD PLUMBING & HEATING #104860 - GREENVILLE - 11383,GREENVILLE,RI,105-465NL                ,122 - In-Line Check Valves          ,$0,$25,($25),-100.0%,Direct
Legend,"FLN-MAR RUBBER & PLASTICS, INC.","FLN-MAR RUBBER & PLASTICS, INC. - HOLYOKE - 15608",HOLYOKE,MA,105-474NL                ,123 - Foot Valves                   ,$48,$0,$48,,Direct
Legend,J.D.M. SUPPLY,J.D.M. SUPPLY - MAPLEVILLE - 15647,MAPLEVILLE,RI,105-475NL                ,123 - Foot Valves                   ,$0,$26,($26),-100.0%,Direct
Legend,J.D.M. SUPPLY,J.D.M. SUPPLY - MAPLEVILLE - 15647,MAPLEVILLE,RI,105-476NL                ,123 - Foot Valves                   ,$0,$32,($32),-100.0%,Direct
Legend,J.D.M. SUPPLY,J.D.M. SUPPLY - MAPLEVILLE - 15647,MAPLEVILLE,RI,105-477NL                ,123 - Foot Valves                   ,$0,$26,($26),-100.0%,Direct
Legend,"SEEKONK SUPPLY, INC","SEEKONK SUPPLY, INC. - #106780 - ATTLEBORO FALLS - 183219",ATTLEBORO FALLS,MA,105-503NL                ,220 - Y-Strainers                   ,$0,$15,($15),-100.0%,Direct
Legend,PLIMPTON & HILLS,PLIMPTON & HILLS CORP -AD#PH46 - MANCHESTER - 178293,MANCHESTER,CT,105-504                  ,220 - Y-Strainers                   ,$159,$135,$24,17.7%,Direct
Legend,WINNELSON,WINSUPPLY WORCESTER MA CO (#089) - AUBURN - 11695,AUBURN,MA,105-504                  ,220 - Y-Strainers                   ,$40,$0,$40,,Direct
Legend,"SEEKONK SUPPLY, INC","SEEKONK SUPPLY, INC. - #106780 - REHOBOTH - 2118882",REHOBOTH,MA,105-504NL                ,220 - Y-Strainers                   ,$0,$132,($132),-100.0%,Direct
Legend,WINNELSON,WINSUPPLY WAKEFIELD MA CO (#016) - WAKEFIELD - 10038,WAKEFIELD,MA,105-504NL                ,220 - Y-Strainers                   ,$52,$0,$52,,Direct
Legend,ACE PLUMBING SUPPLY- #257600,ACE PLUMBING SUPPLY- #257600 - BOSTON - 10036,BOSTON,MA,105-505                  ,220 - Y-Strainers                   ,$60,$0,$60,,Direct
Legend,PLIMPTON & HILLS,PLIMPTON & HILLS CORP -AD#PH46 - MANCHESTER - 178293,MANCHESTER,CT,105-505                  ,220 - Y-Strainers                   ,$0,$204,($204),-100.0%,Direct
Legend,M & G SUPPLY,M & G SUPPLY #246600 - WARREN - 164436,WARREN,RI,105-505NL                ,220 - Y-Strainers                   ,$0,$32,($32),-100.0%,Direct
Legend,"SEEKONK SUPPLY, INC","SEEKONK SUPPLY, INC. - #106780 - REHOBOTH - 2118882",REHOBOTH,MA,105-505NL                ,220 - Y-Strainers                   ,$0,$226,($226),-100.0%,Direct
Legend,WINNELSON,WINSUPPLY WAKEFIELD MA CO (#016) - WAKEFIELD - 10038,WAKEFIELD,MA,105-505NL                ,220 - Y-Strainers                   ,$38,$0,$38,,Direct
Legend,"SEEKONK SUPPLY, INC","SEEKONK SUPPLY, INC. - #106780 - ATTLEBORO FALLS - 183219",ATTLEBORO FALLS,MA,105-506NL                ,220 - Y-Strainers                   ,$0,$48,($48),-100.0%,Direct
Legend,PLIMPTON & HILLS,PLIMPTON & HILLS CORP -AD#PH46 - MANCHESTER - 178293,MANCHESTER,CT,105-507                  ,220 - Y-Strainers                   ,$242,$0,$242,,Direct
Legend,ECONOMY PLBG. & HTG. #105710,ECONOMY PLBG. & HTG. #105710 - MATTAPAN - 14207,MATTAPAN,MA,105-508NL                ,220 - Y-Strainers                   ,$0,$925,($925),-100.0%,Direct
Legend,"SEEKONK SUPPLY, INC","SEEKONK SUPPLY, INC. - #106780 - REHOBOTH - 2118882",REHOBOTH,MA,105-516NL                ,220 - Y-Strainers                   ,$114,$0,$114,,Direct
Legend,WINNELSON,NEW HAVEN WINDUSTRIAL SUPPLY CO (#081) - NORTH HAVEN - 12438,NORTH HAVEN,CT,105-518                  ,220 - Y-Strainers                   ,$0,$158,($158),-100.0%,Direct
Legend,WINNELSON,NEW HAVEN WINDUSTRIAL SUPPLY CO (#081) - NORTH HAVEN - 12438,NORTH HAVEN,CT,105-519                  ,220 - Y-Strainers                   ,$0,$251,($251),-100.0%,Direct
Legend,PLIMPTON & HILLS,PLIMPTON & HILLS CORP -AD#PH46 - HARTFORD - 1030246,HARTFORD,CT,105-523                  ,220 - Y-Strainers                   ,($59),$0,($59),,Direct
Legend,PLUMBERS' SUPPLY - MASS,PLUMBERS' SUPPLY -BEDFORD DIST #PS50 - NEW BEDFORD - 184197,NEW BEDFORD,MA,105-703NL                ,220 - Y-Strainers                   ,$0,$36,($36),-100.0%,Direct
Legend,SMITHFIELD PLUMBING & HEATING,SMITHFIELD PLUMBING & HEATING #104860 - GREENVILLE - 11383,GREENVILLE,RI,105-703NL                ,220 - Y-Strainers                   ,$11,$0,$11,,Direct
Legend,F.W. WEBB,F.W. WEBB - HARTFORD - HARTFORD - 11688,HARTFORD,CT,105-703PNL               ,220 - Y-Strainers                   ,$0,$17,($17),-100.0%,Direct
Legend,SMITHFIELD PLUMBING & HEATING,SMITHFIELD PLUMBING & HEATING #104860 - GREENVILLE - 11383,GREENVILLE,RI,105-704                  ,220 - Y-Strainers                   ,$0,$45,($45),-100.0%,Direct
Legend,PLUMBERS' SUPPLY - MASS,PLUMBERS' SUPPLY -BEDFORD DIST #PS50 - NEW BEDFORD - 184197,NEW BEDFORD,MA,105-704NL                ,220 - Y-Strainers                   ,$148,$0,$148,,Direct
Legend,F.W. WEBB,F.W. WEBB - HARTFORD - HARTFORD - 11688,HARTFORD,CT,105-704PNL               ,220 - Y-Strainers                   ,$108,$0,$108,,Direct
Legend,HAJOCA,BLODGETT SUPPLY (#437) - WILLISTON - 1214658,WILLISTON,LA,105-704PNL               ,220 - Y-Strainers                   ,$22,$0,$22,,Direct
Legend,PLUMBERS' SUPPLY - MASS,PLUMBERS' SUPPLY -BEDFORD DIST #PS50 - NEW BEDFORD - 184197,NEW BEDFORD,MA,105-705NL                ,220 - Y-Strainers                   ,$335,$0,$335,,Direct
Legend,SMITHFIELD PLUMBING & HEATING,SMITHFIELD PLUMBING & HEATING #104860 - TWIN MOUNTAIN - 179862,TWIN MOUNTAIN,RI,105-705NL                ,220 - Y-Strainers                   ,$56,$0,$56,,Direct
Legend,F.W. WEBB,F.W. WEBB - HARTFORD - HARTFORD - 11688,HARTFORD,CT,105-705PNL               ,220 - Y-Strainers                   ,$163,$13,$150,"1,165.3%",Direct
Legend,HAJOCA,BLODGETT SUPPLY (#437) - WILLISTON - 1214658,WILLISTON,LA,105-705PNL               ,220 - Y-Strainers                   ,$33,$0,$33,,Direct
Legend,PLIMPTON & HILLS,PLIMPTON & HILLS CORP -AD#PH46 - MANCHESTER - 178293,MANCHESTER,CT,105-705PNL               ,220 - Y-Strainers                   ,$33,$0,$33,,Direct
Legend,WINNELSON,WINSUPPLY STAMFORD CT CO (#015) - STAMFORD - 12380,STAMFORD,CT,105-706NL                ,220 - Y-Strainers                   ,$121,$0,$121,,Direct
Legend,ATLANTIC PLBG & HTG - #236300,ATLANTIC PLBG & HTG - #236300 - COVENTRY - 13190,COVENTRY,RI,105-708NL                ,220 - Y-Strainers                   ,$92,$0,$92,,Direct
Legend,HAJOCA,"PEABODY SUPPLY COMPANY, INC. - NASHUA - 235014",NASHUA,NH,105-708NL                ,220 - Y-Strainers                   ,$0,$145,($145),-100.0%,Direct
Legend,PLUMBERS' SUPPLY - MASS,PLUMBERS' SUPPLY -BEDFORD DIST #PS50 - NEW BEDFORD - 184197,NEW BEDFORD,MA,105-708NL                ,220 - Y-Strainers                   ,$183,$0,$183,,Direct
Legend,F.W. WEBB,F.W. WEBB - HARTFORD - HARTFORD - 11688,HARTFORD,CT,105-708PNL               ,220 - Y-Strainers                   ,$0,$54,($54),-100.0%,Direct
Legend,TORRCO,TORRCO - AD#TS28 - STAMFORD - 183978,STAMFORD,CT,107-116NL                ,130 - Low Pressure Valves           ,$0,$68,($68),-100.0%,Direct
Legend,HAJOCA,BLODGETT SUPPLY (#437) - WILLISTON - 1214658,WILLISTON,LA,107-143                  ,130 - Low Pressure Valves           ,$257,$0,$257,,Direct
Legend,PLIMPTON & HILLS,PLIMPTON & HILLS CORP -AD#PH46 - MANCHESTER - 178293,MANCHESTER,CT,107-143                  ,130 - Low Pressure Valves           ,$428,$442,($14),-3.2%,Direct
Legend,R.A. MANLEY & SONS,R.A. MANLEY & SONS - PALMER - 10963,PALMER,MA,107-143                  ,130 - Low Pressure Valves           ,$0,$133,($133),-100.0%,Direct
Legend,AMESBURY INDUSTRIAL SUPPLY,AMESBURY INDUSTRIAL SUPPLY - AMESBURY - 12187,AMESBURY,MA,107-143NL                ,130 - Low Pressure Valves           ,$0,$62,($62),-100.0%,Direct
Legend,M & G SUPPLY,M & G SUPPLY #246600 - EAST PROVIDENCE - 11021,EAST PROVIDENCE,RI,107-143NL                ,130 - Low Pressure Valves           ,$225,$0,$225,,Direct
Legend,M & G SUPPLY,M & G SUPPLY #246600 - WARREN - 164436,WARREN,RI,107-143NL                ,130 - Low Pressure Valves           ,$300,$372,($72),-19.2%,Direct
Legend,THE PORTLAND GROUP,THE PORTLAND GROUP -MIDDLETOWN - AD#PG02 - MIDDLETOWN - 179339,MIDDLETOWN,MA,107-143NL                ,130 - Low Pressure Valves           ,$0,$149,($149),-100.0%,Direct
Legend,WINNELSON,WINSUPPLY ESSEX CT CO (#074) - ESSEX - 14076,ESSEX,CT,107-143NL                ,130 - Low Pressure Valves           ,$225,$558,($333),-59.6%,Direct
Legend,WINNELSON,WINSUPPLY WAKEFIELD MA CO (#016) - WAKEFIELD - 10038,WAKEFIELD,MA,107-143NL                ,130 - Low Pressure Valves           ,$0,$124,($124),-100.0%,Direct
Legend,PLIMPTON & HILLS,PLIMPTON & HILLS CORP -AD#PH46 - MANCHESTER - 178293,MANCHESTER,CT,107-144                  ,130 - Low Pressure Valves           ,$0,$767,($767),-100.0%,Direct
Legend,R.A. MANLEY & SONS,R.A. MANLEY & SONS - PALMER - 10963,PALMER,MA,107-144                  ,130 - Low Pressure Valves           ,$0,$102,($102),-100.0%,Direct
Legend,TORRCO,TORRCO - AD#TS28 - WATERBURY - 11523,WATERBURY,CT,107-144                  ,130 - Low Pressure Valves           ,$755,$767,($11),-1.5%,Direct
Legend,M & G SUPPLY,M & G SUPPLY #246600 - EAST PROVIDENCE - 11021,EAST PROVIDENCE,RI,107-144NL                ,130 - Low Pressure Valves           ,$83,$0,$83,,Direct
Legend,M & G SUPPLY,M & G SUPPLY #246600 - WARREN - 164436,WARREN,RI,107-144NL                ,130 - Low Pressure Valves           ,$83,$69,$15,21.0%,Direct
Legend,THE GRANITE GROUP,THE GRANITE GROUP-DBA/SALEM PLBG -ADGG04 - BEVERLY - 189469,BEVERLY,MA,107-144NL                ,130 - Low Pressure Valves           ,$42,$0,$42,,Direct
Legend,WINNELSON,WINSUPPLY ESSEX CT CO (#074) - ESSEX - 14076,ESSEX,CT,107-144NL                ,130 - Low Pressure Valves           ,$167,$482,($316),-65.4%,Direct
Legend,AMESBURY INDUSTRIAL SUPPLY,AMESBURY INDUSTRIAL SUPPLY - AMESBURY - 12187,AMESBURY,MA,107-167NL                ,141 - 1/4 Turn Low Pressure         ,$0,$77,($77),-100.0%,Direct
Legend,BETTS PLUMBING & HEATING SUPPLY #257200,BETTS PLUMBING & HEATING SUPPLY #257200 - WESTFIELD - 211651,WESTFIELD,MA,107-167NL                ,141 - 1/4 Turn Low Pressure         ,$86,$0,$86,,Direct
Legend,FERGUSON ENTERPRISES,INDEPENDENT PIPE & SUPPLY  #2272 - CANTON - 12609,CANTON,VA,107-167NL                ,141 - 1/4 Turn Low Pressure         ,$211,$0,$211,,Direct
Legend,M & G SUPPLY,M & G SUPPLY #246600 - EAST PROVIDENCE - 11021,EAST PROVIDENCE,RI,107-167NL                ,141 - 1/4 Turn Low Pressure         ,$259,$0,$259,,Direct
Legend,M & G SUPPLY,M & G SUPPLY #246600 - WARREN - 164436,WARREN,RI,107-167NL                ,141 - 1/4 Turn Low Pressure         ,$259,$154,$105,68.3%,Direct
Legend,WINNELSON,WINSUPPLY SHELTON CT CO (#072) - SHELTON - 189041,SHELTON,CT,107-167NL                ,141 - 1/4 Turn Low Pressure         ,$0,$77,($77),-100.0%,Direct
Legend,WINNELSON,WINSUPPLY WAKEFIELD MA CO (#016) - WAKEFIELD - 10038,WAKEFIELD,MA,107-167NL                ,141 - 1/4 Turn Low Pressure         ,$0,$385,($385),-100.0%,Direct
Legend,F.W. WEBB,F.W. WEBB - HARTFORD - HARTFORD - 11688,HARTFORD,CT,107-167PNL               ,141 - 1/4 Turn Low Pressure         ,$54,$0,$54,,Direct
Legend,AMESBURY INDUSTRIAL SUPPLY,AMESBURY INDUSTRIAL SUPPLY - AMESBURY - 12187,AMESBURY,MA,107-168NL                ,141 - 1/4 Turn Low Pressure         ,$0,$96,($96),-100.0%,Direct
Legend,BETTS PLUMBING & HEATING SUPPLY #257200,BETTS PLUMBING & HEATING SUPPLY #257200 - WESTFIELD - 211651,WESTFIELD,MA,107-168NL                ,141 - 1/4 Turn Low Pressure         ,$0,$182,($182),-100.0%,Direct
Legend,F.W. WEBB,F.W. WEBB - HARTFORD - HARTFORD - 11688,HARTFORD,CT,107-168NL                ,141 - 1/4 Turn Low Pressure         ,$107,$29,$79,274.5%,Direct
Legend,PLUMBERS' SUPPLY - MASS,PLUMBERS' SUPPLY -BEDFORD DIST #PS50 - NEW BEDFORD - 184197,NEW BEDFORD,MA,107-168NL                ,141 - 1/4 Turn Low Pressure         ,$430,$96,$334,349.4%,Direct
Legend,WINNELSON,WINSUPPLY WAKEFIELD MA CO (#016) - WAKEFIELD - 10038,WAKEFIELD,MA,107-168NL                ,141 - 1/4 Turn Low Pressure         ,$386,"$1,434","($1,048)",-73.1%,Direct
Legend,SMITHFIELD PLUMBING & HEATING,SMITHFIELD PLUMBING & HEATING #104860 - TWIN MOUNTAIN - 179862,TWIN MOUNTAIN,RI,107-173                  ,130 - Low Pressure Valves           ,$43,$0,$43,,Direct
Legend,SMITHFIELD PLUMBING & HEATING,SMITHFIELD PLUMBING & HEATING #104860 - GREENVILLE - 11383,GREENVILLE,RI,107-179P                 ,130 - Low Pressure Valves           ,$119,$257,($138),-53.6%,Direct
Legend,PLUMBERS' SUPPLY - MASS,PLUMBERS' SUPPLY -BEDFORD DIST #PS50 - NEW BEDFORD - 184197,NEW BEDFORD,MA,107-192                  ,130 - Low Pressure Valves           ,$15,$0,$15,,Direct
Legend,HAJOCA,STATE SUPPLY #448 - IPSWICH - 1604946,IPSWICH,LA,107-194                  ,240 - Vacuum Breakers               ,$0,$38,($38),-100.0%,Direct
Legend,PLUMBERS' SUPPLY - MASS,PLUMBERS' SUPPLY -BEDFORD DIST #PS50 - NEW BEDFORD - 184197,NEW BEDFORD,MA,107-194                  ,240 - Vacuum Breakers               ,$46,$0,$46,,Direct
Legend,"SEEKONK SUPPLY, INC","SEEKONK SUPPLY, INC - #106780 - PROVIDENCE - 176778",PROVIDENCE,MA,107-194NL                ,240 - Vacuum Breakers               ,$17,$0,$17,,Direct
Legend,"SEEKONK SUPPLY, INC","SEEKONK SUPPLY, INC. - #106780 - ATTLEBORO FALLS - 183219",ATTLEBORO FALLS,MA,107-194NL                ,240 - Vacuum Breakers               ,$0,$28,($28),-100.0%,Direct
Legend,"SEEKONK SUPPLY, INC","SEEKONK SUPPLY, INC. - #106780 - REHOBOTH - 2118882",REHOBOTH,MA,107-194NL                ,240 - Vacuum Breakers               ,$0,$28,($28),-100.0%,Direct
Legend,ACE PLUMBING SUPPLY- #257600,ACE PLUMBING SUPPLY- #257600 - BOSTON - 10036,BOSTON,MA,107-407NL                ,130 - Low Pressure Valves           ,$95,$0,$95,,Direct
Legend,F.W. WEBB,F.W. WEBB - METHUEN - METHUEN - 202980,METHUEN,MA,107-417NL                ,130 - Low Pressure Valves           ,$0,$37,($37),-100.0%,Direct
Legend,THE GRANITE GROUP,THE GRANITE GROUP-DBA/SALEM PLBG -ADGG04 - BEVERLY - 189469,BEVERLY,MA,107-417NL                ,130 - Low Pressure Valves           ,$0,($19),$19,100.0%,Direct
Legend,PREFERRED PUMP & EQUIPMENT,PREFERRED PUMP & EQUIPMENT - BROOKFIELD - 488545,BROOKFIELD,TX,107-423NL                ,130 - Low Pressure Valves           ,$0,$286,($286),-100.0%,Direct
Legend,THE GRANITE GROUP,THE GRANITE GROUP- ADGG04 - LONDONDERRY - 179844,LONDONDERRY,NH,107-423NL                ,130 - Low Pressure Valves           ,$66,$21,$46,222.6%,Direct
Legend,THE GRANITE GROUP,THE GRANITE GROUP- ADGG04 - LONDONDERRY - 179844,LONDONDERRY,NH,107-424NL                ,130 - Low Pressure Valves           ,$133,$0,$133,,Direct
Legend,SMITHFIELD PLUMBING & HEATING,SMITHFIELD PLUMBING & HEATING #104860 - GREENVILLE - 11383,GREENVILLE,RI,107-464                  ,130 - Low Pressure Valves           ,$29,$0,$29,,Direct
Legend,SMITHFIELD PLUMBING & HEATING,SMITHFIELD PLUMBING & HEATING #104860 - TWIN MOUNTAIN - 179862,TWIN MOUNTAIN,RI,107-464                  ,130 - Low Pressure Valves           ,$36,$0,$36,,Direct
Legend,REPUBLIC PLUMBING SUPPLY,REPUBLIC PLUMBING SUPPLY #109250 - FOXBORO - 2126102,FOXBORO,MA,107-464CP                ,130 - Low Pressure Valves           ,$840,$0,$840,,Direct
Legend,REPUBLIC PLUMBING SUPPLY,REPUBLIC PLUMBING SUPPLY #109250 - NORWOOD - 11341,NORWOOD,MA,107-464CP                ,130 - Low Pressure Valves           ,$0,$520,($520),-100.0%,Direct
Legend,SMITHFIELD PLUMBING & HEATING,SMITHFIELD PLUMBING & HEATING #104860 - GREENVILLE - 11383,GREENVILLE,RI,107-474                  ,130 - Low Pressure Valves           ,$30,$0,$30,,Direct
Legend,REPUBLIC PLUMBING SUPPLY,REPUBLIC PLUMBING SUPPLY #109250 - FOXBORO - 2126102,FOXBORO,MA,107-474CP                ,130 - Low Pressure Valves           ,$630,$0,$630,,Direct
Legend,REPUBLIC PLUMBING SUPPLY,REPUBLIC PLUMBING SUPPLY #109250 - NORWOOD - 11341,NORWOOD,MA,107-474CP                ,130 - Low Pressure Valves           ,$0,$87,($87),-100.0%,Direct
Legend,WINNELSON,WINSUPPLY ESSEX CT CO (#074) - ESSEX - 14076,ESSEX,CT,107-543NL                ,141 - 1/4 Turn Low Pressure         ,$0,$270,($270),-100.0%,Direct
Legend,F.W. WEBB,F.W. WEBB - HARTFORD - HARTFORD - 11688,HARTFORD,CT,107-543PNL               ,141 - 1/4 Turn Low Pressure         ,$0,$17,($17),-100.0%,Direct
Legend,WINNELSON,WINSUPPLY ESSEX CT CO (#074) - ESSEX - 14076,ESSEX,CT,107-544NL                ,141 - 1/4 Turn Low Pressure         ,$0,$159,($159),-100.0%,Direct
Legend,PLUMBERS' SUPPLY - MASS,PLUMBERS' SUPPLY -VINEYARD HAVEN #PS50 - VINEYARD HAVEN - 190548,VINEYARD HAVEN,MA,108-021                  ,160 - Frostfree Sillcocks           ,$0,$80,($80),-100.0%,Direct
Legend,ACE PLUMBING SUPPLY- #257600,ACE PLUMBING SUPPLY- #257600 - BOSTON - 10036,BOSTON,MA,108-021NL                ,160 - Frostfree Sillcocks           ,$130,$0,$130,,Direct
Legend,WINNELSON,WINSUPPLY PORTLAND ME CO (#040) - SOUTH PORTLAND - 180358,SOUTH PORTLAND,ME,108-021NL                ,160 - Frostfree Sillcocks           ,$416,$62,$354,574.7%,Direct
Legend,PLUMBERS' SUPPLY - MASS,PLUMBERS' SUPPLY -BEDFORD DIST #PS50 - NEW BEDFORD - 184197,NEW BEDFORD,MA,108-022                  ,160 - Frostfree Sillcocks           ,$150,$0,$150,,Direct
Legend,ACE PLUMBING SUPPLY- #257600,ACE PLUMBING SUPPLY- #257600 - BOSTON - 10036,BOSTON,MA,108-022NL                ,160 - Frostfree Sillcocks           ,$137,$0,$137,,Direct
Legend,WINNELSON,WINSUPPLY PORTLAND ME CO (#040) - SOUTH PORTLAND - 180358,SOUTH PORTLAND,ME,108-022NL                ,160 - Frostfree Sillcocks           ,$0,$65,($65),-100.0%,Direct
Legend,PLUMBERS' SUPPLY - MASS,PLUMBERS' SUPPLY -BEDFORD DIST #PS50 - NEW BEDFORD - 184197,NEW BEDFORD,MA,108-023                  ,160 - Frostfree Sillcocks           ,$270,$0,$270,,Direct
Legend,PLUMBERS' SUPPLY - MASS,PLUMBERS' SUPPLY -BEDFORD DIST #PS50 - NEW BEDFORD - 184197,NEW BEDFORD,MA,108-024                  ,160 - Frostfree Sillcocks           ,$211,$0,$211,,Direct
Legend,WINNELSON,WINSUPPLY PORTLAND ME CO (#040) - SOUTH PORTLAND - 180358,SOUTH PORTLAND,ME,108-025NL                ,160 - Frostfree Sillcocks           ,$64,$0,$64,,Direct
Legend,WINNELSON,WINSUPPLY PORTLAND ME CO (#040) - SOUTH PORTLAND - 180358,SOUTH PORTLAND,ME,108-026NL                ,160 - Frostfree Sillcocks           ,$199,$0,$199,,Direct
Legend,WINNELSON,WINSUPPLY PORTLAND ME CO (#040) - SOUTH PORTLAND - 180358,SOUTH PORTLAND,ME,108-043NL                ,160 - Frostfree Sillcocks           ,$0,$95,($95),-100.0%,Direct
Legend,WINNELSON,BRANFORD WINNELSON CO (#075) - BRANFORD - 50111,BRANFORD,CT,108-045                  ,160 - Frostfree Sillcocks           ,$105,$0,$105,,Direct
Legend,ATLANTIC PLBG & HTG - #236300,ATLANTIC PLBG & HTG - #236300 - COVENTRY - 13190,COVENTRY,RI,108-121                  ,160 - Frostfree Sillcocks           ,$181,$0,$181,,Direct
Legend,ATLANTIC PLBG & HTG - #236300,ATLANTIC PLBG & HTG - #236300 - COVENTRY - 13190,COVENTRY,RI,108-142                  ,160 - Frostfree Sillcocks           ,$182,$0,$182,,Direct
Legend,ATLANTIC PLBG & HTG - #236300,ATLANTIC PLBG & HTG - #236300 - COVENTRY - 13190,COVENTRY,RI,108-143                  ,160 - Frostfree Sillcocks           ,$188,$0,$188,,Direct
Legend,WINNELSON,WINSUPPLY WORCESTER MA CO (#089) - AUBURN - 11695,AUBURN,MA,108-144NL                ,160 - Frostfree Sillcocks           ,$67,$0,$67,,Direct
Legend,PLUMBERS' SUPPLY - MASS,PLUMBERS' SUPPLY -BEDFORD DIST #PS50 - NEW BEDFORD - 184197,NEW BEDFORD,MA,108-153A                 ,160 - Frostfree Sillcocks           ,$0,$95,($95),-100.0%,Direct
Legend,PLIMPTON & HILLS,PLIMPTON & HILLS CORP -AD#PH46 - MANCHESTER - 178293,MANCHESTER,CT,108-154A                 ,160 - Frostfree Sillcocks           ,$318,$0,$318,,Direct
Legend,THE GRANITE GROUP,THE GRANITE GROUP- ADGG04 - LONDONDERRY - 179844,LONDONDERRY,NH,108-154A                 ,160 - Frostfree Sillcocks           ,$64,$50,$13,26.5%,Direct
Legend,BENDER SUPPLY,"BENDER MANAGEMENT, INC. AD#BE81 - WATERBURY - 13933",WATERBURY,CT,108-154NL                ,160 - Frostfree Sillcocks           ,$0,$86,($86),-100.0%,Direct
Legend,PLUMBERS' SUPPLY - MASS,PLUMBERS' SUPPLY -BEDFORD DIST #PS50 - NEW BEDFORD - 184197,NEW BEDFORD,MA,108-155A                 ,160 - Frostfree Sillcocks           ,$0,$106,($106),-100.0%,Direct
Legend,F.W. WEBB,F.W. WEBB - DEDHAM - DEDHAM - 15213,DEDHAM,MA,108-158A                 ,160 - Frostfree Sillcocks           ,$32,$0,$32,,Direct
Legend,GEORGE O'BRIEN-SOUTH DENNIS,GEORGE O'BRIEN-SOUTH DENNIS - #227500 - SOUTH DENNIS - 11152,SOUTH DENNIS,MA,108-162                  ,160 - Frostfree Sillcocks           ,$0,$53,($53),-100.0%,Direct
Legend,ATLANTIC PLBG & HTG - #236300,ATLANTIC PLBG & HTG - #236300 - COVENTRY - 13190,COVENTRY,RI,108-550                  ,160 - Frostfree Sillcocks           ,$3,$0,$3,,Direct
Legend,REPUBLIC PLUMBING SUPPLY,REPUBLIC PLUMBING SUPPLY #109250 - FOXBORO - 2126102,FOXBORO,MA,108-903                  ,160 - Frostfree Sillcocks           ,$22,$0,$22,,Direct
Legend,WINNELSON,WINSUPPLY PORTLAND ME CO (#040) - SOUTH PORTLAND - 180358,SOUTH PORTLAND,ME,108-903                  ,160 - Frostfree Sillcocks           ,$4,$0,$4,,Direct
Legend,PLUMBERS' SUPPLY - MASS,PLUMBERS' SUPPLY -BEDFORD DIST #PS50 - NEW BEDFORD - 184197,NEW BEDFORD,MA,108-908AR                ,160 - Frostfree Sillcocks           ,$8,$0,$8,,Direct
Legend,PLUMBERS' SUPPLY - MASS,PLUMBERS' SUPPLY -NEW BEDFORD #PS50 - NEW BEDFORD - 79874,NEW BEDFORD,MA,108-908AR                ,160 - Frostfree Sillcocks           ,$8,$0,$8,,Direct
Legend,PLUMBERS' SUPPLY - MASS,PLUMBERS' SUPPLY -BEDFORD DIST #PS50 - NEW BEDFORD - 184197,NEW BEDFORD,MA,108-912A                 ,160 - Frostfree Sillcocks           ,$0,$12,($12),-100.0%,Direct
Legend,REPUBLIC PLUMBING SUPPLY,REPUBLIC PLUMBING SUPPLY #109250 - FOXBORO - 2126102,FOXBORO,MA,110-103                  ,190 - Radiator Valves               ,$125,$0,$125,,Direct
Legend,REPUBLIC PLUMBING SUPPLY,REPUBLIC PLUMBING SUPPLY #109250 - FOXBORO - 2126102,FOXBORO,MA,110-104                  ,190 - Radiator Valves               ,$486,$0,$486,,Direct
Legend,REPUBLIC PLUMBING SUPPLY,REPUBLIC PLUMBING SUPPLY #109250 - NORWOOD - 11341,NORWOOD,MA,110-104                  ,190 - Radiator Valves               ,$0,$618,($618),-100.0%,Direct
Legend,ECONOMY PLBG. & HTG. #105710,ECONOMY PLBG. & HTG. #105710 - MATTAPAN - 14207,MATTAPAN,MA,110-105                  ,190 - Radiator Valves               ,"$1,750","$1,374",$376,27.4%,Direct
Legend,HAJOCA,"PEABODY SUPPLY COMPANY, INC. #452 - METHUEN - 237950",METHUEN,MA,110-105                  ,190 - Radiator Valves               ,$0,$120,($120),-100.0%,Direct
Legend,NORTH SHORE HEATING SUPPLY,NORTH SHORE HEATING SUPPLY - LYNN - 13378,LYNN,MA,110-105                  ,190 - Radiator Valves               ,$219,$0,$219,,Direct
Legend,REPUBLIC PLUMBING SUPPLY,REPUBLIC PLUMBING SUPPLY #109250 - FOXBORO - 2126102,FOXBORO,MA,110-105                  ,190 - Radiator Valves               ,$263,$0,$263,,Direct
Legend,REPUBLIC PLUMBING SUPPLY,REPUBLIC PLUMBING SUPPLY #109250 - NORWOOD - 11341,NORWOOD,MA,110-105                  ,190 - Radiator Valves               ,$0,$217,($217),-100.0%,Direct
Legend,"SEEKONK SUPPLY, INC","SEEKONK SUPPLY, INC - #106780 - PROVIDENCE - 176778",PROVIDENCE,MA,110-105                  ,190 - Radiator Valves               ,$97,$0,$97,,Direct
Legend,SMITHFIELD PLUMBING & HEATING,SMITHFIELD PLUMBING & HEATING #104860 - GREENVILLE - 11383,GREENVILLE,RI,110-105                  ,190 - Radiator Valves               ,$0,$60,($60),-100.0%,Direct
Legend,TORRCO,TORRCO - AD#TS28 - WATERBURY - 11523,WATERBURY,CT,110-105                  ,190 - Radiator Valves               ,$525,$426,$99,23.3%,Direct
Legend,WINNELSON,WINSUPPLY MANCHESTER CT CO (#071) - MANCHESTER - 10933,MANCHESTER,CT,110-105                  ,190 - Radiator Valves               ,$0,$40,($40),-100.0%,Direct
Legend,WINNELSON,WINSUPPLY SHELTON CT CO (#072) - SHELTON - 189041,SHELTON,CT,110-105                  ,190 - Radiator Valves               ,$0,$20,($20),-100.0%,Direct
Legend,WINNELSON,WINSUPPLY WAKEFIELD MA CO (#016) - WAKEFIELD - 10038,WAKEFIELD,MA,110-105                  ,190 - Radiator Valves               ,$109,$90,$19,21.0%,Direct
Legend,ECONOMY PLBG. & HTG. #105710,ECONOMY PLBG. & HTG. #105710 - MATTAPAN - 14207,MATTAPAN,MA,110-106                  ,190 - Radiator Valves               ,"$1,200","$1,422",($222),-15.6%,Direct
Legend,HAJOCA,"PEABODY SUPPLY COMPANY, INC. - NORTH CHELMSFORD - 179976",NORTH CHELMSFORD,MA,110-106                  ,190 - Radiator Valves               ,$100,$0,$100,,Direct
Legend,NORTH SHORE HEATING SUPPLY,NORTH SHORE HEATING SUPPLY - LYNN - 13378,LYNN,MA,110-106                  ,190 - Radiator Valves               ,$289,$0,$289,,Direct
Legend,REPUBLIC PLUMBING SUPPLY,REPUBLIC PLUMBING SUPPLY #109250 - FOXBORO - 2126102,FOXBORO,MA,110-106                  ,190 - Radiator Valves               ,"$1,041",$0,"$1,041",,Direct
Legend,REPUBLIC PLUMBING SUPPLY,REPUBLIC PLUMBING SUPPLY #109250 - NORWOOD - 11341,NORWOOD,MA,110-106                  ,190 - Radiator Valves               ,($29),$287,($316),-110.1%,Direct
Legend,"SEEKONK SUPPLY, INC","SEEKONK SUPPLY, INC - #106780 - PROVIDENCE - 176778",PROVIDENCE,MA,110-106                  ,190 - Radiator Valves               ,$200,$0,$200,,Direct
Legend,"SEEKONK SUPPLY, INC","SEEKONK SUPPLY, INC. - #106780 - ATTLEBORO FALLS - 183219",ATTLEBORO FALLS,MA,110-106                  ,190 - Radiator Valves               ,$0,$83,($83),-100.0%,Direct
Legend,"SEEKONK SUPPLY, INC","SEEKONK SUPPLY, INC. - #106780 - BRIDGEWATER - 308451",BRIDGEWATER,MA,110-106                  ,190 - Radiator Valves               ,$0,$28,($28),-100.0%,Direct
Legend,SMITHFIELD PLUMBING & HEATING,SMITHFIELD PLUMBING & HEATING #104860 - TWIN MOUNTAIN - 179862,TWIN MOUNTAIN,RI,110-106                  ,190 - Radiator Valves               ,$0,$28,($28),-100.0%,Direct
Legend,THE GRANITE GROUP,THE GRANITE GROUP-DBA/SALEM PLBG -ADGG04 - BEVERLY - 189469,BEVERLY,MA,110-106                  ,190 - Radiator Valves               ,$174,$0,$174,,Direct
Legend,TORRCO,TORRCO - AD#TS28 - WATERBURY - 11523,WATERBURY,CT,110-106                  ,190 - Radiator Valves               ,$347,$0,$347,,Direct
Legend,WINNELSON,WINSUPPLY WAKEFIELD MA CO (#016) - WAKEFIELD - 10038,WAKEFIELD,MA,110-106                  ,190 - Radiator Valves               ,$0,$120,($120),-100.0%,Direct
Legend,REPUBLIC PLUMBING SUPPLY,REPUBLIC PLUMBING SUPPLY #109250 - FOXBORO - 2126102,FOXBORO,MA,110-107                  ,190 - Radiator Valves               ,$87,$0,$87,,Direct
Legend,"SEEKONK SUPPLY, INC","SEEKONK SUPPLY, INC - #106780 - PROVIDENCE - 176778",PROVIDENCE,MA,110-107                  ,190 - Radiator Valves               ,$101,$42,$59,142.0%,Direct
Legend,SMITHFIELD PLUMBING & HEATING,SMITHFIELD PLUMBING & HEATING #104860 - GREENVILLE - 11383,GREENVILLE,RI,110-107                  ,190 - Radiator Valves               ,$0,$84,($84),-100.0%,Direct
Legend,WINNELSON,WINSUPPLY MANCHESTER CT CO (#071) - MANCHESTER - 10933,MANCHESTER,CT,110-107                  ,190 - Radiator Valves               ,$51,$0,$51,,Direct
Legend,WINNELSON,WINSUPPLY WAKEFIELD MA CO (#016) - WAKEFIELD - 10038,WAKEFIELD,MA,110-107                  ,190 - Radiator Valves               ,$87,$0,$87,,Direct
Legend,ARDENTE SUPPLY CO,"ARDENTE SUPPLY CO., INC. - AD#AR20 - PROVIDENCE - 10056",PROVIDENCE,RI,110-113                  ,190 - Radiator Valves               ,$138,$0,$138,,Direct
Legend,BETTS PLUMBING & HEATING SUPPLY #257200,BETTS PLUMBING & HEATING SUPPLY #257200 - WESTFIELD - 211651,WESTFIELD,MA,110-113                  ,190 - Radiator Valves               ,$0,$131,($131),-100.0%,Direct
Legend,WINNELSON,BRANFORD WINNELSON CO (#075) - BRANFORD - 50111,BRANFORD,CT,110-113                  ,190 - Radiator Valves               ,$0,$11,($11),-100.0%,Direct
Legend,WINNELSON,WINSUPPLY ESSEX CT CO (#074) - ESSEX - 14076,ESSEX,CT,110-113                  ,190 - Radiator Valves               ,$83,$0,$83,,Direct
Legend,ECONOMY PLBG. & HTG. #105710,ECONOMY PLBG. & HTG. #105710 - MATTAPAN - 14207,MATTAPAN,MA,110-114                  ,190 - Radiator Valves               ,$242,$0,$242,,Direct
Legend,THE PORTLAND GROUP,THE PORTLAND GROUP - AD#PG02 - NORTH BILLERICA - 11320,NORTH BILLERICA,MA,110-114                  ,190 - Radiator Valves               ,$66,$0,$66,,Direct
Legend,ECONOMY PLBG. & HTG. #105710,ECONOMY PLBG. & HTG. #105710 - MATTAPAN - 14207,MATTAPAN,MA,110-115                  ,190 - Radiator Valves               ,$760,$0,$760,,Direct
Legend,WINNELSON,WINSUPPLY ESSEX CT CO (#074) - ESSEX - 14076,ESSEX,CT,110-115                  ,190 - Radiator Valves               ,$32,$0,$32,,Direct
Legend,ECONOMY PLBG. & HTG. #105710,ECONOMY PLBG. & HTG. #105710 - MATTAPAN - 14207,MATTAPAN,MA,110-116                  ,190 - Radiator Valves               ,$0,$415,($415),-100.0%,Direct
Legend,THE PORTLAND GROUP,THE PORTLAND GROUP - AD#PG02 - NORTH BILLERICA - 11320,NORTH BILLERICA,MA,110-116                  ,190 - Radiator Valves               ,$29,$0,$29,,Direct
Legend,WINNELSON,BRANFORD WINNELSON CO (#075) - BRANFORD - 50111,BRANFORD,CT,110-123                  ,190 - Radiator Valves               ,$0,$11,($11),-100.0%,Direct
Legend,WINNELSON,WINSUPPLY ESSEX CT CO (#074) - ESSEX - 14076,ESSEX,CT,110-123                  ,190 - Radiator Valves               ,$0,$11,($11),-100.0%,Direct
Legend,REPUBLIC PLUMBING SUPPLY,REPUBLIC PLUMBING SUPPLY #109250 - NORWOOD - 11341,NORWOOD,MA,110-133                  ,190 - Radiator Valves               ,$0,$15,($15),-100.0%,Direct
Legend,THE PORTLAND GROUP,THE PORTLAND GROUP -FRAMINGHAM - AD#PG02 - WORCESTER - 243231,WORCESTER,MA,110-133                  ,190 - Radiator Valves               ,($18),$0,($18),,Direct
Legend,REPUBLIC PLUMBING SUPPLY,REPUBLIC PLUMBING SUPPLY #109250 - FOXBORO - 2126102,FOXBORO,MA,110-134                  ,190 - Radiator Valves               ,$230,$0,$230,,Direct
Legend,ECONOMY PLBG. & HTG. #105710,ECONOMY PLBG. & HTG. #105710 - MATTAPAN - 14207,MATTAPAN,MA,110-135                  ,190 - Radiator Valves               ,$423,$0,$423,,Direct
Legend,"BANGOR PIPE & SUPPLY, INC. #107310","BANGOR PIPE & SUPPLY, INC. #107310 - BANGOR - 16063",BANGOR,ME,110-136                  ,190 - Radiator Valves               ,$0,$169,($169),-100.0%,Direct
Legend,"SEEKONK SUPPLY, INC","SEEKONK SUPPLY, INC - #106780 - PROVIDENCE - 176778",PROVIDENCE,MA,110-136                  ,190 - Radiator Valves               ,$102,$0,$102,,Direct
Legend,REPUBLIC PLUMBING SUPPLY,REPUBLIC PLUMBING SUPPLY #109250 - NORWOOD - 11341,NORWOOD,MA,110-137                  ,190 - Radiator Valves               ,$0,$53,($53),-100.0%,Direct
Legend,THE PORTLAND GROUP,THE PORTLAND GROUP -FRAMINGHAM - AD#PG02 - WORCESTER - 243231,WORCESTER,MA,110-143                  ,190 - Radiator Valves               ,($57),$0,($57),,Direct
Legend,THE PORTLAND GROUP,THE PORTLAND GROUP - AD#PG02 - NORTH BILLERICA - 11320,NORTH BILLERICA,MA,110-147                  ,190 - Radiator Valves               ,$30,$0,$30,,Direct
Legend,M & G SUPPLY,M & G SUPPLY #246600 - WARREN - 164436,WARREN,RI,110-148                  ,190 - Radiator Valves               ,$50,$0,$50,,Direct
Legend,R.A. MANLEY & SONS,R.A. MANLEY & SONS - PALMER - 10963,PALMER,MA,110-148                  ,190 - Radiator Valves               ,$0,$59,($59),-100.0%,Direct
Legend,THE PORTLAND GROUP,THE PORTLAND GROUP - AD#PG02 - NORTH BILLERICA - 11320,NORTH BILLERICA,MA,110-148                  ,190 - Radiator Valves               ,$92,$0,$92,,Direct
Legend,THE PORTLAND GROUP,THE PORTLAND GROUP -MEDFORD - AD#PG02 - MEDFORD - 14873,MEDFORD,MA,110-148                  ,190 - Radiator Valves               ,$0,$175,($175),-100.0%,Direct
Legend,TORRCO,TORRCO - AD#TS28 - WATERBURY - 11523,WATERBURY,CT,110-148                  ,190 - Radiator Valves               ,$0,$87,($87),-100.0%,Direct
Legend,TORRCO,TORRCO - AD#TS28 - WATERBURY - 11523,WATERBURY,CT,110-149                  ,190 - Radiator Valves               ,$0,$161,($161),-100.0%,Direct
Legend,"WIT-WAY SUPPLY, INC","WIT-WAY SUPPLY, INC. - ROCHESTER - 176976",ROCHESTER,NH,110-149                  ,190 - Radiator Valves               ,$0,$29,($29),-100.0%,Direct
Legend,TORRCO,TORRCO - AD#TS28 - WATERBURY - 11523,WATERBURY,CT,110-150                  ,190 - Radiator Valves               ,$0,$87,($87),-100.0%,Direct
Legend,ECONOMY PLBG. & HTG. #105710,ECONOMY PLBG. & HTG. #105710 - MATTAPAN - 14207,MATTAPAN,MA,110-163                  ,190 - Radiator Valves               ,$38,$0,$38,,Direct
Legend,WINNELSON,BRANFORD WINNELSON CO (#075) - BRANFORD - 50111,BRANFORD,CT,110-163                  ,190 - Radiator Valves               ,$0,$5,($5),-100.0%,Direct
Legend,WINNELSON,WINSUPPLY ESSEX CT CO (#074) - ESSEX - 14076,ESSEX,CT,110-163                  ,190 - Radiator Valves               ,$32,$0,$32,,Direct
Legend,WINNELSON,WINSUPPLY MANCHESTER CT CO (#071) - MANCHESTER - 10933,MANCHESTER,CT,110-163                  ,190 - Radiator Valves               ,$6,$0,$6,,Direct
Legend,WINNELSON,WINSUPPLY SHELTON CT CO (#072) - SHELTON - 189041,SHELTON,CT,110-163                  ,190 - Radiator Valves               ,$0,$10,($10),-100.0%,Direct
Legend,ARDENTE SUPPLY CO,"ARDENTE SUPPLY CO., INC. - AD#AR20 - PROVIDENCE - 10056",PROVIDENCE,RI,110-164                  ,190 - Radiator Valves               ,$82,$0,$82,,Direct
Legend,ECONOMY PLBG. & HTG. #105710,ECONOMY PLBG. & HTG. #105710 - MATTAPAN - 14207,MATTAPAN,MA,110-164                  ,190 - Radiator Valves               ,$66,$0,$66,,Direct
Legend,NORTH SHORE HEATING SUPPLY,NORTH SHORE HEATING SUPPLY - LYNN - 13378,LYNN,MA,110-164                  ,190 - Radiator Valves               ,$0,$57,($57),-100.0%,Direct
Legend,REPUBLIC PLUMBING SUPPLY,REPUBLIC PLUMBING SUPPLY #109250 - FOXBORO - 2126102,FOXBORO,MA,110-164                  ,190 - Radiator Valves               ,$58,$0,$58,,Direct
Legend,REPUBLIC PLUMBING SUPPLY,REPUBLIC PLUMBING SUPPLY #109250 - FOXBORO - 2126102,FOXBORO,MA,110-165                  ,190 - Radiator Valves               ,$10,$0,$10,,Direct
Legend,REPUBLIC PLUMBING SUPPLY,REPUBLIC PLUMBING SUPPLY #109250 - NORWOOD - 11341,NORWOOD,MA,110-165                  ,190 - Radiator Valves               ,$0,$20,($20),-100.0%,Direct
Legend,HAJOCA,STATE SUPPLY #448 - IPSWICH - 1604946,IPSWICH,LA,110-168                  ,190 - Radiator Valves               ,$0,$10,($10),-100.0%,Direct
Legend,REPUBLIC PLUMBING SUPPLY,REPUBLIC PLUMBING SUPPLY #109250 - FOXBORO - 2126102,FOXBORO,MA,110-168                  ,190 - Radiator Valves               ,$36,$0,$36,,Direct
Legend,TORRCO,TORRCO - AD#TS28 - WATERBURY - 11523,WATERBURY,CT,110-168                  ,190 - Radiator Valves               ,$0,$30,($30),-100.0%,Direct
Legend,ECONOMY PLBG. & HTG. #105710,ECONOMY PLBG. & HTG. #105710 - MATTAPAN - 14207,MATTAPAN,MA,110-169                  ,190 - Radiator Valves               ,$127,$0,$127,,Direct
Legend,PLUMBERS' SUPPLY - MASS,PLUMBERS' SUPPLY -BEDFORD DIST #PS50 - NEW BEDFORD - 184197,NEW BEDFORD,MA,110-169                  ,190 - Radiator Valves               ,$39,$32,$7,21.0%,Direct
Legend,REPUBLIC PLUMBING SUPPLY,REPUBLIC PLUMBING SUPPLY #109250 - FOXBORO - 2126102,FOXBORO,MA,110-169                  ,190 - Radiator Valves               ,$97,$0,$97,,Direct
Legend,REPUBLIC PLUMBING SUPPLY,REPUBLIC PLUMBING SUPPLY #109250 - NORWOOD - 11341,NORWOOD,MA,110-169                  ,190 - Radiator Valves               ,$0,$32,($32),-100.0%,Direct
Legend,DADDARIO HARDWARE INC,DADDARIO HARDWARE INC - FRANKLIN - 2117437,FRANKLIN,MA,110-170                  ,190 - Radiator Valves               ,$0,$8,($8),-100.0%,Direct
Legend,REPUBLIC PLUMBING SUPPLY,REPUBLIC PLUMBING SUPPLY #109250 - NORWOOD - 11341,NORWOOD,MA,110-170                  ,190 - Radiator Valves               ,$0,$3,($3),-100.0%,Direct
Legend,PLIMPTON & HILLS,PLIMPTON & HILLS CORP -AD#PH46 - MANCHESTER - 178293,MANCHESTER,CT,110-213                  ,190 - Radiator Valves               ,$38,$0,$38,,Direct
Legend,ACE PLUMBING SUPPLY- #257600,ACE PLUMBING SUPPLY- #257600 - BOSTON - 10036,BOSTON,MA,110-301                  ,200 - Air Vents                     ,$218,$0,$218,,Direct
Legend,ACE PLUMBING SUPPLY- #257600,ACE PLUMBING SUPPLY- #257600 - BOSTON - 10036,BOSTON,MA,110-304                  ,200 - Air Vents                     ,$163,$0,$163,,Direct
Legend,"SEEKONK SUPPLY, INC","SEEKONK SUPPLY, INC - #106780 - PROVIDENCE - 176778",PROVIDENCE,MA,110-304                  ,200 - Air Vents                     ,$98,$0,$98,,Direct
Legend,"SEEKONK SUPPLY, INC","SEEKONK SUPPLY, INC. - #106780 - REHOBOTH - 2118882",REHOBOTH,MA,110-304                  ,200 - Air Vents                     ,$0,$68,($68),-100.0%,Direct
Legend,R.A. MANLEY & SONS,R.A. MANLEY & SONS - PALMER - 10963,PALMER,MA,110-305                  ,200 - Air Vents                     ,$0,$173,($173),-100.0%,Direct
Legend,"SEEKONK SUPPLY, INC","SEEKONK SUPPLY, INC - #106780 - PROVIDENCE - 176778",PROVIDENCE,MA,110-321                  ,200 - Air Vents                     ,$6,$23,($18),-75.8%,Direct
Legend,"SEEKONK SUPPLY, INC","SEEKONK SUPPLY, INC. - #106780 - ATTLEBORO FALLS - 183219",ATTLEBORO FALLS,MA,110-321                  ,200 - Air Vents                     ,$0,$14,($14),-100.0%,Direct
Legend,M & G SUPPLY,M & G SUPPLY #246600 - EAST PROVIDENCE - 11021,EAST PROVIDENCE,RI,110-322                  ,200 - Air Vents                     ,$71,$0,$71,,Direct
Legend,"SEEKONK SUPPLY, INC","SEEKONK SUPPLY, INC. - #106780 - ATTLEBORO FALLS - 183219",ATTLEBORO FALLS,MA,110-322                  ,200 - Air Vents                     ,$0,$15,($15),-100.0%,Direct
Legend,M & G SUPPLY,M & G SUPPLY #246600 - EAST PROVIDENCE - 11021,EAST PROVIDENCE,RI,110-324                  ,200 - Air Vents                     ,$81,$0,$81,,Direct
Legend,M & G SUPPLY,M & G SUPPLY #246600 - EAST PROVIDENCE - 11021,EAST PROVIDENCE,RI,110-325                  ,200 - Air Vents                     ,$132,$0,$132,,Direct
Legend,"SEEKONK SUPPLY, INC","SEEKONK SUPPLY, INC - #106780 - FALL RIVER - 11378",FALL RIVER,MA,110-325                  ,200 - Air Vents                     ,$0,$27,($27),-100.0%,Direct
Legend,"SEEKONK SUPPLY, INC","SEEKONK SUPPLY, INC - #106780 - PROVIDENCE - 176778",PROVIDENCE,MA,110-325                  ,200 - Air Vents                     ,$158,$27,$131,480.8%,Direct
Legend,"SEEKONK SUPPLY, INC","SEEKONK SUPPLY, INC. - #106780 - REHOBOTH - 2118882",REHOBOTH,MA,110-325                  ,200 - Air Vents                     ,$66,$0,$66,,Direct
Legend,ACE PLUMBING SUPPLY- #257600,ACE PLUMBING SUPPLY- #257600 - BOSTON - 10036,BOSTON,MA,110-331                  ,200 - Air Vents                     ,$159,$0,$159,,Direct
Legend,PARK CITY VALVE & FITTING,PARK CITY VALVE & FITTING - BRIDGEPORT - 180459,BRIDGEPORT,CT,110-331                  ,200 - Air Vents                     ,$0,$133,($133),-100.0%,Direct
Legend,PARK CITY VALVE & FITTING,PARK CITY VALVE & FITTING - BRIDGEPORT - 180459,BRIDGEPORT,CT,110-332                  ,200 - Air Vents                     ,$0,$39,($39),-100.0%,Direct
Legend,TOWNHOUSE SUPPLY CO.,TOWNHOUSE SUPPLY CO. - WATERVILLE - 13342,WATERVILLE,ME,110-332                  ,200 - Air Vents                     ,($71),$0,($71),,Direct
Legend,WINNELSON,STAMFORD WINDUSTRIAL CO (#095) - STAMFORD - 179970,STAMFORD,CT,110-332                  ,200 - Air Vents                     ,$427,$0,$427,,Direct
Legend,"B.E. CROWLEY, INC. - #219000","B.E. CROWLEY, INC. - #219000 - SPRINGFIELD - 179571",SPRINGFIELD,MA,110-338                  ,200 - Air Vents                     ,$12,$0,$12,,Direct
Legend,ECONOMY PLBG. & HTG. #105710,ECONOMY PLBG. & HTG. #105710 - MATTAPAN - 14207,MATTAPAN,MA,110-338                  ,200 - Air Vents                     ,$370,$102,$268,262.3%,Direct
Legend,"SEEKONK SUPPLY, INC","SEEKONK SUPPLY, INC - #106780 - PROVIDENCE - 176778",PROVIDENCE,MA,110-338                  ,200 - Air Vents                     ,$12,$0,$12,,Direct
Legend,"SEEKONK SUPPLY, INC","SEEKONK SUPPLY, INC. - #106780 - ATTLEBORO FALLS - 183219",ATTLEBORO FALLS,MA,110-338                  ,200 - Air Vents                     ,$0,$10,($10),-100.0%,Direct
Legend,SMITHFIELD PLUMBING & HEATING,SMITHFIELD PLUMBING & HEATING #104860 - GREENVILLE - 11383,GREENVILLE,RI,110-338                  ,200 - Air Vents                     ,$25,$20,$4,20.8%,Direct
Legend,SMITHFIELD PLUMBING & HEATING,SMITHFIELD PLUMBING & HEATING #104860 - TWIN MOUNTAIN - 179862,TWIN MOUNTAIN,RI,110-338                  ,200 - Air Vents                     ,$0,$31,($31),-100.0%,Direct
Legend,WINNELSON,WINSUPPLY ESSEX CT CO (#074) - ESSEX - 14076,ESSEX,CT,110-338                  ,200 - Air Vents                     ,$25,$0,$25,,Direct
Legend,WINNELSON,WINSUPPLY SHELTON CT CO (#072) - SHELTON - 189041,SHELTON,CT,110-338                  ,200 - Air Vents                     ,$74,$0,$74,,Direct
Legend,WINNELSON,BRANFORD WINNELSON CO (#075) - BRANFORD - 50111,BRANFORD,CT,110-340                  ,200 - Air Vents                     ,$3,$0,$3,,Direct
Legend,WINNELSON,WINSUPPLY SHELTON CT CO (#072) - SHELTON - 189041,SHELTON,CT,110-340                  ,200 - Air Vents                     ,$7,$0,$7,,Direct
Legend,AMESBURY INDUSTRIAL SUPPLY,AMESBURY INDUSTRIAL SUPPLY - AMESBURY - 12187,AMESBURY,MA,110-345                  ,210 - Heating Specialties           ,$0,$14,($14),-100.0%,Direct
Legend,HAJOCA,"PEABODY SUPPLY COMPANY, INC. - NORTH CHELMSFORD - 179976",NORTH CHELMSFORD,MA,110-345                  ,210 - Heating Specialties           ,$54,$0,$54,,Direct
Legend,"SEEKONK SUPPLY, INC","SEEKONK SUPPLY, INC - #106780 - FALL RIVER - 11378",FALL RIVER,MA,110-345                  ,210 - Heating Specialties           ,$0,$42,($42),-100.0%,Direct
Legend,AMESBURY INDUSTRIAL SUPPLY,AMESBURY INDUSTRIAL SUPPLY - AMESBURY - 12187,AMESBURY,MA,110-346                  ,210 - Heating Specialties           ,$0,$14,($14),-100.0%,Direct
Legend,HAJOCA,"PEABODY SUPPLY COMPANY, INC. - NORTH CHELMSFORD - 179976",NORTH CHELMSFORD,MA,110-346                  ,210 - Heating Specialties           ,$0,$28,($28),-100.0%,Direct
Legend,PLIMPTON & HILLS,PLIMPTON & HILLS CORP -AD#PH46 - MANCHESTER - 178293,MANCHESTER,CT,110-404                  ,210 - Heating Specialties           ,$45,$0,$45,,Direct
Legend,TORRCO,TORRCO - AD#TS28 - STRATFORD - 2122531,STRATFORD,CT,110-404                  ,210 - Heating Specialties           ,$0,$52,($52),-100.0%,Direct
Legend,"WIT-WAY SUPPLY, INC","WIT-WAY SUPPLY, INC. - ROCHESTER - 176976",ROCHESTER,NH,111-134                  ,340 - Specialty Products            ,$0,$63,($63),-100.0%,Direct
Legend,P & E SUPPLY - #227900,P & E SUPPLY - #227900 - SANFORD - 11937,SANFORD,ME,111-134NL                ,340 - Specialty Products            ,$499,$0,$499,,Direct
Legend,BENDER SUPPLY,"BENDER MANAGEMENT, INC. AD#BE81 - WATERBURY - 13933",WATERBURY,CT,111-154                  ,340 - Specialty Products            ,$0,$22,($22),-100.0%,Direct
Legend,BETTS PLUMBING & HEATING SUPPLY #257200,BETTS PLUMBING & HEATING SUPPLY #257200 - WESTFIELD - 211651,WESTFIELD,MA,111-154                  ,340 - Specialty Products            ,$0,$22,($22),-100.0%,Direct
Legend,GEORGE O'BRIEN-SOUTH DENNIS,GEORGE O'BRIEN-SOUTH DENNIS - #227500 - SOUTH DENNIS - 11152,SOUTH DENNIS,MA,111-154                  ,340 - Specialty Products            ,$0,$551,($551),-100.0%,Direct
Legend,HAJOCA,PEABODY SALES & SERVICE - # 459 - HAVERHILL - 543477,HAVERHILL,MA,111-154                  ,340 - Specialty Products            ,$267,$0,$267,,Direct
Legend,PLIMPTON & HILLS,PLIMPTON & HILLS CORP -AD#PH46 - MANCHESTER - 178293,MANCHESTER,CT,111-154                  ,340 - Specialty Products            ,$0,$66,($66),-100.0%,Direct
Legend,THE GRANITE GROUP,THE GRANITE GROUP- ADGG04 - LONDONDERRY - 179844,LONDONDERRY,NH,111-154                  ,340 - Specialty Products            ,$240,$0,$240,,Direct
Legend,WINNELSON,WINSUPPLY - FALL RIVER-#068 - FALL RIVER - 15001,FALL RIVER,MA,111-154                  ,340 - Specialty Products            ,$0,$22,($22),-100.0%,Direct
Legend,WINNELSON,WINSUPPLY ESSEX CT CO (#074) - ESSEX - 14076,ESSEX,CT,111-154                  ,340 - Specialty Products            ,$0,$11,($11),-100.0%,Direct
Legend,WINNELSON,WINSUPPLY WORCESTER MA CO (#089) - AUBURN - 11695,AUBURN,MA,111-154                  ,340 - Specialty Products            ,$27,$0,$27,,Direct
Legend,WINNELSON,WINSUPPLY WORCESTER MA CO (#089) - AUBURN - 11695,AUBURN,MA,111-205                  ,210 - Heating Specialties           ,$110,$0,$110,,Direct
Legend,PLUMBERS' SUPPLY - MASS,PLUMBERS' SUPPLY -MIDDLETOWN #PS50 - MIDDLETOWN - 14772,MIDDLETOWN,MA,111-238                  ,340 - Specialty Products            ,$0,$42,($42),-100.0%,Direct
Legend,F.W. WEBB,F.W. WEBB - BATH - BATH - 605260,BATH,ME,111-243                  ,340 - Specialty Products            ,$0,$11,($11),-100.0%,Direct
Legend,F.W. WEBB,F.W. WEBB - BATH - BATH - 605260,BATH,ME,111-254                  ,340 - Specialty Products            ,$0,$3,($3),-100.0%,Direct
Legend,F.W. WEBB,F.W. WEBB - BATH - BATH - 605260,BATH,ME,111-264                  ,340 - Specialty Products            ,$0,$62,($62),-100.0%,Direct
Legend,M & G SUPPLY,M & G SUPPLY #246600 - WARREN - 164436,WARREN,RI,111-303NL                ,231 - Pressure Relief Valves        ,$0,$52,($52),-100.0%,Direct
Legend,WINNELSON,WINSUPPLY SEACOAST MA CO (#048) - SALISBURY - 658822,SALISBURY,MA,113-105                  ,60  - Steel Ball Valves             ,$0,($425),$425,100.0%,Direct
Legend,WINNELSON,WINSUPPLY SEACOAST MA CO (#048) - SALISBURY - 658822,SALISBURY,MA,113-107                  ,60  - Steel Ball Valves             ,$0,($472),$472,100.0%,Direct
Legend,WINNELSON,WINSUPPLY SEACOAST MA CO (#048) - SALISBURY - 658822,SALISBURY,MA,113-108                  ,60  - Steel Ball Valves             ,$0,($174),$174,100.0%,Direct
Legend,J.D.M. SUPPLY,J.D.M. SUPPLY - MAPLEVILLE - 15647,MAPLEVILLE,RI,113-141                  ,60  - Steel Ball Valves             ,$0,$156,($156),-100.0%,Direct
Legend,BETTS PLUMBING & HEATING SUPPLY #257200,BETTS PLUMBING & HEATING SUPPLY #257200 - WESTFIELD - 211651,WESTFIELD,MA,113-143                  ,60  - Steel Ball Valves             ,$0,$57,($57),-100.0%,Direct
Legend,J.D.M. SUPPLY,J.D.M. SUPPLY - MAPLEVILLE - 15647,MAPLEVILLE,RI,113-144                  ,60  - Steel Ball Valves             ,$0,$248,($248),-100.0%,Direct
Legend,AMESBURY INDUSTRIAL SUPPLY,AMESBURY INDUSTRIAL SUPPLY - AMESBURY - 12187,AMESBURY,MA,113-145                  ,60  - Steel Ball Valves             ,$0,$107,($107),-100.0%,Direct
Legend,J.D.M. SUPPLY,J.D.M. SUPPLY - MAPLEVILLE - 15647,MAPLEVILLE,RI,113-145                  ,60  - Steel Ball Valves             ,$0,$214,($214),-100.0%,Direct
Legend,J.D.M. SUPPLY,J.D.M. SUPPLY - MAPLEVILLE - 15647,MAPLEVILLE,RI,113-147                  ,60  - Steel Ball Valves             ,$0,$141,($141),-100.0%,Direct
Legend,J.D.M. SUPPLY,J.D.M. SUPPLY - MAPLEVILLE - 15647,MAPLEVILLE,RI,113-148                  ,60  - Steel Ball Valves             ,$0,$191,($191),-100.0%,Direct
Legend,J.D.M. SUPPLY,J.D.M. SUPPLY - MAPLEVILLE - 15647,MAPLEVILLE,RI,113-223                  ,60  - Steel Ball Valves             ,$0,$174,($174),-100.0%,Direct
Legend,J.D.M. SUPPLY,J.D.M. SUPPLY - MAPLEVILLE - 15647,MAPLEVILLE,RI,113-224                  ,60  - Steel Ball Valves             ,$0,$216,($216),-100.0%,Direct
Legend,WINNELSON,WINSUPPLY MANCHESTER CT CO (#071) - MANCHESTER - 10933,MANCHESTER,CT,114-102NL                ,170 - Chrome Stops                  ,$81,$32,$49,154.1%,Direct
Legend,WINNELSON,WINSUPPLY MANCHESTER CT CO (#071) - MANCHESTER - 10933,MANCHESTER,CT,114-103NL                ,170 - Chrome Stops                  ,$0,$34,($34),-100.0%,Direct
Legend,THE PORTLAND GROUP,THE PORTLAND GROUP - AD#PG02 - NORTH BILLERICA - 11320,NORTH BILLERICA,MA,114-104NL                ,170 - Chrome Stops                  ,$605,$0,$605,,Direct
Legend,THE PORTLAND GROUP,THE PORTLAND GROUP -FRAMINGHAM - AD#PG02 - WORCESTER - 243231,WORCESTER,MA,114-104NL                ,170 - Chrome Stops                  ,$0,$286,($286),-100.0%,Direct
Legend,THE PORTLAND GROUP,THE PORTLAND GROUP -RAYNHAM - AD#PG02 - RAYNHAM - 182939,RAYNHAM,MA,114-104NL                ,170 - Chrome Stops                  ,$48,$0,$48,,Direct
Legend,WINNELSON,WINSUPPLY MANCHESTER CT CO (#071) - MANCHESTER - 10933,MANCHESTER,CT,114-104NL                ,170 - Chrome Stops                  ,$48,$38,$10,27.0%,Direct
Legend,THE PORTLAND GROUP,THE PORTLAND GROUP - AD#PG02 - NORTH BILLERICA - 11320,NORTH BILLERICA,MA,114-107NL                ,170 - Chrome Stops                  ,"$1,746",$0,"$1,746",,Direct
Legend,THE PORTLAND GROUP,THE PORTLAND GROUP -RAYNHAM - AD#PG02 - RAYNHAM - 182939,RAYNHAM,MA,114-107NL                ,170 - Chrome Stops                  ,"$1,746",$0,"$1,746",,Direct
Legend,"SEEKONK SUPPLY, INC","SEEKONK SUPPLY, INC - #106780 - PROVIDENCE - 176778",PROVIDENCE,MA,114-113NL                ,170 - Chrome Stops                  ,$47,$0,$47,,Direct
Legend,"SEEKONK SUPPLY, INC","SEEKONK SUPPLY, INC. - #106780 - ATTLEBORO FALLS - 183219",ATTLEBORO FALLS,MA,114-113NL                ,170 - Chrome Stops                  ,$0,$37,($37),-100.0%,Direct
Legend,THE PORTLAND GROUP,THE PORTLAND GROUP - AD#PG02 - NORTH BILLERICA - 11320,NORTH BILLERICA,MA,114-113NL                ,170 - Chrome Stops                  ,$281,$0,$281,,Direct
Legend,WINNELSON,WINSUPPLY BRISTOL CO (#079) - BRISTOL - 10176,BRISTOL,CT,114-113NL                ,170 - Chrome Stops                  ,$0,$191,($191),-100.0%,Direct
Legend,WINNELSON,WINSUPPLY MANCHESTER CT CO (#071) - MANCHESTER - 10933,MANCHESTER,CT,114-113NL                ,170 - Chrome Stops                  ,$47,$291,($244),-83.9%,Direct
Legend,ATLANTIC PLBG & HTG - #236300,ATLANTIC PLBG & HTG - #236300 - COVENTRY - 13190,COVENTRY,RI,114-115NL                ,170 - Chrome Stops                  ,$78,$0,$78,,Direct
Legend,M & G SUPPLY,M & G SUPPLY #246600 - EAST PROVIDENCE - 11021,EAST PROVIDENCE,RI,114-115NL                ,170 - Chrome Stops                  ,$156,$0,$156,,Direct
Legend,THE PORTLAND GROUP,THE PORTLAND GROUP - AD#PG02 - NORTH BILLERICA - 11320,NORTH BILLERICA,MA,114-115NL                ,170 - Chrome Stops                  ,"$1,562",$0,"$1,562",,Direct
Legend,THE PORTLAND GROUP,THE PORTLAND GROUP -MIDDLETOWN - AD#PG02 - MIDDLETOWN - 179339,MIDDLETOWN,MA,114-115NL                ,170 - Chrome Stops                  ,$0,$92,($92),-100.0%,Direct
Legend,WINNELSON,WINSUPPLY BRISTOL CO (#079) - BRISTOL - 10176,BRISTOL,CT,114-115NL                ,170 - Chrome Stops                  ,$0,$123,($123),-100.0%,Direct
Legend,WINNELSON,WINSUPPLY MANCHESTER CT CO (#071) - MANCHESTER - 10933,MANCHESTER,CT,114-115NL                ,170 - Chrome Stops                  ,$78,$123,($45),-36.5%,Direct
Legend,THE PORTLAND GROUP,THE PORTLAND GROUP -FRAMINGHAM - AD#PG02 - WORCESTER - 243231,WORCESTER,MA,114-163NL                ,170 - Chrome Stops                  ,$0,$87,($87),-100.0%,Direct
Legend,THE PORTLAND GROUP,THE PORTLAND GROUP -MEDFORD - AD#PG02 - MEDFORD - 14873,MEDFORD,MA,114-163NL                ,170 - Chrome Stops                  ,$0,$139,($139),-100.0%,Direct
Legend,THE PORTLAND GROUP,THE PORTLAND GROUP -RAYNHAM - AD#PG02 - RAYNHAM - 182939,RAYNHAM,MA,114-163NL                ,170 - Chrome Stops                  ,$111,$0,$111,,Direct
Legend,WINNELSON,WINSUPPLY MANCHESTER CT CO (#071) - MANCHESTER - 10933,MANCHESTER,CT,114-202NL                ,170 - Chrome Stops                  ,$49,$38,$10,27.0%,Direct
Legend,WINNELSON,WINSUPPLY MANCHESTER CT CO (#071) - MANCHESTER - 10933,MANCHESTER,CT,114-203NL                ,170 - Chrome Stops                  ,$0,$40,($40),-100.0%,Direct
Legend,THE PORTLAND GROUP,THE PORTLAND GROUP - AD#PG02 - NORTH BILLERICA - 11320,NORTH BILLERICA,MA,114-204NL                ,170 - Chrome Stops                  ,$473,$0,$473,,Direct
Legend,THE PORTLAND GROUP,THE PORTLAND GROUP -FRAMINGHAM - AD#PG02 - WORCESTER - 243231,WORCESTER,MA,114-204NL                ,170 - Chrome Stops                  ,$0,$131,($131),-100.0%,Direct
Legend,THE PORTLAND GROUP,THE PORTLAND GROUP -MIDDLETOWN - AD#PG02 - MIDDLETOWN - 179339,MIDDLETOWN,MA,114-204NL                ,170 - Chrome Stops                  ,$0,$127,($127),-100.0%,Direct
Legend,WINNELSON,WINSUPPLY MANCHESTER CT CO (#071) - MANCHESTER - 10933,MANCHESTER,CT,114-204NL                ,170 - Chrome Stops                  ,$0,$44,($44),-100.0%,Direct
Legend,WINNELSON,WINSUPPLY SHELTON CT CO (#072) - SHELTON - 189041,SHELTON,CT,114-209NL                ,170 - Chrome Stops                  ,$0,$171,($171),-100.0%,Direct
Legend,THE PORTLAND GROUP,THE PORTLAND GROUP -MIDDLETOWN - AD#PG02 - MIDDLETOWN - 179339,MIDDLETOWN,MA,114-213NL                ,170 - Chrome Stops                  ,$0,$208,($208),-100.0%,Direct
Legend,WINNELSON,WINSUPPLY MANCHESTER CT CO (#071) - MANCHESTER - 10933,MANCHESTER,CT,114-213NL                ,170 - Chrome Stops                  ,$106,$42,$64,154.5%,Direct
Legend,ATLANTIC PLBG & HTG - #236300,ATLANTIC PLBG & HTG - #236300 - COVENTRY - 13190,COVENTRY,RI,114-215NL                ,170 - Chrome Stops                  ,$79,$0,$79,,Direct
Legend,THE PORTLAND GROUP,THE PORTLAND GROUP -MEDFORD - AD#PG02 - MEDFORD - 14873,MEDFORD,MA,114-215NL                ,170 - Chrome Stops                  ,$0,$62,($62),-100.0%,Direct
Legend,WINNELSON,WINSUPPLY MANCHESTER CT CO (#071) - MANCHESTER - 10933,MANCHESTER,CT,114-215NL                ,170 - Chrome Stops                  ,$79,$0,$79,,Direct
Legend,M & G SUPPLY,M & G SUPPLY #246600 - WARREN - 164436,WARREN,RI,114-602NL                ,181 - Ball Chrome Stops             ,$58,$48,$10,19.9%,Direct
Legend,THE PORTLAND GROUP,THE PORTLAND GROUP - AD#PG02 - NORTH BILLERICA - 11320,NORTH BILLERICA,MA,114-602NL                ,181 - Ball Chrome Stops             ,$203,$0,$203,,Direct
Legend,THE PORTLAND GROUP,THE PORTLAND GROUP -SACO - AD#PG02 - SACO - 239081,SACO,MA,114-602NL                ,181 - Ball Chrome Stops             ,$0,$357,($357),-100.0%,Direct
Legend,WINNELSON,WINSUPPLY MANCHESTER CT CO (#071) - MANCHESTER - 10933,MANCHESTER,CT,114-602NL                ,181 - Ball Chrome Stops             ,$0,$48,($48),-100.0%,Direct
Legend,M & G SUPPLY,M & G SUPPLY #246600 - WARREN - 164436,WARREN,RI,114-603NL                ,181 - Ball Chrome Stops             ,$24,$0,$24,,Direct
Legend,THE PORTLAND GROUP,THE PORTLAND GROUP -RAYNHAM - AD#PG02 - RAYNHAM - 182939,RAYNHAM,MA,114-603NL                ,181 - Ball Chrome Stops             ,$242,$0,$242,,Direct
Legend,THE PORTLAND GROUP,THE PORTLAND GROUP -MIDDLETOWN - AD#PG02 - MIDDLETOWN - 179339,MIDDLETOWN,MA,114-605NL                ,181 - Ball Chrome Stops             ,$0,$73,($73),-100.0%,Direct
Legend,GUSTAVE A. LARSON CO,DAIKIN COMFORT TECH  #101085 - NEW HAVEN - 2125379,NEW HAVEN,NJ,114-606NL                ,181 - Ball Chrome Stops             ,$206,$0,$206,,Direct
Legend,"SEEKONK SUPPLY, INC","SEEKONK SUPPLY, INC. - #106780 - BRIDGEWATER - 308451",BRIDGEWATER,MA,114-606NL                ,181 - Ball Chrome Stops             ,$0,$43,($43),-100.0%,Direct
Legend,"SEEKONK SUPPLY, INC","SEEKONK SUPPLY, INC. - #106780 - REHOBOTH - 2118882",REHOBOTH,MA,114-606NL                ,181 - Ball Chrome Stops             ,$52,$0,$52,,Direct
Legend,THE PORTLAND GROUP,THE PORTLAND GROUP -MEDFORD - AD#PG02 - MEDFORD - 14873,MEDFORD,MA,114-606NL                ,181 - Ball Chrome Stops             ,$0,$300,($300),-100.0%,Direct
Legend,THE PORTLAND GROUP,THE PORTLAND GROUP -SACO - AD#PG02 - SACO - 239081,SACO,MA,114-606NL                ,181 - Ball Chrome Stops             ,$0,$446,($446),-100.0%,Direct
Legend,WINNELSON,WINSUPPLY PORTLAND ME CO (#040) - SOUTH PORTLAND - 180358,SOUTH PORTLAND,ME,114-606NL                ,181 - Ball Chrome Stops             ,$0,$515,($515),-100.0%,Direct
Legend,WINNELSON,WINSUPPLY STAMFORD CT CO (#015) - STAMFORD - 12380,STAMFORD,CT,114-606NL                ,181 - Ball Chrome Stops             ,$309,$0,$309,,Direct
Legend,"WIT-WAY SUPPLY, INC","WIT-WAY SUPPLY, INC. - ROCHESTER - 176976",ROCHESTER,NH,114-606NL                ,181 - Ball Chrome Stops             ,$0,$43,($43),-100.0%,Direct
Legend,WINNELSON,WINSUPPLY MANCHESTER CT CO (#071) - MANCHESTER - 10933,MANCHESTER,CT,114-606NLB               ,181 - Ball Chrome Stops             ,$300,$250,$50,19.9%,Direct
Legend,DADDARIO HARDWARE INC,DADDARIO HARDWARE INC - FRANKLIN - 2117437,FRANKLIN,MA,114-607NL                ,181 - Ball Chrome Stops             ,$0,$60,($60),-100.0%,Direct
Legend,M & G SUPPLY,M & G SUPPLY #246600 - EAST PROVIDENCE - 11021,EAST PROVIDENCE,RI,114-609NL                ,181 - Ball Chrome Stops             ,$456,$0,$456,,Direct
Legend,M & G SUPPLY,M & G SUPPLY #246600 - WARREN - 164436,WARREN,RI,114-609NL                ,181 - Ball Chrome Stops             ,$91,$76,$15,20.0%,Direct
Legend,"SEEKONK SUPPLY, INC","SEEKONK SUPPLY, INC - #106780 - FALL RIVER - 11378",FALL RIVER,MA,114-609NL                ,181 - Ball Chrome Stops             ,$0,$95,($95),-100.0%,Direct
Legend,"SEEKONK SUPPLY, INC","SEEKONK SUPPLY, INC - #106780 - PROVIDENCE - 176778",PROVIDENCE,MA,114-609NL                ,181 - Ball Chrome Stops             ,$456,$190,$266,140.0%,Direct
Legend,"SEEKONK SUPPLY, INC","SEEKONK SUPPLY, INC. - #106780 - ATTLEBORO FALLS - 183219",ATTLEBORO FALLS,MA,114-609NL                ,181 - Ball Chrome Stops             ,$0,$190,($190),-100.0%,Direct
Legend,"SEEKONK SUPPLY, INC","SEEKONK SUPPLY, INC. - #106780 - BRIDGEWATER - 308451",BRIDGEWATER,MA,114-609NL                ,181 - Ball Chrome Stops             ,$228,$0,$228,,Direct
Legend,"SEEKONK SUPPLY, INC","SEEKONK SUPPLY, INC. - #106780 - REHOBOTH - 2118882",REHOBOTH,MA,114-609NL                ,181 - Ball Chrome Stops             ,$228,$95,$133,140.0%,Direct
Legend,THE PORTLAND GROUP,THE PORTLAND GROUP -MIDDLETOWN - AD#PG02 - MIDDLETOWN - 179339,MIDDLETOWN,MA,114-609NL                ,181 - Ball Chrome Stops             ,$0,$53,($53),-100.0%,Direct
Legend,M & G SUPPLY,M & G SUPPLY #246600 - WARREN - 164436,WARREN,RI,114-613NL                ,181 - Ball Chrome Stops             ,$31,$0,$31,,Direct
Legend,THE PORTLAND GROUP,THE PORTLAND GROUP -MIDDLETOWN - AD#PG02 - MIDDLETOWN - 179339,MIDDLETOWN,MA,114-613NL                ,181 - Ball Chrome Stops             ,$0,$115,($115),-100.0%,Direct
Legend,WINNELSON,WINSUPPLY MANCHESTER CT CO (#071) - MANCHESTER - 10933,MANCHESTER,CT,114-613NL                ,181 - Ball Chrome Stops             ,$0,$52,($52),-100.0%,Direct
Legend,F.W. WEBB,F.W. WEBB - BRIDGEWATER - BRIDGEWATER - 1542103,BRIDGEWATER,MA,114-613NLB               ,181 - Ball Chrome Stops             ,"$1,012",$0,"$1,012",,Direct
Legend,SUPPLY NEW ENGLAND,SUPPLY NEW ENGLAND #10 - AD#SN03 - UXBRIDGE - 15115,UXBRIDGE,MA,114-615NL                ,181 - Ball Chrome Stops             ,$131,$0,$131,,Direct
Legend,WINNELSON,WINSUPPLY - FALL RIVER-#068 - FALL RIVER - 15001,FALL RIVER,MA,114-615NL                ,181 - Ball Chrome Stops             ,$0,$55,($55),-100.0%,Direct
Legend,THE PORTLAND GROUP,THE PORTLAND GROUP -MEDFORD - AD#PG02 - MEDFORD - 14873,MEDFORD,MA,114-704NL                ,181 - Ball Chrome Stops             ,$0,$44,($44),-100.0%,Direct
Legend,"SEEKONK SUPPLY, INC","SEEKONK SUPPLY, INC - #106780 - FALL RIVER - 11378",FALL RIVER,MA,114-705NL                ,181 - Ball Chrome Stops             ,$0,$22,($22),-100.0%,Direct
Legend,SMITHFIELD PLUMBING & HEATING,SMITHFIELD PLUMBING & HEATING #104860 - GREENVILLE - 11383,GREENVILLE,RI,114-705NL                ,181 - Ball Chrome Stops             ,$53,$217,($164),-75.5%,Direct
Legend,SMITHFIELD PLUMBING & HEATING,SMITHFIELD PLUMBING & HEATING #104860 - TWIN MOUNTAIN - 179862,TWIN MOUNTAIN,RI,114-705NL                ,181 - Ball Chrome Stops             ,$106,$126,($20),-15.9%,Direct
Legend,THE PORTLAND GROUP,THE PORTLAND GROUP - AD#PG02 - NORTH BILLERICA - 11320,NORTH BILLERICA,MA,114-705NL                ,181 - Ball Chrome Stops             ,$106,$0,$106,,Direct
Legend,THE PORTLAND GROUP,THE PORTLAND GROUP -MEDFORD - AD#PG02 - MEDFORD - 14873,MEDFORD,MA,114-705NL                ,181 - Ball Chrome Stops             ,$0,$89,($89),-100.0%,Direct
Legend,THE PORTLAND GROUP,THE PORTLAND GROUP -RAYNHAM - AD#PG02 - RAYNHAM - 182939,RAYNHAM,MA,114-705NL                ,181 - Ball Chrome Stops             ,$0,$84,($84),-100.0%,Direct
Legend,GUSTAVE A. LARSON CO,DAIKIN COMFORT TECH  #101085 - NEW HAVEN - 2125379,NEW HAVEN,NJ,114-706NL                ,181 - Ball Chrome Stops             ,$53,$0,$53,,Direct
Legend,"SEEKONK SUPPLY, INC","SEEKONK SUPPLY, INC - #106780 - PROVIDENCE - 176778",PROVIDENCE,MA,114-706NL                ,181 - Ball Chrome Stops             ,$53,$0,$53,,Direct
Legend,WINNELSON,WINSUPPLY PORTLAND ME CO (#040) - SOUTH PORTLAND - 180358,SOUTH PORTLAND,ME,114-706NL                ,181 - Ball Chrome Stops             ,$0,$532,($532),-100.0%,Direct
Legend,"WIT-WAY SUPPLY, INC","WIT-WAY SUPPLY, INC. - ROCHESTER - 176976",ROCHESTER,NH,114-706NL                ,181 - Ball Chrome Stops             ,$0,$22,($22),-100.0%,Direct
Legend,WINNELSON,WINSUPPLY MANCHESTER CT CO (#071) - MANCHESTER - 10933,MANCHESTER,CT,114-706NLB               ,181 - Ball Chrome Stops             ,$300,$250,$50,19.9%,Direct
Legend,DADDARIO HARDWARE INC,DADDARIO HARDWARE INC - FRANKLIN - 2117437,FRANKLIN,MA,114-707NL                ,181 - Ball Chrome Stops             ,$0,$31,($31),-100.0%,Direct
Legend,THE PORTLAND GROUP,THE PORTLAND GROUP - AD#PG02 - NORTH BILLERICA - 11320,NORTH BILLERICA,MA,114-707NL                ,181 - Ball Chrome Stops             ,$186,$0,$186,,Direct
Legend,M & G SUPPLY,M & G SUPPLY #246600 - EAST PROVIDENCE - 11021,EAST PROVIDENCE,RI,114-709NL                ,181 - Ball Chrome Stops             ,$356,$0,$356,,Direct
Legend,M & G SUPPLY,M & G SUPPLY #246600 - WARREN - 164436,WARREN,RI,114-709NL                ,181 - Ball Chrome Stops             ,$178,$0,$178,,Direct
Legend,"SEEKONK SUPPLY, INC","SEEKONK SUPPLY, INC - #106780 - PROVIDENCE - 176778",PROVIDENCE,MA,114-709NL                ,181 - Ball Chrome Stops             ,$134,$0,$134,,Direct
Legend,"SEEKONK SUPPLY, INC","SEEKONK SUPPLY, INC. - #106780 - ATTLEBORO FALLS - 183219",ATTLEBORO FALLS,MA,114-709NL                ,181 - Ball Chrome Stops             ,$0,$93,($93),-100.0%,Direct
Legend,"SEEKONK SUPPLY, INC","SEEKONK SUPPLY, INC. - #106780 - BRIDGEWATER - 308451",BRIDGEWATER,MA,114-709NL                ,181 - Ball Chrome Stops             ,$223,$0,$223,,Direct
Legend,"SEEKONK SUPPLY, INC","SEEKONK SUPPLY, INC. - #106780 - REHOBOTH - 2118882",REHOBOTH,MA,114-709NL                ,181 - Ball Chrome Stops             ,$223,$0,$223,,Direct
Legend,THE PORTLAND GROUP,THE PORTLAND GROUP -MIDDLETOWN - AD#PG02 - MIDDLETOWN - 179339,MIDDLETOWN,MA,114-709NL                ,181 - Ball Chrome Stops             ,$0,$37,($37),-100.0%,Direct
Legend,"WINSLOW SUPPLY, INC.","WINSLOW SUPPLY, INC. - WATERVILLE - 181416",WATERVILLE,ME,114-709NL                ,181 - Ball Chrome Stops             ,$0,$223,($223),-100.0%,Direct
Legend,THE PORTLAND GROUP,THE PORTLAND GROUP -MEDFORD - AD#PG02 - MEDFORD - 14873,MEDFORD,MA,114-713NL                ,181 - Ball Chrome Stops             ,$0,$46,($46),-100.0%,Direct
Legend,THE PORTLAND GROUP,THE PORTLAND GROUP -MIDDLETOWN - AD#PG02 - MIDDLETOWN - 179339,MIDDLETOWN,MA,114-713NL                ,181 - Ball Chrome Stops             ,$0,$87,($87),-100.0%,Direct
Legend,THE PORTLAND GROUP,THE PORTLAND GROUP -RAYNHAM - AD#PG02 - RAYNHAM - 182939,RAYNHAM,MA,114-713NL                ,181 - Ball Chrome Stops             ,$28,$61,($33),-54.9%,Direct
Legend,WINNELSON,WINSUPPLY MANCHESTER CT CO (#071) - MANCHESTER - 10933,MANCHESTER,CT,114-713NL                ,181 - Ball Chrome Stops             ,$0,$46,($46),-100.0%,Direct
Legend,M & G SUPPLY,M & G SUPPLY #246600 - WARREN - 164436,WARREN,RI,114-715NL                ,181 - Ball Chrome Stops             ,$66,$109,($44),-40.1%,Direct
Legend,"SEEKONK SUPPLY, INC","SEEKONK SUPPLY, INC. - #106780 - ATTLEBORO FALLS - 183219",ATTLEBORO FALLS,MA,114-715NL                ,181 - Ball Chrome Stops             ,$0,$55,($55),-100.0%,Direct
Legend,"SEEKONK SUPPLY, INC","SEEKONK SUPPLY, INC. - #106780 - BRIDGEWATER - 308451",BRIDGEWATER,MA,114-715NL                ,181 - Ball Chrome Stops             ,$66,$0,$66,,Direct
Legend,SUPPLY NEW ENGLAND,SUPPLY NEW ENGLAND #10 - AD#SN03 - UXBRIDGE - 15115,UXBRIDGE,MA,114-715NL                ,181 - Ball Chrome Stops             ,$79,$0,$79,,Direct
Legend,BETTS PLUMBING & HEATING SUPPLY #257200,BETTS PLUMBING & HEATING SUPPLY #257200 - WESTFIELD - 211651,WESTFIELD,MA,114-903PNL               ,181 - Ball Chrome Stops             ,$0,$165,($165),-100.0%,Direct
Legend,M & G SUPPLY,M & G SUPPLY #246600 - WARREN - 164436,WARREN,RI,114-903PNL               ,181 - Ball Chrome Stops             ,$453,$412,$41,9.9%,Direct
Legend,PLIMPTON & HILLS,PLIMPTON & HILLS CORP -AD#PH46 - MANCHESTER - 178293,MANCHESTER,CT,114-903PNL               ,181 - Ball Chrome Stops             ,"$2,549","$7,718","($5,170)",-67.0%,Direct
Legend,SMITHFIELD PLUMBING & HEATING,SMITHFIELD PLUMBING & HEATING #104860 - GREENVILLE - 11383,GREENVILLE,RI,114-903PNL               ,181 - Ball Chrome Stops             ,"$1,358",$755,$603,79.8%,Direct
Legend,SMITHFIELD PLUMBING & HEATING,SMITHFIELD PLUMBING & HEATING #104860 - TWIN MOUNTAIN - 179862,TWIN MOUNTAIN,RI,114-903PNL               ,181 - Ball Chrome Stops             ,$181,$687,($505),-73.6%,Direct
Legend,THE PORTLAND GROUP,THE PORTLAND GROUP - AD#PG02 - NORTH BILLERICA - 11320,NORTH BILLERICA,MA,114-903PNL               ,181 - Ball Chrome Stops             ,$0,$687,($687),-100.0%,Direct
Legend,THE PORTLAND GROUP,THE PORTLAND GROUP -FRAMINGHAM - AD#PG02 - WORCESTER - 243231,WORCESTER,MA,114-903PNL               ,181 - Ball Chrome Stops             ,$0,$687,($687),-100.0%,Direct
Legend,THE PORTLAND GROUP,THE PORTLAND GROUP -MEDFORD - AD#PG02 - MEDFORD - 14873,MEDFORD,MA,114-903PNL               ,181 - Ball Chrome Stops             ,$0,$687,($687),-100.0%,Direct
Legend,THE PORTLAND GROUP,THE PORTLAND GROUP -RAYNHAM - AD#PG02 - RAYNHAM - 182939,RAYNHAM,MA,114-903PNL               ,181 - Ball Chrome Stops             ,$453,$0,$453,,Direct
Legend,THE PORTLAND GROUP,THE PORTLAND GROUP -SACO - AD#PG02 - SACO - 239081,SACO,MA,114-903PNL               ,181 - Ball Chrome Stops             ,$0,$137,($137),-100.0%,Direct
Legend,TORRCO,TORRCO - AD#TS28 - WATERBURY - 11523,WATERBURY,CT,114-903PNL               ,181 - Ball Chrome Stops             ,"$2,549","$1,153","$1,395",121.0%,Direct
Legend,WINNELSON,WINSUPPLY - PLYMOUTH-#085 - PLYMOUTH - 187363,PLYMOUTH,MA,114-903PNL               ,181 - Ball Chrome Stops             ,$0,$214,($214),-100.0%,Direct
Legend,WINNELSON,WINSUPPLY MANCHESTER CT CO (#071) - MANCHESTER - 10933,MANCHESTER,CT,114-903PNL               ,181 - Ball Chrome Stops             ,$726,$330,$396,120.0%,Direct
Legend,PLIMPTON & HILLS,PLIMPTON & HILLS CORP -AD#PH46 - MANCHESTER - 178293,MANCHESTER,CT,114-903PNLK              ,181 - Ball Chrome Stops             ,$183,$0,$183,,Direct
Legend,BENDER SUPPLY,"BENDER MANAGEMENT, INC. AD#BE81 - NEW HAVEN - 15530",NEW HAVEN,CT,114-904PNL               ,181 - Ball Chrome Stops             ,$37,$0,$37,,Direct
Legend,BENDER SUPPLY,"BENDER MANAGEMENT, INC. AD#BE81 - WATERBURY - 13933",WATERBURY,CT,114-904PNL               ,181 - Ball Chrome Stops             ,$28,$101,($73),-72.2%,Direct
Legend,PLIMPTON & HILLS,PLIMPTON & HILLS CORP -AD#PH46 - MANCHESTER - 178293,MANCHESTER,CT,114-904PNL               ,181 - Ball Chrome Stops             ,$0,$244,($244),-100.0%,Direct
Legend,THE PORTLAND GROUP,THE PORTLAND GROUP -MANCHESTER - AD#PG02 - MANCHESTER - 181940,MANCHESTER,MA,114-904PNL               ,181 - Ball Chrome Stops             ,$0,$40,($40),-100.0%,Direct
Legend,THE PORTLAND GROUP,THE PORTLAND GROUP -MIDDLETOWN - AD#PG02 - MIDDLETOWN - 179339,MIDDLETOWN,MA,114-904PNL               ,181 - Ball Chrome Stops             ,$0,$67,($67),-100.0%,Direct
Legend,TORRCO,TORRCO - AD#TS28 - WATERBURY - 11523,WATERBURY,CT,114-904PNL               ,181 - Ball Chrome Stops             ,$0,$323,($323),-100.0%,Direct
Legend,WINNELSON,WINSUPPLY - PLYMOUTH-#085 - PLYMOUTH - 187363,PLYMOUTH,MA,114-904PNL               ,181 - Ball Chrome Stops             ,$0,$51,($51),-100.0%,Direct
Legend,WINNELSON,WINSUPPLY MANCHESTER CT CO (#071) - MANCHESTER - 10933,MANCHESTER,CT,114-904PNL               ,181 - Ball Chrome Stops             ,$73,$0,$73,,Direct
Legend,WINNELSON,WINSUPPLY WAKEFIELD MA CO (#016) - WAKEFIELD - 10038,WAKEFIELD,MA,114-904PNL               ,181 - Ball Chrome Stops             ,$0,$76,($76),-100.0%,Direct
Legend,M & G SUPPLY,M & G SUPPLY #246600 - EAST PROVIDENCE - 11021,EAST PROVIDENCE,RI,114-913PNL               ,181 - Ball Chrome Stops             ,$181,$0,$181,,Direct
Legend,M & G SUPPLY,M & G SUPPLY #246600 - WARREN - 164436,WARREN,RI,114-913PNL               ,181 - Ball Chrome Stops             ,$453,$0,$453,,Direct
Legend,PLIMPTON & HILLS,PLIMPTON & HILLS CORP -AD#PH46 - MANCHESTER - 178293,MANCHESTER,CT,114-913PNL               ,181 - Ball Chrome Stops             ,"$2,124","$1,930",$194,10.1%,Direct
Legend,SMITHFIELD PLUMBING & HEATING,SMITHFIELD PLUMBING & HEATING #104860 - GREENVILLE - 11383,GREENVILLE,RI,114-913PNL               ,181 - Ball Chrome Stops             ,$453,$687,($234),-34.1%,Direct
Legend,SMITHFIELD PLUMBING & HEATING,SMITHFIELD PLUMBING & HEATING #104860 - TWIN MOUNTAIN - 179862,TWIN MOUNTAIN,RI,114-913PNL               ,181 - Ball Chrome Stops             ,$181,$137,$44,31.9%,Direct
Legend,THE PORTLAND GROUP,THE PORTLAND GROUP - AD#PG02 - NORTH BILLERICA - 11320,NORTH BILLERICA,MA,114-913PNL               ,181 - Ball Chrome Stops             ,"$1,086",$0,"$1,086",,Direct
Legend,THE PORTLAND GROUP,THE PORTLAND GROUP -BOSTON - AD#PG02 - ROXBURY - 11203,ROXBURY,MA,114-913PNL               ,181 - Ball Chrome Stops             ,$0,$150,($150),-100.0%,Direct
Legend,THE PORTLAND GROUP,THE PORTLAND GROUP -FRAMINGHAM - AD#PG02 - FRAMINGHAM - 175502,FRAMINGHAM,MA,114-913PNL               ,181 - Ball Chrome Stops             ,$0,$359,($359),-100.0%,Direct
Legend,THE PORTLAND GROUP,THE PORTLAND GROUP -FRAMINGHAM - AD#PG02 - WORCESTER - 243231,WORCESTER,MA,114-913PNL               ,181 - Ball Chrome Stops             ,$0,$150,($150),-100.0%,Direct
Legend,THE PORTLAND GROUP,THE PORTLAND GROUP -RAYNHAM - AD#PG02 - RAYNHAM - 182939,RAYNHAM,MA,114-913PNL               ,181 - Ball Chrome Stops             ,$362,$0,$362,,Direct
Legend,TORRCO,TORRCO - AD#TS28 - WATERBURY - 11523,WATERBURY,CT,114-913PNL               ,181 - Ball Chrome Stops             ,"$2,804","$1,878",$925,49.3%,Direct
Legend,WINNELSON,WINSUPPLY - FALL RIVER-#068 - FALL RIVER - 15001,FALL RIVER,MA,114-913PNL               ,181 - Ball Chrome Stops             ,$0,$687,($687),-100.0%,Direct
Legend,WINNELSON,WINSUPPLY MANCHESTER CT CO (#071) - MANCHESTER - 10933,MANCHESTER,CT,114-913PNL               ,181 - Ball Chrome Stops             ,$363,$0,$363,,Direct
Legend,BENDER SUPPLY,"BENDER MANAGEMENT, INC. AD#BE81 - HARTFORD - 16146",HARTFORD,CT,114-914PNL               ,181 - Ball Chrome Stops             ,$0,$34,($34),-100.0%,Direct
Legend,BENDER SUPPLY,"BENDER MANAGEMENT, INC. AD#BE81 - NEW HAVEN - 15530",NEW HAVEN,CT,114-914PNL               ,181 - Ball Chrome Stops             ,$0,$67,($67),-100.0%,Direct
Legend,BENDER SUPPLY,"BENDER MANAGEMENT, INC. AD#BE81 - WATERBURY - 13933",WATERBURY,CT,114-914PNL               ,181 - Ball Chrome Stops             ,$0,$27,($27),-100.0%,Direct
Legend,PLIMPTON & HILLS,PLIMPTON & HILLS CORP -AD#PH46 - MANCHESTER - 178293,MANCHESTER,CT,114-914PNL               ,181 - Ball Chrome Stops             ,$500,$0,$500,,Direct
Legend,SMITHFIELD PLUMBING & HEATING,SMITHFIELD PLUMBING & HEATING #104860 - GREENVILLE - 11383,GREENVILLE,RI,114-914PNL               ,181 - Ball Chrome Stops             ,$177,$202,($24),-12.1%,Direct
Legend,SMITHFIELD PLUMBING & HEATING,SMITHFIELD PLUMBING & HEATING #104860 - TWIN MOUNTAIN - 179862,TWIN MOUNTAIN,RI,114-914PNL               ,181 - Ball Chrome Stops             ,$0,$134,($134),-100.0%,Direct
Legend,THE PORTLAND GROUP,THE PORTLAND GROUP - AD#PG02 - NORTH BILLERICA - 11320,NORTH BILLERICA,MA,114-914PNL               ,181 - Ball Chrome Stops             ,$177,$0,$177,,Direct
Legend,THE PORTLAND GROUP,THE PORTLAND GROUP -FRAMINGHAM - AD#PG02 - FRAMINGHAM - 175502,FRAMINGHAM,MA,114-914PNL               ,181 - Ball Chrome Stops             ,$0,$134,($134),-100.0%,Direct
Legend,TORRCO,TORRCO - AD#TS28 - WATERBURY - 11523,WATERBURY,CT,114-914PNL               ,181 - Ball Chrome Stops             ,$404,$403,$0,0.0%,Direct
Legend,WINNELSON,WINSUPPLY MANCHESTER CT CO (#071) - MANCHESTER - 10933,MANCHESTER,CT,114-914PNL               ,181 - Ball Chrome Stops             ,$34,$52,($18),-34.0%,Direct
Legend,WINNELSON,WINSUPPLY WAKEFIELD MA CO (#016) - WAKEFIELD - 10038,WAKEFIELD,MA,114-914PNL               ,181 - Ball Chrome Stops             ,$71,$0,$71,,Direct
Legend,SMITHFIELD PLUMBING & HEATING,SMITHFIELD PLUMBING & HEATING #104860 - GREENVILLE - 11383,GREENVILLE,RI,114-953NL                ,181 - Ball Chrome Stops             ,$0,$65,($65),-100.0%,Direct
Legend,M & G SUPPLY,M & G SUPPLY #246600 - EAST PROVIDENCE - 11021,EAST PROVIDENCE,RI,115-103NL                ,230 - Backflow Preventers           ,$62,$0,$62,,Direct
Legend,M & G SUPPLY,M & G SUPPLY #246600 - WARREN - 164436,WARREN,RI,115-103NL                ,230 - Backflow Preventers           ,$0,$57,($57),-100.0%,Direct
Legend,PLUMBERS' SUPPLY - MASS,PLUMBERS' SUPPLY -BEDFORD DIST #PS50 - NEW BEDFORD - 184197,NEW BEDFORD,MA,115-103NL                ,230 - Backflow Preventers           ,$124,$114,$10,9.0%,Direct
Legend,"SEEKONK SUPPLY, INC","SEEKONK SUPPLY, INC - #106780 - FALL RIVER - 11378",FALL RIVER,MA,115-103NL                ,230 - Backflow Preventers           ,$0,$142,($142),-100.0%,Direct
Legend,"SEEKONK SUPPLY, INC","SEEKONK SUPPLY, INC - #106780 - PROVIDENCE - 176778",PROVIDENCE,MA,115-103NL                ,230 - Backflow Preventers           ,$526,$142,$384,270.6%,Direct
Legend,"SEEKONK SUPPLY, INC","SEEKONK SUPPLY, INC. - #106780 - ATTLEBORO FALLS - 183219",ATTLEBORO FALLS,MA,115-103NL                ,230 - Backflow Preventers           ,$0,$284,($284),-100.0%,Direct
Legend,"SEEKONK SUPPLY, INC","SEEKONK SUPPLY, INC. - #106780 - BRIDGEWATER - 308451",BRIDGEWATER,MA,115-103NL                ,230 - Backflow Preventers           ,$0,$142,($142),-100.0%,Direct
Legend,"SEEKONK SUPPLY, INC","SEEKONK SUPPLY, INC. - #106780 - REHOBOTH - 2118882",REHOBOTH,MA,115-103NL                ,230 - Backflow Preventers           ,$0,$85,($85),-100.0%,Direct
Legend,F.W. WEBB,F.W. WEBB - ROCKLAND - ROCKLAND - 11720,ROCKLAND,ME,115-104NL                ,230 - Backflow Preventers           ,$0,$710,($710),-100.0%,Direct
Legend,M & G SUPPLY,M & G SUPPLY #246600 - EAST PROVIDENCE - 11021,EAST PROVIDENCE,RI,115-104NL                ,230 - Backflow Preventers           ,$124,$0,$124,,Direct
Legend,M & G SUPPLY,M & G SUPPLY #246600 - WARREN - 164436,WARREN,RI,115-104NL                ,230 - Backflow Preventers           ,$340,$0,$340,,Direct
Legend,PLUMBERS' SUPPLY - MASS,PLUMBERS' SUPPLY -BEDFORD DIST #PS50 - NEW BEDFORD - 184197,NEW BEDFORD,MA,115-104NL                ,230 - Backflow Preventers           ,$186,$0,$186,,Direct
Legend,"SEEKONK SUPPLY, INC","SEEKONK SUPPLY, INC. - #106780 - REHOBOTH - 2118882",REHOBOTH,MA,115-104NL                ,230 - Backflow Preventers           ,$0,"$4,260","($4,260)",-100.0%,Direct
Legend,SMITHFIELD PLUMBING & HEATING,SMITHFIELD PLUMBING & HEATING #104860 - GREENVILLE - 11383,GREENVILLE,RI,115-104NL                ,230 - Backflow Preventers           ,$619,$710,($91),-12.8%,Direct
Legend,SMITHFIELD PLUMBING & HEATING,SMITHFIELD PLUMBING & HEATING #104860 - TWIN MOUNTAIN - 179862,TWIN MOUNTAIN,RI,115-104NL                ,230 - Backflow Preventers           ,$0,$85,($85),-100.0%,Direct
Legend,"WIT-WAY SUPPLY, INC","WIT-WAY SUPPLY, INC. - ROCHESTER - 12060",ROCHESTER,NH,115-104NL                ,230 - Backflow Preventers           ,$186,$0,$186,,Direct
Legend,"WIT-WAY SUPPLY, INC","WIT-WAY SUPPLY, INC. - ROCHESTER - 176976",ROCHESTER,NH,115-104NL                ,230 - Backflow Preventers           ,$0,$85,($85),-100.0%,Direct
Legend,M & G SUPPLY,M & G SUPPLY #246600 - WARREN - 164436,WARREN,RI,115-105NL                ,230 - Backflow Preventers           ,$0,$66,($66),-100.0%,Direct
Legend,PLUMBERS' SUPPLY - MASS,PLUMBERS' SUPPLY -BEDFORD DIST #PS50 - NEW BEDFORD - 184197,NEW BEDFORD,MA,115-105NL                ,230 - Backflow Preventers           ,$72,$0,$72,,Direct
Legend,"WIT-WAY SUPPLY, INC","WIT-WAY SUPPLY, INC. - ROCHESTER - 12060",ROCHESTER,NH,115-105NL                ,230 - Backflow Preventers           ,$72,$0,$72,,Direct
Legend,PARK CITY VALVE & FITTING,PARK CITY VALVE & FITTING - BRIDGEPORT - 180459,BRIDGEPORT,CT,115-113                  ,230 - Backflow Preventers           ,$0,$631,($631),-100.0%,Direct
Legend,TORRCO,TORRCO - AD#TS28 - WATERBURY - 11523,WATERBURY,CT,116-221                  ,63  - Cast Iron Valves              ,$57,$0,$57,,Direct
Legend,TORRCO,TORRCO - AD#TS28 - WATERBURY - 11523,WATERBURY,CT,116-223                  ,63  - Cast Iron Valves              ,$169,$0,$169,,Direct
Legend,TORRCO,TORRCO - AD#TS28 - WATERBURY - 11523,WATERBURY,CT,116-651                  ,64  - Cast Iron Butterfly Valves    ,$63,$0,$63,,Direct
Legend,"SEEKONK SUPPLY, INC","SEEKONK SUPPLY, INC - #106780 - FALL RIVER - 11378",FALL RIVER,MA,201-206                  ,260 - PVC True Union Ball Valves    ,$0,$17,($17),-100.0%,Direct
Legend,"AQUATIC TECHNOLOGY - dba POOLWEB, LLC","AQUATIC TECHNOLOGY - dba POOLWEB, LLC - AUGUSTA - 182211",AUGUSTA,ME,201-207                  ,260 - PVC True Union Ball Valves    ,$352,$0,$352,,Direct
Legend,BETTS PLUMBING & HEATING SUPPLY #257200,BETTS PLUMBING & HEATING SUPPLY #257200 - WESTFIELD - 211651,WESTFIELD,MA,201-207                  ,260 - PVC True Union Ball Valves    ,$0,$134,($134),-100.0%,Direct
Legend,"AQUATIC TECHNOLOGY - dba POOLWEB, LLC","AQUATIC TECHNOLOGY - dba POOLWEB, LLC - AUGUSTA - 182211",AUGUSTA,ME,201-208                  ,260 - PVC True Union Ball Valves    ,$552,$0,$552,,Direct
Legend,BETTS PLUMBING & HEATING SUPPLY #257200,BETTS PLUMBING & HEATING SUPPLY #257200 - WESTFIELD - 211651,WESTFIELD,MA,201-208                  ,260 - PVC True Union Ball Valves    ,$147,$0,$147,,Direct
Legend,PARK CITY VALVE & FITTING,PARK CITY VALVE & FITTING - BRIDGEPORT - 180459,BRIDGEPORT,CT,201-208                  ,260 - PVC True Union Ball Valves    ,$0,$122,($122),-100.0%,Direct
Legend,"TEK MAHONY FITTINGS, INC.","TEK MAHONY FITTINGS, INC. - EAST WINDSOR - 12053",EAST WINDSOR,CT,201-208                  ,260 - PVC True Union Ball Valves    ,$37,$0,$37,,Direct
Legend,WINNELSON,WINSUPPLY ESSEX CT CO (#074) - ESSEX - 14076,ESSEX,CT,201-208                  ,260 - PVC True Union Ball Valves    ,$37,$0,$37,,Direct
Legend,"AQUATIC TECHNOLOGY - dba POOLWEB, LLC","AQUATIC TECHNOLOGY - dba POOLWEB, LLC - AUGUSTA - 182211",AUGUSTA,ME,201-209                  ,260 - PVC True Union Ball Valves    ,$393,$0,$393,,Direct
Legend,"SEEKONK SUPPLY, INC","SEEKONK SUPPLY, INC - #106780 - FALL RIVER - 11378",FALL RIVER,MA,201-209                  ,260 - PVC True Union Ball Valves    ,$0,$108,($108),-100.0%,Direct
Legend,"SEEKONK SUPPLY, INC","SEEKONK SUPPLY, INC. - #106780 - BRIDGEWATER - 308451",BRIDGEWATER,MA,201-209                  ,260 - PVC True Union Ball Valves    ,$0,$108,($108),-100.0%,Direct
Legend,"AQUATIC TECHNOLOGY - dba POOLWEB, LLC","AQUATIC TECHNOLOGY - dba POOLWEB, LLC - AUGUSTA - 182211",AUGUSTA,ME,201-210                  ,260 - PVC True Union Ball Valves    ,$0,$332,($332),-100.0%,Direct
Legend,BETTS PLUMBING & HEATING SUPPLY #257200,BETTS PLUMBING & HEATING SUPPLY #257200 - WESTFIELD - 211651,WESTFIELD,MA,201-210                  ,260 - PVC True Union Ball Valves    ,$100,$0,$100,,Direct
Legend,"AQUATIC TECHNOLOGY - dba POOLWEB, LLC","AQUATIC TECHNOLOGY - dba POOLWEB, LLC - AUGUSTA - 182211",AUGUSTA,ME,201-211                  ,260 - PVC True Union Ball Valves    ,$209,$0,$209,,Direct
Legend,"SEEKONK SUPPLY, INC","SEEKONK SUPPLY, INC. - #106780 - ATTLEBORO FALLS - 183219",ATTLEBORO FALLS,MA,201-211                  ,260 - PVC True Union Ball Valves    ,$0,$345,($345),-100.0%,Direct
Legend,THE GRANITE GROUP,THE GRANITE GROUP- ADGG04 - LONDONDERRY - 179844,LONDONDERRY,NH,201-303                  ,280 - PVC Compact Ball Valves-White ,$0,$4,($4),-100.0%,Direct
Legend,THE GRANITE GROUP,THE GRANITE GROUP- ADGG04 - LONDONDERRY - 179844,LONDONDERRY,NH,201-304                  ,280 - PVC Compact Ball Valves-White ,$0,$6,($6),-100.0%,Direct
Legend,BETTS PLUMBING & HEATING SUPPLY #257200,BETTS PLUMBING & HEATING SUPPLY #257200 - WESTFIELD - 211651,WESTFIELD,MA,201-305                  ,280 - PVC Compact Ball Valves-White ,$0,$9,($9),-100.0%,Direct
Legend,M & G SUPPLY,M & G SUPPLY #246600 - EAST PROVIDENCE - 11021,EAST PROVIDENCE,RI,201-305                  ,280 - PVC Compact Ball Valves-White ,$3,$0,$3,,Direct
Legend,M & G SUPPLY,M & G SUPPLY #246600 - WARREN - 164436,WARREN,RI,201-307                  ,280 - PVC Compact Ball Valves-White ,$12,$0,$12,,Direct
Legend,BETTS PLUMBING & HEATING SUPPLY #257200,BETTS PLUMBING & HEATING SUPPLY #257200 - WESTFIELD - 211651,WESTFIELD,MA,201-308                  ,280 - PVC Compact Ball Valves-White ,$0,$23,($23),-100.0%,Direct
Legend,AMESBURY INDUSTRIAL SUPPLY,AMESBURY INDUSTRIAL SUPPLY - AMESBURY - 12187,AMESBURY,MA,201-310                  ,280 - PVC Compact Ball Valves-White ,$0,$62,($62),-100.0%,Direct
Legend,THE GRANITE GROUP,THE GRANITE GROUP- ADGG04 - LONDONDERRY - 179844,LONDONDERRY,NH,201-403                  ,280 - PVC Compact Ball Valves-White ,$0,$2,($2),-100.0%,Direct
Legend,THE GRANITE GROUP,THE GRANITE GROUP- ADGG04 - LONDONDERRY - 179844,LONDONDERRY,NH,201-404                  ,280 - PVC Compact Ball Valves-White ,$0,$12,($12),-100.0%,Direct
Legend,WINNELSON,WINSUPPLY MANCHESTER CT CO (#071) - MANCHESTER - 10933,MANCHESTER,CT,201-404                  ,280 - PVC Compact Ball Valves-White ,$0,$2,($2),-100.0%,Direct
Legend,M & G SUPPLY,M & G SUPPLY #246600 - WARREN - 164436,WARREN,RI,201-405                  ,280 - PVC Compact Ball Valves-White ,$0,$11,($11),-100.0%,Direct
Legend,THE GRANITE GROUP,THE GRANITE GROUP- ADGG04 - LONDONDERRY - 179844,LONDONDERRY,NH,201-405                  ,280 - PVC Compact Ball Valves-White ,$0,$90,($90),-100.0%,Direct
Legend,WINNELSON,BRANFORD WINNELSON CO (#075) - BRANFORD - 50111,BRANFORD,CT,201-405                  ,280 - PVC Compact Ball Valves-White ,$0,$5,($5),-100.0%,Direct
Legend,WINNELSON,WINSUPPLY ESSEX CT CO (#074) - ESSEX - 14076,ESSEX,CT,201-405                  ,280 - PVC Compact Ball Valves-White ,$3,$0,$3,,Direct
Legend,WINNELSON,WINSUPPLY MANCHESTER CT CO (#071) - MANCHESTER - 10933,MANCHESTER,CT,201-405                  ,280 - PVC Compact Ball Valves-White ,$3,$0,$3,,Direct
Legend,THE GRANITE GROUP,THE GRANITE GROUP- ADGG04 - LONDONDERRY - 179844,LONDONDERRY,NH,201-406                  ,280 - PVC Compact Ball Valves-White ,$9,$0,$9,,Direct
Legend,M & G SUPPLY,M & G SUPPLY #246600 - WARREN - 164436,WARREN,RI,201-407                  ,280 - PVC Compact Ball Valves-White ,$12,$0,$12,,Direct
Legend,THE GRANITE GROUP,THE GRANITE GROUP- ADGG04 - LONDONDERRY - 179844,LONDONDERRY,NH,201-407                  ,280 - PVC Compact Ball Valves-White ,$93,$0,$93,,Direct
Legend,WINNELSON,BRANFORD WINNELSON CO (#075) - BRANFORD - 50111,BRANFORD,CT,201-407                  ,280 - PVC Compact Ball Valves-White ,$0,$5,($5),-100.0%,Direct
Legend,WINNELSON,WINSUPPLY WORCESTER MA CO (#089) - AUBURN - 11695,AUBURN,MA,201-407                  ,280 - PVC Compact Ball Valves-White ,$19,$0,$19,,Direct
Legend,THE GRANITE GROUP,THE GRANITE GROUP- ADGG04 - LONDONDERRY - 179844,LONDONDERRY,NH,201-408                  ,280 - PVC Compact Ball Valves-White ,$0,$227,($227),-100.0%,Direct
Legend,WINNELSON,STAMFORD WINDUSTRIAL CO (#095) - STAMFORD - 179970,STAMFORD,CT,201-408                  ,280 - PVC Compact Ball Valves-White ,$0,$15,($15),-100.0%,Direct
Legend,WINNELSON,WINSUPPLY MANCHESTER CT CO (#071) - MANCHESTER - 10933,MANCHESTER,CT,201-408                  ,280 - PVC Compact Ball Valves-White ,$10,$0,$10,,Direct
Legend,THE GRANITE GROUP,THE GRANITE GROUP- ADGG04 - COLCHESTER - 88102,COLCHESTER,NH,201-410                  ,280 - PVC Compact Ball Valves-White ,$0,"$1,230","($1,230)",-100.0%,Direct
Legend,HAJOCA,STATE SUPPLY #448 - IPSWICH - 1604946,IPSWICH,LA,201-411                  ,280 - PVC Compact Ball Valves-White ,$0,$57,($57),-100.0%,Direct
Legend,THE GRANITE GROUP,THE GRANITE GROUP- ADGG04 - COLCHESTER - 88102,COLCHESTER,NH,201-434                  ,270 - PVC Compact Ball Valves-Grey  ,$0,$47,($47),-100.0%,Direct
Legend,AMESBURY INDUSTRIAL SUPPLY,AMESBURY INDUSTRIAL SUPPLY - AMESBURY - 12187,AMESBURY,MA,201-435                  ,270 - PVC Compact Ball Valves-Grey  ,$0,$23,($23),-100.0%,Direct
Legend,ENGINEERING SERVICES & PRODUCT,ENGINEERING SERVICES & PRODUCT - SOUTH WINDSOR - 10474,SOUTH WINDSOR,CT,201-435                  ,270 - PVC Compact Ball Valves-Grey  ,$0,$53,($53),-100.0%,Direct
Legend,PLUMBERS' SUPPLY - MASS,PLUMBERS' SUPPLY -BEDFORD DIST #PS50 - NEW BEDFORD - 184197,NEW BEDFORD,MA,201-443                  ,280 - PVC Compact Ball Valves-White ,$48,$0,$48,,Direct
Legend,PLUMBERS' SUPPLY - MASS,PLUMBERS' SUPPLY -BEDFORD DIST #PS50 - NEW BEDFORD - 184197,NEW BEDFORD,MA,201-446                  ,280 - PVC Compact Ball Valves-White ,$22,$0,$22,,Direct
Legend,PLUMBERS' SUPPLY - MASS,PLUMBERS' SUPPLY -BEDFORD DIST #PS50 - NEW BEDFORD - 184197,NEW BEDFORD,MA,201-453                  ,280 - PVC Compact Ball Valves-White ,$24,$0,$24,,Direct
Legend,HAJOCA,"PEABODY SUPPLY COMPANY, INC. #451 - KINGSTON - 177695",KINGSTON,NH,201-454                  ,280 - PVC Compact Ball Valves-White ,$3,$0,$3,,Direct
Legend,PLUMBERS' SUPPLY - MASS,PLUMBERS' SUPPLY -BEDFORD DIST #PS50 - NEW BEDFORD - 184197,NEW BEDFORD,MA,201-454                  ,280 - PVC Compact Ball Valves-White ,$30,$0,$30,,Direct
Legend,THE GRANITE GROUP,THE GRANITE GROUP- ADGG04 - LONDONDERRY - 179844,LONDONDERRY,NH,201-454                  ,280 - PVC Compact Ball Valves-White ,$6,$0,$6,,Direct
Legend,HAJOCA,"PEABODY SUPPLY COMPANY, INC. #452 - METHUEN - 237950",METHUEN,MA,201-455                  ,280 - PVC Compact Ball Valves-White ,$0,$9,($9),-100.0%,Direct
Legend,P & E SUPPLY - #227900,P & E SUPPLY - #227900 - SANFORD - 11937,SANFORD,ME,201-455                  ,280 - PVC Compact Ball Valves-White ,$39,$0,$39,,Direct
Legend,PLIMPTON & HILLS,PLIMPTON & HILLS CORP -AD#PH46 - MANCHESTER - 178293,MANCHESTER,CT,201-455                  ,280 - PVC Compact Ball Valves-White ,$0,$94,($94),-100.0%,Direct
Legend,PLUMBERS' SUPPLY - MASS,PLUMBERS' SUPPLY -BEDFORD DIST #PS50 - NEW BEDFORD - 184197,NEW BEDFORD,MA,201-455                  ,280 - PVC Compact Ball Valves-White ,$39,$19,$21,110.8%,Direct
Legend,WINNELSON,DANBURY WINSUPPLY CO (#056) - BROOKFIELD - 264045,BROOKFIELD,CT,201-455                  ,280 - PVC Compact Ball Valves-White ,$4,$0,$4,,Direct
Legend,WINNELSON,WINSUPPLY PORTLAND ME CO (#040) - SOUTH PORTLAND - 180358,SOUTH PORTLAND,ME,201-455                  ,280 - PVC Compact Ball Valves-White ,$0,$9,($9),-100.0%,Direct
Legend,WINNELSON,WINSUPPLY SHELTON CT CO (#072) - SHELTON - 189041,SHELTON,CT,201-455                  ,280 - PVC Compact Ball Valves-White ,$8,$0,$8,,Direct
Legend,PLUMBERS' SUPPLY - MASS,PLUMBERS' SUPPLY -BEDFORD DIST #PS50 - NEW BEDFORD - 184197,NEW BEDFORD,MA,201-456                  ,280 - PVC Compact Ball Valves-White ,$54,$0,$54,,Direct
Legend,WINNELSON,WINSUPPLY SHELTON CT CO (#072) - SHELTON - 189041,SHELTON,CT,201-457                  ,280 - PVC Compact Ball Valves-White ,$9,$0,$9,,Direct
Legend,PLIMPTON & HILLS,PLIMPTON & HILLS CORP -AD#PH46 - MANCHESTER - 178293,MANCHESTER,CT,201-458                  ,280 - PVC Compact Ball Valves-White ,$0,$90,($90),-100.0%,Direct
Legend,PLUMBERS' SUPPLY - MASS,PLUMBERS' SUPPLY -BEDFORD DIST #PS50 - NEW BEDFORD - 184197,NEW BEDFORD,MA,201-458                  ,280 - PVC Compact Ball Valves-White ,$252,$0,$252,,Direct
Legend,THE GRANITE GROUP,THE GRANITE GROUP- ADGG04 - LONDONDERRY - 179844,LONDONDERRY,NH,201-458                  ,280 - PVC Compact Ball Valves-White ,$11,$0,$11,,Direct
Legend,WINNELSON,DANBURY WINSUPPLY CO (#056) - BROOKFIELD - 264045,BROOKFIELD,CT,201-458                  ,280 - PVC Compact Ball Valves-White ,$57,$0,$57,,Direct
Legend,WINNELSON,WINSUPPLY SHELTON CT CO (#072) - SHELTON - 189041,SHELTON,CT,201-458                  ,280 - PVC Compact Ball Valves-White ,$11,$18,($7),-36.8%,Direct
Legend,WINNELSON,WINSUPPLY WORCESTER MA CO (#089) - AUBURN - 11695,AUBURN,MA,201-458                  ,280 - PVC Compact Ball Valves-White ,$23,$0,$23,,Direct
Legend,PLUMBERS' SUPPLY - MASS,PLUMBERS' SUPPLY -BEDFORD DIST #PS50 - NEW BEDFORD - 184197,NEW BEDFORD,MA,202-251                  ,124 - Backwater Valves              ,$44,$35,$9,26.5%,Direct
Legend,REPUBLIC PLUMBING SUPPLY,REPUBLIC PLUMBING SUPPLY #109250 - FOXBORO - 2126102,FOXBORO,MA,202-251                  ,124 - Backwater Valves              ,$67,$0,$67,,Direct
Legend,PLUMBERS' SUPPLY - MASS,PLUMBERS' SUPPLY -BEDFORD DIST #PS50 - NEW BEDFORD - 184197,NEW BEDFORD,MA,202-252                  ,124 - Backwater Valves              ,$87,$103,($16),-15.7%,Direct
Legend,ATLANTIC PLBG & HTG - #236300,ATLANTIC PLBG & HTG - #236300 - COVENTRY - 13190,COVENTRY,RI,202-253                  ,124 - Backwater Valves              ,$51,$0,$51,,Direct
Legend,M & G SUPPLY,M & G SUPPLY #246600 - EAST PROVIDENCE - 11021,EAST PROVIDENCE,RI,202-253                  ,124 - Backwater Valves              ,$25,$0,$25,,Direct
Legend,PLUMBERS' SUPPLY - MASS,PLUMBERS' SUPPLY -BEDFORD DIST #PS50 - NEW BEDFORD - 184197,NEW BEDFORD,MA,202-253                  ,124 - Backwater Valves              ,$102,$0,$102,,Direct
Legend,"SEEKONK SUPPLY, INC","SEEKONK SUPPLY, INC - #106780 - FALL RIVER - 11378",FALL RIVER,MA,202-253                  ,124 - Backwater Valves              ,$0,$20,($20),-100.0%,Direct
Legend,WINNELSON,WINSUPPLY WAKEFIELD MA CO (#016) - WAKEFIELD - 10038,WAKEFIELD,MA,202-253                  ,124 - Backwater Valves              ,$0,$60,($60),-100.0%,Direct
Legend,ACE PLUMBING SUPPLY- #257600,ACE PLUMBING SUPPLY- #257600 - BOSTON - 10036,BOSTON,MA,202-254                  ,124 - Backwater Valves              ,$139,$0,$139,,Direct
Legend,M & G SUPPLY,M & G SUPPLY #246600 - EAST PROVIDENCE - 11021,EAST PROVIDENCE,RI,202-254                  ,124 - Backwater Valves              ,$35,$0,$35,,Direct
Legend,M & G SUPPLY,M & G SUPPLY #246600 - WARREN - 164436,WARREN,RI,202-254                  ,124 - Backwater Valves              ,$0,$55,($55),-100.0%,Direct
Legend,"SEEKONK SUPPLY, INC","SEEKONK SUPPLY, INC - #106780 - FALL RIVER - 11378",FALL RIVER,MA,202-254                  ,124 - Backwater Valves              ,$0,$55,($55),-100.0%,Direct
Legend,"SEEKONK SUPPLY, INC","SEEKONK SUPPLY, INC - #106780 - PROVIDENCE - 176778",PROVIDENCE,MA,202-254                  ,124 - Backwater Valves              ,$35,$0,$35,,Direct
Legend,"SEEKONK SUPPLY, INC","SEEKONK SUPPLY, INC. - #106780 - BRIDGEWATER - 308451",BRIDGEWATER,MA,202-255                  ,124 - Backwater Valves              ,$0,$129,($129),-100.0%,Direct
Legend,M & G SUPPLY,M & G SUPPLY #246600 - WARREN - 164436,WARREN,RI,202-264                  ,124 - Backwater Valves              ,$0,$36,($36),-100.0%,Direct
Legend,BETTS PLUMBING & HEATING SUPPLY #257200,BETTS PLUMBING & HEATING SUPPLY #257200 - WESTFIELD - 211651,WESTFIELD,MA,202-403                  ,300 - CPVC Ball Valves - C.T.S.     ,$0,$11,($11),-100.0%,Direct
Legend,HAJOCA,"PEABODY SUPPLY COMPANY, INC. - NORTH CHELMSFORD - 179976",NORTH CHELMSFORD,MA,202-403                  ,300 - CPVC Ball Valves - C.T.S.     ,$46,$0,$46,,Direct
Legend,THE PORTLAND GROUP,THE PORTLAND GROUP -RAYNHAM - AD#PG02 - RAYNHAM - 182939,RAYNHAM,MA,202-403                  ,300 - CPVC Ball Valves - C.T.S.     ,$109,$0,$109,,Direct
Legend,WINNELSON,STAMFORD WINDUSTRIAL CO (#095) - STAMFORD - 179970,STAMFORD,CT,202-403                  ,300 - CPVC Ball Valves - C.T.S.     ,$0,$111,($111),-100.0%,Direct
Legend,BENDER SUPPLY,"BENDER MANAGEMENT, INC. AD#BE81 - WATERBURY - 13933",WATERBURY,CT,202-404                  ,300 - CPVC Ball Valves - C.T.S.     ,$0,$22,($22),-100.0%,Direct
Legend,BETTS PLUMBING & HEATING SUPPLY #257200,BETTS PLUMBING & HEATING SUPPLY #257200 - WESTFIELD - 211651,WESTFIELD,MA,202-404                  ,300 - CPVC Ball Valves - C.T.S.     ,$27,$0,$27,,Direct
Legend,METROPOLITAN PIPE & SUPPLY AD#MP10,METROPOLITAN PIPE & SUPPLY AD#MP10 - SOMERVILLE - 11013,SOMERVILLE,MA,202-404                  ,300 - CPVC Ball Valves - C.T.S.     ,$0,$89,($89),-100.0%,Direct
Legend,PLUMBERS' SUPPLY - MASS,PLUMBERS' SUPPLY -BEDFORD DIST #PS50 - NEW BEDFORD - 184197,NEW BEDFORD,MA,202-404                  ,300 - CPVC Ball Valves - C.T.S.     ,$0,$45,($45),-100.0%,Direct
Legend,R.A. MANLEY & SONS,R.A. MANLEY & SONS - PALMER - 10963,PALMER,MA,202-404                  ,300 - CPVC Ball Valves - C.T.S.     ,$0,$45,($45),-100.0%,Direct
Legend,THE GRANITE GROUP,THE GRANITE GROUP- ADGG04 - LONDONDERRY - 179844,LONDONDERRY,NH,202-404                  ,300 - CPVC Ball Valves - C.T.S.     ,$493,$0,$493,,Direct
Legend,WINNELSON,WINSUPPLY SHELTON CT CO (#072) - SHELTON - 189041,SHELTON,CT,202-404                  ,300 - CPVC Ball Valves - C.T.S.     ,$0,$22,($22),-100.0%,Direct
Legend,WINNELSON,WINSUPPLY WAKEFIELD MA CO (#016) - WAKEFIELD - 10038,WAKEFIELD,MA,202-404                  ,300 - CPVC Ball Valves - C.T.S.     ,$73,$45,$29,63.8%,Direct
Legend,HAJOCA,"PEABODY SUPPLY COMPANY, INC. #452 - METHUEN - 237950",METHUEN,MA,202-405                  ,300 - CPVC Ball Valves - C.T.S.     ,$0,$139,($139),-100.0%,Direct
Legend,PLUMBERS' SUPPLY - MASS,PLUMBERS' SUPPLY -BEDFORD DIST #PS50 - NEW BEDFORD - 184197,NEW BEDFORD,MA,202-405                  ,300 - CPVC Ball Valves - C.T.S.     ,$0,$66,($66),-100.0%,Direct
Legend,THE GRANITE GROUP,THE GRANITE GROUP- ADGG04 - LONDONDERRY - 179844,LONDONDERRY,NH,202-405                  ,300 - CPVC Ball Valves - C.T.S.     ,$393,$0,$393,,Direct
Legend,THE PORTLAND GROUP,THE PORTLAND GROUP - AD#PG02 - NORTH BILLERICA - 11320,NORTH BILLERICA,MA,202-405                  ,300 - CPVC Ball Valves - C.T.S.     ,$402,$199,$202,101.6%,Direct
Legend,THE PORTLAND GROUP,THE PORTLAND GROUP -RAYNHAM - AD#PG02 - RAYNHAM - 182939,RAYNHAM,MA,202-405                  ,300 - CPVC Ball Valves - C.T.S.     ,$201,$0,$201,,Direct
Legend,BOURNEUF CORP - #233100,BOURNEUF CORP - #233100 - LYNN - 14010,LYNN,MA,202-406                  ,300 - CPVC Ball Valves - C.T.S.     ,$0,$237,($237),-100.0%,Direct
Legend,PLUMBERS' SUPPLY - MASS,PLUMBERS' SUPPLY -BEDFORD DIST #PS50 - NEW BEDFORD - 184197,NEW BEDFORD,MA,202-406                  ,300 - CPVC Ball Valves - C.T.S.     ,$48,$0,$48,,Direct
Legend,R.A. MANLEY & SONS,R.A. MANLEY & SONS - PALMER - 10963,PALMER,MA,202-406                  ,300 - CPVC Ball Valves - C.T.S.     ,$0,$30,($30),-100.0%,Direct
Legend,THE GRANITE GROUP,THE GRANITE GROUP- ADGG04 - LONDONDERRY - 179844,LONDONDERRY,NH,202-406                  ,300 - CPVC Ball Valves - C.T.S.     ,$72,$0,$72,,Direct
Legend,WINNELSON,WINSUPPLY WAKEFIELD MA CO (#016) - WAKEFIELD - 10038,WAKEFIELD,MA,202-406                  ,300 - CPVC Ball Valves - C.T.S.     ,$0,$40,($40),-100.0%,Direct
Legend,BENDER SUPPLY,"BENDER MANAGEMENT, INC. AD#BE81 - WATERBURY - 13933",WATERBURY,CT,202-407                  ,300 - CPVC Ball Valves - C.T.S.     ,$0,$243,($243),-100.0%,Direct
Legend,THE GRANITE GROUP,THE GRANITE GROUP- ADGG04 - LONDONDERRY - 179844,LONDONDERRY,NH,202-407                  ,300 - CPVC Ball Valves - C.T.S.     ,$59,$61,($2),-3.2%,Direct
Legend,THE GRANITE GROUP,THE GRANITE GROUP- ADGG04 - LONDONDERRY - 179844,LONDONDERRY,NH,202-408                  ,300 - CPVC Ball Valves - C.T.S.     ,"$1,086",$0,"$1,086",,Direct
Legend,AMESBURY INDUSTRIAL SUPPLY,AMESBURY INDUSTRIAL SUPPLY - AMESBURY - 12187,AMESBURY,MA,203-104                  ,290 - PVC In-Line Check Valves      ,$0,$21,($21),-100.0%,Direct
Legend,AMESBURY INDUSTRIAL SUPPLY,AMESBURY INDUSTRIAL SUPPLY - AMESBURY - 12187,AMESBURY,MA,203-205                  ,290 - PVC In-Line Check Valves      ,$0,$26,($26),-100.0%,Direct
Legend,"SEEKONK SUPPLY, INC","SEEKONK SUPPLY, INC. - #106780 - BRIDGEWATER - 308451",BRIDGEWATER,MA,203-206                  ,290 - PVC In-Line Check Valves      ,$8,$7,$1,21.0%,Direct
Legend,"AQUATIC TECHNOLOGY - dba POOLWEB, LLC","AQUATIC TECHNOLOGY - dba POOLWEB, LLC - AUGUSTA - 182211",AUGUSTA,ME,203-208                  ,290 - PVC In-Line Check Valves      ,$11,$0,$11,,Direct
Legend,AMESBURY INDUSTRIAL SUPPLY,AMESBURY INDUSTRIAL SUPPLY - AMESBURY - 12187,AMESBURY,MA,203-227                  ,121 - Sump Pump Check Valves        ,$0,$95,($95),-100.0%,Direct
Legend,BENDER SUPPLY,"BENDER MANAGEMENT, INC. AD#BE81 - WATERBURY - 13933",WATERBURY,CT,203-227                  ,121 - Sump Pump Check Valves        ,$115,$190,($75),-39.5%,Direct
Legend,HAJOCA,STATE SUPPLY #448 - IPSWICH - 1604946,IPSWICH,LA,203-227                  ,121 - Sump Pump Check Valves        ,$0,$95,($95),-100.0%,Direct
Legend,P & E SUPPLY - #227900,P & E SUPPLY - #227900 - SANFORD - 11937,SANFORD,ME,203-227                  ,121 - Sump Pump Check Valves        ,$115,$0,$115,,Direct
Legend,"SEEKONK SUPPLY, INC","SEEKONK SUPPLY, INC. - #106780 - ATTLEBORO FALLS - 183219",ATTLEBORO FALLS,MA,203-227                  ,121 - Sump Pump Check Valves        ,$0,$47,($47),-100.0%,Direct
Legend,THE PORTLAND GROUP,THE PORTLAND GROUP -SACO - AD#PG02 - SACO - 239081,SACO,MA,203-227                  ,121 - Sump Pump Check Valves        ,$0,$123,($123),-100.0%,Direct
Legend,WINNELSON,WINSUPPLY WORCESTER MA CO (#089) - AUBURN - 11695,AUBURN,MA,203-227                  ,121 - Sump Pump Check Valves        ,$229,$0,$229,,Direct
Legend,AMESBURY INDUSTRIAL SUPPLY,AMESBURY INDUSTRIAL SUPPLY - AMESBURY - 12187,AMESBURY,MA,203-228                  ,121 - Sump Pump Check Valves        ,$0,$106,($106),-100.0%,Direct
Legend,BENDER SUPPLY,"BENDER MANAGEMENT, INC. AD#BE81 - NEW HAVEN - 15530",NEW HAVEN,CT,203-228                  ,121 - Sump Pump Check Valves        ,$0,$213,($213),-100.0%,Direct
Legend,BENDER SUPPLY,"BENDER MANAGEMENT, INC. AD#BE81 - WATERBURY - 13933",WATERBURY,CT,203-228                  ,121 - Sump Pump Check Valves        ,$0,$106,($106),-100.0%,Direct
Legend,F.W. WEBB,F.W. WEBB - WATERTOWN - WATERBURY - 13064,WATERBURY,CT,203-228                  ,121 - Sump Pump Check Valves        ,$21,$0,$21,,Direct
Legend,GEORGE O'BRIEN-SOUTH DENNIS,GEORGE O'BRIEN-SOUTH DENNIS - #227500 - SOUTH DENNIS - 11152,SOUTH DENNIS,MA,203-228                  ,121 - Sump Pump Check Valves        ,$0,$213,($213),-100.0%,Direct
Legend,HAJOCA,STATE SUPPLY #448 - IPSWICH - 1604946,IPSWICH,LA,203-228                  ,121 - Sump Pump Check Valves        ,$0,$177,($177),-100.0%,Direct
Legend,M & G SUPPLY,M & G SUPPLY #246600 - WARREN - 164436,WARREN,RI,203-228                  ,121 - Sump Pump Check Valves        ,$0,$71,($71),-100.0%,Direct
Legend,PLUMBERS' SUPPLY - MASS,PLUMBERS' SUPPLY -BEDFORD DIST #PS50 - NEW BEDFORD - 184197,NEW BEDFORD,MA,203-228                  ,121 - Sump Pump Check Valves        ,$86,$0,$86,,Direct
Legend,"SEEKONK SUPPLY, INC","SEEKONK SUPPLY, INC. - #106780 - ATTLEBORO FALLS - 183219",ATTLEBORO FALLS,MA,203-228                  ,121 - Sump Pump Check Valves        ,$0,$89,($89),-100.0%,Direct
Legend,THE GRANITE GROUP,THE GRANITE GROUP-DBA/SALEM PLBG -ADGG04 - BEVERLY - 189469,BEVERLY,MA,203-228                  ,121 - Sump Pump Check Valves        ,$86,$0,$86,,Direct
Legend,THE PORTLAND GROUP,THE PORTLAND GROUP -FRAMINGHAM - AD#PG02 - WORCESTER - 243231,WORCESTER,MA,203-228                  ,121 - Sump Pump Check Valves        ,$0,$89,($89),-100.0%,Direct
Legend,THE PORTLAND GROUP,THE PORTLAND GROUP -MEDFORD - AD#PG02 - MEDFORD - 14873,MEDFORD,MA,203-228                  ,121 - Sump Pump Check Valves        ,$0,$106,($106),-100.0%,Direct
Legend,THE PORTLAND GROUP,THE PORTLAND GROUP -MIDDLETOWN - AD#PG02 - MIDDLETOWN - 179339,MIDDLETOWN,MA,203-228                  ,121 - Sump Pump Check Valves        ,$0,$106,($106),-100.0%,Direct
Legend,WINNELSON,WINSUPPLY WORCESTER MA CO (#089) - AUBURN - 11695,AUBURN,MA,203-228                  ,121 - Sump Pump Check Valves        ,$129,$0,$129,,Direct
Legend,"WIT-WAY SUPPLY, INC","WIT-WAY SUPPLY, INC. - ROCHESTER - 176976",ROCHESTER,NH,203-228                  ,121 - Sump Pump Check Valves        ,$0,$18,($18),-100.0%,Direct
Legend,BENDER SUPPLY,"BENDER MANAGEMENT, INC. AD#BE81 - NEW HAVEN - 15530",NEW HAVEN,CT,203-237                  ,121 - Sump Pump Check Valves        ,$18,$0,$18,,Direct
Legend,BENDER SUPPLY,"BENDER MANAGEMENT, INC. AD#BE81 - WATERBURY - 13933",WATERBURY,CT,203-237                  ,121 - Sump Pump Check Valves        ,$70,$58,$12,21.0%,Direct
Legend,BETTS PLUMBING & HEATING SUPPLY #257200,BETTS PLUMBING & HEATING SUPPLY #257200 - WESTFIELD - 211651,WESTFIELD,MA,203-237                  ,121 - Sump Pump Check Valves        ,$9,$0,$9,,Direct
Legend,GEORGE O'BRIEN-SOUTH DENNIS,GEORGE O'BRIEN-SOUTH DENNIS - #227500 - SOUTH DENNIS - 11152,SOUTH DENNIS,MA,203-237                  ,121 - Sump Pump Check Valves        ,$0,$87,($87),-100.0%,Direct
Legend,PLIMPTON & HILLS,PLIMPTON & HILLS CORP -AD#PH46 - MANCHESTER - 178293,MANCHESTER,CT,203-237                  ,121 - Sump Pump Check Valves        ,$70,$175,($104),-59.7%,Direct
Legend,PLUMBERS' SUPPLY - MASS,PLUMBERS' SUPPLY -BEDFORD DIST #PS50 - NEW BEDFORD - 184197,NEW BEDFORD,MA,203-237                  ,121 - Sump Pump Check Valves        ,$53,$0,$53,,Direct
Legend,WINNELSON,WINSUPPLY ESSEX CT CO (#074) - ESSEX - 14076,ESSEX,CT,203-237                  ,121 - Sump Pump Check Valves        ,$0,$15,($15),-100.0%,Direct
Legend,"WIT-WAY SUPPLY, INC","WIT-WAY SUPPLY, INC. - ROCHESTER - 176976",ROCHESTER,NH,203-237                  ,121 - Sump Pump Check Valves        ,$0,$36,($36),-100.0%,Direct
Legend,PLIMPTON & HILLS,PLIMPTON & HILLS CORP -AD#PH46 - MANCHESTER - 178293,MANCHESTER,CT,203-238                  ,121 - Sump Pump Check Valves        ,$113,$149,($36),-24.4%,Direct
Legend,R.A. MANLEY & SONS,R.A. MANLEY & SONS - PALMER - 10963,PALMER,MA,203-238                  ,121 - Sump Pump Check Valves        ,$0,$19,($19),-100.0%,Direct
Legend,"SEEKONK SUPPLY, INC","SEEKONK SUPPLY, INC - #106780 - FALL RIVER - 11378",FALL RIVER,MA,203-238                  ,121 - Sump Pump Check Valves        ,$0,$56,($56),-100.0%,Direct
Legend,"SEEKONK SUPPLY, INC","SEEKONK SUPPLY, INC. - #106780 - REHOBOTH - 2118882",REHOBOTH,MA,203-238                  ,121 - Sump Pump Check Valves        ,$113,$93,$20,21.0%,Direct
Legend,WINNELSON,WINSUPPLY MANCHESTER CT CO (#071) - MANCHESTER - 10933,MANCHESTER,CT,203-238                  ,121 - Sump Pump Check Valves        ,$180,$0,$180,,Direct
Legend,WINNELSON,WINSUPPLY SHELTON CT CO (#072) - SHELTON - 189041,SHELTON,CT,203-238                  ,121 - Sump Pump Check Valves        ,$180,$74,$106,142.0%,Direct
Legend,HAJOCA,STATE SUPPLY #448 - IPSWICH - 1604946,IPSWICH,LA,203-247                  ,121 - Sump Pump Check Valves        ,$0,$150,($150),-100.0%,Direct
Legend,GEORGE O'BRIEN-SOUTH DENNIS,GEORGE O'BRIEN-MASHPEE - #227500 - MASHPEE - 180077,MASHPEE,MA,203-248                  ,121 - Sump Pump Check Valves        ,"$1,062",$0,"$1,062",,Direct
Legend,GEORGE O'BRIEN-SOUTH DENNIS,GEORGE O'BRIEN-SOUTH DENNIS - #227500 - SOUTH DENNIS - 11152,SOUTH DENNIS,MA,203-248                  ,121 - Sump Pump Check Valves        ,$0,"$1,189","($1,189)",-100.0%,Direct
Legend,HAJOCA,STATE SUPPLY #448 - IPSWICH - 1604946,IPSWICH,LA,203-248                  ,121 - Sump Pump Check Valves        ,$0,$878,($878),-100.0%,Direct
Legend,ARROW CENTRAL - #258690,ARROW CENTRAL - #258690 - LITTLETON - 1248606,LITTLETON,NH,203-257                  ,121 - Sump Pump Check Valves        ,$125,$0,$125,,Direct
Legend,BENDER SUPPLY,"BENDER MANAGEMENT, INC. AD#BE81 - NEW HAVEN - 15530",NEW HAVEN,CT,203-257                  ,121 - Sump Pump Check Valves        ,$75,$0,$75,,Direct
Legend,"WIT-WAY SUPPLY, INC","WIT-WAY SUPPLY, INC. - ROCHESTER - 176976",ROCHESTER,NH,203-257                  ,121 - Sump Pump Check Valves        ,$0,$82,($82),-100.0%,Direct
Legend,ARROW CENTRAL - #258690,ARROW CENTRAL - #258690 - LITTLETON - 1248606,LITTLETON,NH,203-258                  ,121 - Sump Pump Check Valves        ,$378,$0,$378,,Direct
Legend,BENDER SUPPLY,"BENDER MANAGEMENT, INC. AD#BE81 - HARTFORD - 16146",HARTFORD,CT,203-258                  ,121 - Sump Pump Check Valves        ,$0,$94,($94),-100.0%,Direct
Legend,BENDER SUPPLY,"BENDER MANAGEMENT, INC. AD#BE81 - NEW HAVEN - 15530",NEW HAVEN,CT,203-258                  ,121 - Sump Pump Check Valves        ,$189,$0,$189,,Direct
Legend,BENDER SUPPLY,"BENDER MANAGEMENT, INC. AD#BE81 - WATERBURY - 13933",WATERBURY,CT,203-258                  ,121 - Sump Pump Check Valves        ,$0,$406,($406),-100.0%,Direct
Legend,M & G SUPPLY,M & G SUPPLY #246600 - WARREN - 164436,WARREN,RI,203-258                  ,121 - Sump Pump Check Valves        ,$0,$31,($31),-100.0%,Direct
Legend,WINNELSON,WINSUPPLY MANCHESTER CT CO (#071) - MANCHESTER - 10933,MANCHESTER,CT,203-258                  ,121 - Sump Pump Check Valves        ,$0,$63,($63),-100.0%,Direct
Legend,"WIT-WAY SUPPLY, INC","WIT-WAY SUPPLY, INC. - ROCHESTER - 12060",ROCHESTER,NH,203-258                  ,121 - Sump Pump Check Valves        ,$38,$0,$38,,Direct
Legend,"WIT-WAY SUPPLY, INC","WIT-WAY SUPPLY, INC. - ROCHESTER - 12060",ROCHESTER,NH,204-107                  ,320 - Compression Fittings & Unions ,$22,$0,$22,,Direct
Legend,"SEEKONK SUPPLY, INC","SEEKONK SUPPLY, INC - #106780 - FALL RIVER - 11378",FALL RIVER,MA,204-108                  ,320 - Compression Fittings & Unions ,$0,$8,($8),-100.0%,Direct
Legend,"SEEKONK SUPPLY, INC","SEEKONK SUPPLY, INC. - #106780 - ATTLEBORO FALLS - 183219",ATTLEBORO FALLS,MA,204-108                  ,320 - Compression Fittings & Unions ,$0,$21,($21),-100.0%,Direct
Legend,"SEEKONK SUPPLY, INC","SEEKONK SUPPLY, INC. - #106780 - REHOBOTH - 2118882",REHOBOTH,MA,204-108                  ,320 - Compression Fittings & Unions ,$25,$0,$25,,Direct
Legend,"WIT-WAY SUPPLY, INC","WIT-WAY SUPPLY, INC. - ROCHESTER - 12060",ROCHESTER,NH,204-108                  ,320 - Compression Fittings & Unions ,$30,$0,$30,,Direct
Legend,"SEEKONK SUPPLY, INC","SEEKONK SUPPLY, INC - #106780 - FALL RIVER - 11378",FALL RIVER,MA,204-111                  ,320 - Compression Fittings & Unions ,$0,$39,($39),-100.0%,Direct
Legend,HAJOCA,BLODGETT SUPPLY (#437) - WILLISTON - 1214658,WILLISTON,LA,204-194                  ,320 - Compression Fittings & Unions ,$20,$0,$20,,Direct
Legend,M & G SUPPLY,M & G SUPPLY #246600 - WARREN - 164436,WARREN,RI,204-195                  ,320 - Compression Fittings & Unions ,$0,$11,($11),-100.0%,Direct
Legend,HAJOCA,BLODGETT SUPPLY (#437) - WILLISTON - 1214658,WILLISTON,LA,204-197                  ,320 - Compression Fittings & Unions ,$24,$0,$24,,Direct
Legend,M & G SUPPLY,M & G SUPPLY #246600 - WARREN - 164436,WARREN,RI,204-197                  ,320 - Compression Fittings & Unions ,$0,$10,($10),-100.0%,Direct
Legend,GUSTAVE A. LARSON CO,DAIKIN COMFORT TECH  #101085 - NEW HAVEN - 2125379,NEW HAVEN,NJ,204-198                  ,320 - Compression Fittings & Unions ,$38,$0,$38,,Direct
Legend,M & G SUPPLY,M & G SUPPLY #246600 - EAST PROVIDENCE - 11021,EAST PROVIDENCE,RI,204-198                  ,320 - Compression Fittings & Unions ,$9,$0,$9,,Direct
Legend,WINNELSON,WINSUPPLY MANCHESTER CT CO (#071) - MANCHESTER - 10933,MANCHESTER,CT,204-198                  ,320 - Compression Fittings & Unions ,$0,$8,($8),-100.0%,Direct
Legend,"WIT-WAY SUPPLY, INC","WIT-WAY SUPPLY, INC. - ROCHESTER - 12060",ROCHESTER,NH,204-198                  ,320 - Compression Fittings & Unions ,$19,$0,$19,,Direct
Legend,"SEEKONK SUPPLY, INC","SEEKONK SUPPLY, INC. - #106780 - REHOBOTH - 2118882",REHOBOTH,MA,301-103PNL               ,330 - Dielectric Unions & Trap Conne,$0,$47,($47),-100.0%,Direct
Legend,ECONOMY PLBG. & HTG. #105710,ECONOMY PLBG. & HTG. #105710 - MATTAPAN - 14207,MATTAPAN,MA,301-104NL                ,330 - Dielectric Unions & Trap Conne,$0,$72,($72),-100.0%,Direct
Legend,M & G SUPPLY,M & G SUPPLY #246600 - WARREN - 164436,WARREN,RI,301-104NL                ,330 - Dielectric Unions & Trap Conne,$7,$0,$7,,Direct
Legend,PLIMPTON & HILLS,PLIMPTON & HILLS CORP -AD#PH46 - MANCHESTER - 178293,MANCHESTER,CT,301-104NL                ,330 - Dielectric Unions & Trap Conne,$92,$76,$16,21.5%,Direct
Legend,"SEEKONK SUPPLY, INC","SEEKONK SUPPLY, INC. - #106780 - REHOBOTH - 2118882",REHOBOTH,MA,301-104NL                ,330 - Dielectric Unions & Trap Conne,$0,$3,($3),-100.0%,Direct
Legend,SMITHFIELD PLUMBING & HEATING,SMITHFIELD PLUMBING & HEATING #104860 - TWIN MOUNTAIN - 179862,TWIN MOUNTAIN,RI,301-104NL                ,330 - Dielectric Unions & Trap Conne,$18,$0,$18,,Direct
Legend,WINNELSON,DANBURY WINSUPPLY CO (#056) - BROOKFIELD - 264045,BROOKFIELD,CT,301-104NL                ,330 - Dielectric Unions & Trap Conne,$37,$0,$37,,Direct
Legend,WINNELSON,WINSUPPLY MANCHESTER CT CO (#071) - MANCHESTER - 10933,MANCHESTER,CT,301-104NL                ,330 - Dielectric Unions & Trap Conne,$44,$0,$44,,Direct
Legend,WINNELSON,WINSUPPLY SHELTON CT CO (#072) - SHELTON - 189041,SHELTON,CT,301-104NL                ,330 - Dielectric Unions & Trap Conne,$0,$30,($30),-100.0%,Direct
Legend,BENDER SUPPLY,"BENDER MANAGEMENT, INC. AD#BE81 - NEW HAVEN - 15530",NEW HAVEN,CT,301-104PNL               ,330 - Dielectric Unions & Trap Conne,$57,$0,$57,,Direct
Legend,M & G SUPPLY,M & G SUPPLY #246600 - EAST PROVIDENCE - 11021,EAST PROVIDENCE,RI,301-104PNL               ,330 - Dielectric Unions & Trap Conne,$57,$0,$57,,Direct
Legend,PLIMPTON & HILLS,PLIMPTON & HILLS CORP -AD#PH46 - MANCHESTER - 178293,MANCHESTER,CT,301-104PNL               ,330 - Dielectric Unions & Trap Conne,$359,$592,($233),-39.4%,Direct
Legend,PLUMBERS' SUPPLY - MASS,PLUMBERS' SUPPLY -BEDFORD DIST #PS50 - NEW BEDFORD - 184197,NEW BEDFORD,MA,301-104PNL               ,330 - Dielectric Unions & Trap Conne,$115,$237,($122),-51.5%,Direct
Legend,SMITHFIELD PLUMBING & HEATING,SMITHFIELD PLUMBING & HEATING #104860 - TWIN MOUNTAIN - 179862,TWIN MOUNTAIN,RI,301-104PNL               ,330 - Dielectric Unions & Trap Conne,$72,$59,$13,21.3%,Direct
Legend,ECONOMY PLBG. & HTG. #105710,ECONOMY PLBG. & HTG. #105710 - MATTAPAN - 14207,MATTAPAN,MA,301-105NL                ,330 - Dielectric Unions & Trap Conne,$0,$41,($41),-100.0%,Direct
Legend,PLIMPTON & HILLS,PLIMPTON & HILLS CORP -AD#PH46 - MANCHESTER - 178293,MANCHESTER,CT,301-105NL                ,330 - Dielectric Unions & Trap Conne,$124,$0,$124,,Direct
Legend,"SEEKONK SUPPLY, INC","SEEKONK SUPPLY, INC - #106780 - FALL RIVER - 11378",FALL RIVER,MA,301-105NL                ,330 - Dielectric Unions & Trap Conne,$0,$8,($8),-100.0%,Direct
Legend,SMITHFIELD PLUMBING & HEATING,SMITHFIELD PLUMBING & HEATING #104860 - GREENVILLE - 11383,GREENVILLE,RI,301-105NL                ,330 - Dielectric Unions & Trap Conne,$10,$8,$2,21.5%,Direct
Legend,TORRCO,TORRCO - AD#TS28 - WATERBURY - 11523,WATERBURY,CT,301-105PNL               ,330 - Dielectric Unions & Trap Conne,$242,$0,$242,,Direct
Legend,"SEEKONK SUPPLY, INC","SEEKONK SUPPLY, INC. - #106780 - ATTLEBORO FALLS - 183219",ATTLEBORO FALLS,MA,301-106NL                ,330 - Dielectric Unions & Trap Conne,$0,$32,($32),-100.0%,Direct
Legend,"SEEKONK SUPPLY, INC","SEEKONK SUPPLY, INC. - #106780 - REHOBOTH - 2118882",REHOBOTH,MA,301-106NL                ,330 - Dielectric Unions & Trap Conne,$16,$0,$16,,Direct
Legend,"SEEKONK SUPPLY, INC","SEEKONK SUPPLY, INC. - #106780 - REHOBOTH - 2118882",REHOBOTH,MA,301-106PNL               ,330 - Dielectric Unions & Trap Conne,$55,$0,$55,,Direct
Legend,PLIMPTON & HILLS,PLIMPTON & HILLS CORP -AD#PH46 - MANCHESTER - 178293,MANCHESTER,CT,301-107NL                ,330 - Dielectric Unions & Trap Conne,$0,$59,($59),-100.0%,Direct
Legend,WINNELSON,STAMFORD WINDUSTRIAL CO (#095) - STAMFORD - 179970,STAMFORD,CT,301-107NL                ,330 - Dielectric Unions & Trap Conne,$0,$29,($29),-100.0%,Direct
Legend,THE PORTLAND GROUP,THE PORTLAND GROUP - AD#PG02 - NORTH BILLERICA - 11320,NORTH BILLERICA,MA,301-108PNL               ,330 - Dielectric Unions & Trap Conne,$130,$0,$130,,Direct
Legend,M & G SUPPLY,M & G SUPPLY #246600 - EAST PROVIDENCE - 11021,EAST PROVIDENCE,RI,301-123NL                ,330 - Dielectric Unions & Trap Conne,$36,$0,$36,,Direct
Legend,M & G SUPPLY,M & G SUPPLY #246600 - WARREN - 164436,WARREN,RI,301-123NL                ,330 - Dielectric Unions & Trap Conne,$11,$0,$11,,Direct
Legend,SMITHFIELD PLUMBING & HEATING,SMITHFIELD PLUMBING & HEATING #104860 - TWIN MOUNTAIN - 179862,TWIN MOUNTAIN,RI,301-123NL                ,330 - Dielectric Unions & Trap Conne,$14,$15,($0),-2.8%,Direct
Legend,WINNELSON,WINSUPPLY MANCHESTER CT CO (#071) - MANCHESTER - 10933,MANCHESTER,CT,301-123NL                ,330 - Dielectric Unions & Trap Conne,$36,$0,$36,,Direct
Legend,SMITHFIELD PLUMBING & HEATING,SMITHFIELD PLUMBING & HEATING #104860 - TWIN MOUNTAIN - 179862,TWIN MOUNTAIN,RI,301-123PNL               ,330 - Dielectric Unions & Trap Conne,$26,$0,$26,,Direct
Legend,SMITHFIELD PLUMBING & HEATING,SMITHFIELD PLUMBING & HEATING #104860 - TWIN MOUNTAIN - 179862,TWIN MOUNTAIN,RI,301-305                  ,330 - Dielectric Unions & Trap Conne,$17,$0,$17,,Direct
Legend,PLIMPTON & HILLS,PLIMPTON & HILLS CORP -AD#PH46 - MANCHESTER - 178293,MANCHESTER,CT,301-324NL                ,330 - Dielectric Unions & Trap Conne,$0,$213,($213),-100.0%,Direct
Legend,WINNELSON,WINSUPPLY MANCHESTER CT CO (#071) - MANCHESTER - 10933,MANCHESTER,CT,301-325NL                ,330 - Dielectric Unions & Trap Conne,$0,$32,($32),-100.0%,Direct
Legend,"B.E. CROWLEY, INC. - #219000","B.E. CROWLEY, INC. - #219000 - SPRINGFIELD - 179571",SPRINGFIELD,MA,301-334                  ,330 - Dielectric Unions & Trap Conne,$65,$0,$65,,Direct
Legend,"B.E. CROWLEY, INC. - #219000","B.E. CROWLEY, INC. - #219000 - SPRINGFIELD - 179571",SPRINGFIELD,MA,301-335                  ,330 - Dielectric Unions & Trap Conne,$101,$0,$101,,Direct
Legend,M & G SUPPLY,M & G SUPPLY #246600 - WARREN - 164436,WARREN,RI,301-405                  ,330 - Dielectric Unions & Trap Conne,$2,$0,$2,,Direct
Legend,"B.E. CROWLEY, INC. - #219000","B.E. CROWLEY, INC. - #219000 - SPRINGFIELD - 179571",SPRINGFIELD,MA,301-433                  ,330 - Dielectric Unions & Trap Conne,$8,$0,$8,,Direct
Legend,"B.E. CROWLEY, INC. - #219000","B.E. CROWLEY, INC. - #219000 - SPRINGFIELD - 179571",SPRINGFIELD,MA,301-434                  ,330 - Dielectric Unions & Trap Conne,$10,$0,$10,,Direct
Legend,"B.E. CROWLEY, INC. - #219000","B.E. CROWLEY, INC. - #219000 - SPRINGFIELD - 179571",SPRINGFIELD,MA,301-435                  ,330 - Dielectric Unions & Trap Conne,$12,$0,$12,,Direct
Legend,"B.E. CROWLEY, INC. - #219000","B.E. CROWLEY, INC. - #219000 - SPRINGFIELD - 179571",SPRINGFIELD,MA,301-443                  ,330 - Dielectric Unions & Trap Conne,$3,$0,$3,,Direct
Legend,"B.E. CROWLEY, INC. - #219000","B.E. CROWLEY, INC. - #219000 - SPRINGFIELD - 179571",SPRINGFIELD,MA,301-444                  ,330 - Dielectric Unions & Trap Conne,$3,$0,$3,,Direct
Legend,"B.E. CROWLEY, INC. - #219000","B.E. CROWLEY, INC. - #219000 - SPRINGFIELD - 179571",SPRINGFIELD,MA,301-445                  ,330 - Dielectric Unions & Trap Conne,$4,$0,$4,,Direct
Legend,FERGUSON ENTERPRISES,INDEPENDENT PIPE & SUPPLY  #2272 - CANTON - 12609,CANTON,VA,301-502                  ,329 - Dielectric Nipples            ,$61,$0,$61,,Direct
Legend,PLUMBERS' SUPPLY - MASS,PLUMBERS' SUPPLY -BEDFORD DIST #PS50 - NEW BEDFORD - 184197,NEW BEDFORD,MA,301-503                  ,329 - Dielectric Nipples            ,$35,$40,($5),-12.4%,Direct
Legend,REPUBLIC PLUMBING SUPPLY,REPUBLIC PLUMBING SUPPLY #109250 - FOXBORO - 2126102,FOXBORO,MA,301-503                  ,329 - Dielectric Nipples            ,$12,$0,$12,,Direct
Legend,REPUBLIC PLUMBING SUPPLY,REPUBLIC PLUMBING SUPPLY #109250 - NORWOOD - 11341,NORWOOD,MA,301-503                  ,329 - Dielectric Nipples            ,$0,$10,($10),-100.0%,Direct
Legend,"SEEKONK SUPPLY, INC","SEEKONK SUPPLY, INC. - #106780 - ATTLEBORO FALLS - 183219",ATTLEBORO FALLS,MA,301-503                  ,329 - Dielectric Nipples            ,$0,$6,($6),-100.0%,Direct
Legend,"SEEKONK SUPPLY, INC","SEEKONK SUPPLY, INC. - #106780 - BRIDGEWATER - 308451",BRIDGEWATER,MA,301-503                  ,329 - Dielectric Nipples            ,$12,$0,$12,,Direct
Legend,WINNELSON,WINSUPPLY SHELTON CT CO (#072) - SHELTON - 189041,SHELTON,CT,301-503                  ,329 - Dielectric Nipples            ,$25,$0,$25,,Direct
Legend,M & G SUPPLY,M & G SUPPLY #246600 - WARREN - 164436,WARREN,RI,301-504                  ,329 - Dielectric Nipples            ,$0,$14,($14),-100.0%,Direct
Legend,"SEEKONK SUPPLY, INC","SEEKONK SUPPLY, INC. - #106780 - REHOBOTH - 2118882",REHOBOTH,MA,301-504                  ,329 - Dielectric Nipples            ,$0,$18,($18),-100.0%,Direct
Legend,TORRCO,TORRCO - AD#TS28 - WATERBURY - 11523,WATERBURY,CT,301-504                  ,329 - Dielectric Nipples            ,$0,$49,($49),-100.0%,Direct
Legend,WINNELSON,WINSUPPLY SHELTON CT CO (#072) - SHELTON - 189041,SHELTON,CT,301-504                  ,329 - Dielectric Nipples            ,$9,$0,$9,,Direct
Legend,ECONOMY PLBG. & HTG. #105710,ECONOMY PLBG. & HTG. #105710 - MATTAPAN - 14207,MATTAPAN,MA,302-203                  ,210 - Heating Specialties           ,$347,$0,$347,,Direct
Legend,HAJOCA,PEABODY SALES & SERVICE - # 459 - HAVERHILL - 543477,HAVERHILL,MA,302-203                  ,210 - Heating Specialties           ,$619,$0,$619,,Direct
Legend,PLIMPTON & HILLS,PLIMPTON & HILLS CORP -AD#PH46 - MANCHESTER - 178293,MANCHESTER,CT,302-203                  ,210 - Heating Specialties           ,$112,$0,$112,,Direct
Legend,"SEEKONK SUPPLY, INC","SEEKONK SUPPLY, INC. - #106780 - ATTLEBORO FALLS - 183219",ATTLEBORO FALLS,MA,302-203                  ,210 - Heating Specialties           ,$0,$39,($39),-100.0%,Direct
Legend,THE GRANITE GROUP,THE GRANITE GROUP- ADGG04 - LONDONDERRY - 179844,LONDONDERRY,NH,302-203                  ,210 - Heating Specialties           ,$866,$0,$866,,Direct
Legend,TORRCO,TORRCO - AD#TS28 - WATERBURY - 11523,WATERBURY,CT,302-203                  ,210 - Heating Specialties           ,$214,$0,$214,,Direct
Legend,WINNELSON,BRANFORD WINNELSON CO (#075) - BRANFORD - 50111,BRANFORD,CT,302-203                  ,210 - Heating Specialties           ,$5,$0,$5,,Direct
Legend,WINNELSON,WINSUPPLY SHELTON CT CO (#072) - SHELTON - 189041,SHELTON,CT,302-203                  ,210 - Heating Specialties           ,$99,$0,$99,,Direct
Legend,"WIT-WAY SUPPLY, INC","WIT-WAY SUPPLY, INC. - ROCHESTER - 12060",ROCHESTER,NH,302-203                  ,210 - Heating Specialties           ,$25,$0,$25,,Direct
Legend,"WIT-WAY SUPPLY, INC","WIT-WAY SUPPLY, INC. - ROCHESTER - 176976",ROCHESTER,NH,302-203                  ,210 - Heating Specialties           ,$0,$12,($12),-100.0%,Direct
Legend,FERGUSON ENTERPRISES,FERGUSON ENT-BURLINGTON #3350 - PORTLAND - 1339484,PORTLAND,VA,302-203NL                ,210 - Heating Specialties           ,$86,$0,$86,,Direct
Legend,FERGUSON ENTERPRISES,FERGUSON ENT-MASHPEE #1197 - MASHPEE - 177609,MASHPEE,VA,302-203NL                ,210 - Heating Specialties           ,$7,$0,$7,,Direct
Legend,FERGUSON ENTERPRISES,FERGUSON ENT-TAUNTON #985 - TAUNTON - 2120708,TAUNTON,VA,302-203NL                ,210 - Heating Specialties           ,$133,$0,$133,,Direct
Legend,FERGUSON ENTERPRISES,"J.D. DADDARIO CO., INC. #1196 - FRANKLIN - 10433",FRANKLIN,VA,302-203NL                ,210 - Heating Specialties           ,$13,$0,$13,,Direct
Legend,WINNELSON,WINSUPPLY ESSEX CT CO (#074) - ESSEX - 14076,ESSEX,CT,302-203NL                ,210 - Heating Specialties           ,$80,$0,$80,,Direct
Legend,WINNELSON,WINSUPPLY PORTLAND ME CO (#040) - SOUTH PORTLAND - 180358,SOUTH PORTLAND,ME,302-203NL                ,210 - Heating Specialties           ,$53,$0,$53,,Direct
Legend,SMITHFIELD PLUMBING & HEATING,SMITHFIELD PLUMBING & HEATING #104860 - TWIN MOUNTAIN - 179862,TWIN MOUNTAIN,RI,302-203P                 ,210 - Heating Specialties           ,$0,$568,($568),-100.0%,Direct
Legend,WINNELSON,WINSUPPLY PORTLAND ME CO (#040) - SOUTH PORTLAND - 180358,SOUTH PORTLAND,ME,302-203P                 ,210 - Heating Specialties           ,$0,$57,($57),-100.0%,Direct
Legend,PLIMPTON & HILLS,PLIMPTON & HILLS CORP -AD#PH46 - MANCHESTER - 178293,MANCHESTER,CT,302-204                  ,210 - Heating Specialties           ,$0,$46,($46),-100.0%,Direct
Legend,WINNELSON,WINSUPPLY ESSEX CT CO (#074) - ESSEX - 14076,ESSEX,CT,302-204NL                ,210 - Heating Specialties           ,$0,$13,($13),-100.0%,Direct
Legend,THE GRANITE GROUP,THE GRANITE GROUP- ADGG04 - LONDONDERRY - 179844,LONDONDERRY,NH,302-205                  ,210 - Heating Specialties           ,$76,$0,$76,,Direct
Legend,WINNELSON,WINSUPPLY STAMFORD CT CO (#015) - STAMFORD - 12380,STAMFORD,CT,302-205                  ,210 - Heating Specialties           ,$31,$0,$31,,Direct
Legend,WINNELSON,WINSUPPLY WORCESTER MA CO (#089) - AUBURN - 11695,AUBURN,MA,302-205                  ,210 - Heating Specialties           ,$76,$0,$76,,Direct
Legend,FERGUSON ENTERPRISES,FERGUSON ENT-TAUNTON #985 - TAUNTON - 2120708,TAUNTON,VA,302-205NL                ,210 - Heating Specialties           ,$19,$0,$19,,Direct
Legend,SMITHFIELD PLUMBING & HEATING,SMITHFIELD PLUMBING & HEATING #104860 - TWIN MOUNTAIN - 179862,TWIN MOUNTAIN,RI,302-205P                 ,210 - Heating Specialties           ,$220,$0,$220,,Direct
Legend,WINNELSON,WINSUPPLY PORTLAND ME CO (#040) - SOUTH PORTLAND - 180358,SOUTH PORTLAND,ME,302-205P                 ,210 - Heating Specialties           ,$0,$105,($105),-100.0%,Direct
Legend,PLUMBERS' SUPPLY - MASS,PLUMBERS' SUPPLY -BEDFORD DIST #PS50 - NEW BEDFORD - 184197,NEW BEDFORD,MA,302-206                  ,210 - Heating Specialties           ,$0,$57,($57),-100.0%,Direct
Legend,BENDER SUPPLY,"BENDER MANAGEMENT, INC. AD#BE81 - HARTFORD - 16146",HARTFORD,CT,302-207NL                ,210 - Heating Specialties           ,$22,$0,$22,,Direct
Legend,REPUBLIC PLUMBING SUPPLY,REPUBLIC PLUMBING SUPPLY #109250 - FOXBORO - 2126102,FOXBORO,MA,302-210NL                ,331 - Specialty Fittings            ,$3,$0,$3,,Direct
Legend,PLUMBERS' SUPPLY - MASS,PLUMBERS' SUPPLY -BEDFORD DIST #PS50 - NEW BEDFORD - 184197,NEW BEDFORD,MA,302-213                  ,210 - Heating Specialties           ,$189,$149,$40,26.5%,Direct
Legend,REPUBLIC PLUMBING SUPPLY,REPUBLIC PLUMBING SUPPLY #109250 - FOXBORO - 2126102,FOXBORO,MA,302-213                  ,210 - Heating Specialties           ,$944,$0,$944,,Direct
Legend,SMITHFIELD PLUMBING & HEATING,SMITHFIELD PLUMBING & HEATING #104860 - GREENVILLE - 11383,GREENVILLE,RI,302-213                  ,210 - Heating Specialties           ,$26,$41,($15),-36.8%,Direct
Legend,SMITHFIELD PLUMBING & HEATING,SMITHFIELD PLUMBING & HEATING #104860 - TWIN MOUNTAIN - 179862,TWIN MOUNTAIN,RI,302-213                  ,210 - Heating Specialties           ,$0,$21,($21),-100.0%,Direct
Legend,THE PORTLAND GROUP,THE PORTLAND GROUP -SACO - AD#PG02 - SACO - 239081,SACO,MA,302-213                  ,210 - Heating Specialties           ,$0,$93,($93),-100.0%,Direct
Legend,WINNELSON,WINSUPPLY - FALL RIVER-#068 - FALL RIVER - 15001,FALL RIVER,MA,302-213                  ,210 - Heating Specialties           ,$0,$26,($26),-100.0%,Direct
Legend,WINNELSON,WINSUPPLY - PLYMOUTH-#085 - PLYMOUTH - 187363,PLYMOUTH,MA,302-213                  ,210 - Heating Specialties           ,$0,$45,($45),-100.0%,Direct
Legend,WINNELSON,WINSUPPLY WAKEFIELD MA CO (#016) - WAKEFIELD - 10038,WAKEFIELD,MA,302-213                  ,210 - Heating Specialties           ,$0,$37,($37),-100.0%,Direct
Legend,REPUBLIC PLUMBING SUPPLY,REPUBLIC PLUMBING SUPPLY #109250 - FOXBORO - 2126102,FOXBORO,MA,302-214                  ,210 - Heating Specialties           ,$137,$0,$137,,Direct
Legend,THE PORTLAND GROUP,THE PORTLAND GROUP -MIDDLETOWN - AD#PG02 - MIDDLETOWN - 179339,MIDDLETOWN,MA,302-214                  ,210 - Heating Specialties           ,$0,$5,($5),-100.0%,Direct
Legend,REPUBLIC PLUMBING SUPPLY,REPUBLIC PLUMBING SUPPLY #109250 - FOXBORO - 2126102,FOXBORO,MA,302-215                  ,210 - Heating Specialties           ,$15,$0,$15,,Direct
Legend,WINNELSON,WINSUPPLY WAKEFIELD MA CO (#016) - WAKEFIELD - 10038,WAKEFIELD,MA,302-215                  ,210 - Heating Specialties           ,$0,$12,($12),-100.0%,Direct
Legend,REPUBLIC PLUMBING SUPPLY,REPUBLIC PLUMBING SUPPLY #109250 - FOXBORO - 2126102,FOXBORO,MA,302-217                  ,210 - Heating Specialties           ,$55,$0,$55,,Direct
Legend,M & G SUPPLY,M & G SUPPLY #246600 - EAST PROVIDENCE - 11021,EAST PROVIDENCE,RI,302-219                  ,331 - Specialty Fittings            ,$163,$0,$163,,Direct
Legend,M & G SUPPLY,M & G SUPPLY #246600 - WARREN - 164436,WARREN,RI,302-219                  ,331 - Specialty Fittings            ,$0,$65,($65),-100.0%,Direct
Legend,BETTS PLUMBING & HEATING SUPPLY #257200,BETTS PLUMBING & HEATING SUPPLY #257200 - WESTFIELD - 211651,WESTFIELD,MA,302-219NL                ,331 - Specialty Fittings            ,$0,$141,($141),-100.0%,Direct
Legend,"SEEKONK SUPPLY, INC","SEEKONK SUPPLY, INC - #106780 - PROVIDENCE - 176778",PROVIDENCE,MA,302-219NL                ,331 - Specialty Fittings            ,$88,$0,$88,,Direct
Legend,SMITHFIELD PLUMBING & HEATING,SMITHFIELD PLUMBING & HEATING #104860 - GREENVILLE - 11383,GREENVILLE,RI,302-219NL                ,331 - Specialty Fittings            ,$88,$353,($265),-75.0%,Direct
Legend,SMITHFIELD PLUMBING & HEATING,SMITHFIELD PLUMBING & HEATING #104860 - TWIN MOUNTAIN - 179862,TWIN MOUNTAIN,RI,302-219NL                ,331 - Specialty Fittings            ,$133,$177,($44),-24.9%,Direct
Legend,WINNELSON,WINSUPPLY WORCESTER MA CO (#089) - AUBURN - 11695,AUBURN,MA,302-219NL                ,331 - Specialty Fittings            ,$221,$0,$221,,Direct
Legend,SMITHFIELD PLUMBING & HEATING,SMITHFIELD PLUMBING & HEATING #104860 - GREENVILLE - 11383,GREENVILLE,RI,302-221NL                ,331 - Specialty Fittings            ,$0,$106,($106),-100.0%,Direct
Legend,"SEEKONK SUPPLY, INC","SEEKONK SUPPLY, INC - #106780 - PROVIDENCE - 176778",PROVIDENCE,MA,302-223NL                ,331 - Specialty Fittings            ,$73,$0,$73,,Direct
Legend,"SEEKONK SUPPLY, INC","SEEKONK SUPPLY, INC. - #106780 - BRIDGEWATER - 308451",BRIDGEWATER,MA,302-223NL                ,331 - Specialty Fittings            ,$0,$148,($148),-100.0%,Direct
Legend,"SEEKONK SUPPLY, INC","SEEKONK SUPPLY, INC. - #106780 - BRIDGEWATER - 308451",BRIDGEWATER,MA,302-225                  ,331 - Specialty Fittings            ,$0,$122,($122),-100.0%,Direct
Legend,BENDER SUPPLY,"BENDER MANAGEMENT, INC. AD#BE81 - NEW HAVEN - 15530",NEW HAVEN,CT,302-231                  ,331 - Specialty Fittings            ,$0,$75,($75),-100.0%,Direct
Legend,THE PORTLAND GROUP,THE PORTLAND GROUP - AD#PG02 - NORTH BILLERICA - 11320,NORTH BILLERICA,MA,302-231NL                ,331 - Specialty Fittings            ,$250,$200,$50,25.1%,Direct
Legend,THE PORTLAND GROUP,THE PORTLAND GROUP -RAYNHAM - AD#PG02 - RAYNHAM - 182939,RAYNHAM,MA,302-231NL                ,331 - Specialty Fittings            ,$125,$0,$125,,Direct
Legend,BOURNEUF CORP - #233100,BOURNEUF CORP - #233100 - LYNN - 14010,LYNN,MA,302-234NL                ,331 - Specialty Fittings            ,$0,$173,($173),-100.0%,Direct
Legend,"SEEKONK SUPPLY, INC","SEEKONK SUPPLY, INC - #106780 - PROVIDENCE - 176778",PROVIDENCE,MA,302-235NL                ,331 - Specialty Fittings            ,$313,$0,$313,,Direct
Legend,THE PORTLAND GROUP,THE PORTLAND GROUP - AD#PG02 - NORTH BILLERICA - 11320,NORTH BILLERICA,MA,302-235NL                ,331 - Specialty Fittings            ,$938,$0,$938,,Direct
Legend,THE PORTLAND GROUP,THE PORTLAND GROUP -FRAMINGHAM - AD#PG02 - WORCESTER - 243231,WORCESTER,MA,302-235NL                ,331 - Specialty Fittings            ,$0,$250,($250),-100.0%,Direct
Legend,ECONOMY PLBG. & HTG. #105710,ECONOMY PLBG. & HTG. #105710 - MATTAPAN - 14207,MATTAPAN,MA,302-238                  ,331 - Specialty Fittings            ,$0,$234,($234),-100.0%,Direct
Legend,SMITHFIELD PLUMBING & HEATING,SMITHFIELD PLUMBING & HEATING #104860 - TWIN MOUNTAIN - 179862,TWIN MOUNTAIN,RI,302-241NL                ,331 - Specialty Fittings            ,$0,$97,($97),-100.0%,Direct
Legend,WINNELSON,WINSUPPLY MANCHESTER CT CO (#071) - MANCHESTER - 10933,MANCHESTER,CT,302-243                  ,331 - Specialty Fittings            ,$0,$6,($6),-100.0%,Direct
Legend,REPUBLIC PLUMBING SUPPLY,REPUBLIC PLUMBING SUPPLY #109250 - FOXBORO - 2126102,FOXBORO,MA,302-243NL                ,331 - Specialty Fittings            ,$60,$0,$60,,Direct
Legend,REPUBLIC PLUMBING SUPPLY,REPUBLIC PLUMBING SUPPLY #109250 - NORWOOD - 11341,NORWOOD,MA,302-253                  ,331 - Specialty Fittings            ,$0,$56,($56),-100.0%,Direct
Legend,SID HARVEY,SID HARVEY - PROVIDENCE - 2122794,PROVIDENCE,NY,302-253                  ,331 - Specialty Fittings            ,$0,$56,($56),-100.0%,Direct
Legend,REPUBLIC PLUMBING SUPPLY,REPUBLIC PLUMBING SUPPLY #109250 - FOXBORO - 2126102,FOXBORO,MA,302-262NL                ,331 - Specialty Fittings            ,$56,$0,$56,,Direct
Legend,WINNELSON,WINSUPPLY MANCHESTER CT CO (#071) - MANCHESTER - 10933,MANCHESTER,CT,302-262NL                ,331 - Specialty Fittings            ,$0,$23,($23),-100.0%,Direct
Legend,THE PORTLAND GROUP,THE PORTLAND GROUP - AD#PG02 - NORTH BILLERICA - 11320,NORTH BILLERICA,MA,302-263                  ,331 - Specialty Fittings            ,$98,$0,$98,,Direct
Legend,REPUBLIC PLUMBING SUPPLY,REPUBLIC PLUMBING SUPPLY #109250 - FOXBORO - 2126102,FOXBORO,MA,302-263NL                ,331 - Specialty Fittings            ,$84,$0,$84,,Direct
Legend,WINNELSON,WINSUPPLY MANCHESTER CT CO (#071) - MANCHESTER - 10933,MANCHESTER,CT,302-263NL                ,331 - Specialty Fittings            ,$32,$0,$32,,Direct
Legend,SMITHFIELD PLUMBING & HEATING,SMITHFIELD PLUMBING & HEATING #104860 - GREENVILLE - 11383,GREENVILLE,RI,302-284NL                ,331 - Specialty Fittings            ,$0,$36,($36),-100.0%,Direct
Legend,SMITHFIELD PLUMBING & HEATING,SMITHFIELD PLUMBING & HEATING #104860 - TWIN MOUNTAIN - 179862,TWIN MOUNTAIN,RI,302-303NL                ,331 - Specialty Fittings            ,$0,$132,($132),-100.0%,Direct
Legend,SMITHFIELD PLUMBING & HEATING,SMITHFIELD PLUMBING & HEATING #104860 - TWIN MOUNTAIN - 179862,TWIN MOUNTAIN,RI,302-305NL                ,331 - Specialty Fittings            ,$44,$0,$44,,Direct
Legend,SMITHFIELD PLUMBING & HEATING,SMITHFIELD PLUMBING & HEATING #104860 - GREENVILLE - 11383,GREENVILLE,RI,302-307NL                ,331 - Specialty Fittings            ,$96,$154,($58),-37.5%,Direct
Legend,SMITHFIELD PLUMBING & HEATING,SMITHFIELD PLUMBING & HEATING #104860 - TWIN MOUNTAIN - 179862,TWIN MOUNTAIN,RI,302-307NL                ,331 - Specialty Fittings            ,$0,$77,($77),-100.0%,Direct
Legend,SMITHFIELD PLUMBING & HEATING,SMITHFIELD PLUMBING & HEATING #104860 - TWIN MOUNTAIN - 179862,TWIN MOUNTAIN,RI,302-308NL                ,331 - Specialty Fittings            ,$59,$0,$59,,Direct
Legend,SMITHFIELD PLUMBING & HEATING,SMITHFIELD PLUMBING & HEATING #104860 - GREENVILLE - 11383,GREENVILLE,RI,302-322                  ,331 - Specialty Fittings            ,$205,$131,$74,56.3%,Direct
Legend,WINNELSON,WINSUPPLY WAKEFIELD MA CO (#016) - WAKEFIELD - 10038,WAKEFIELD,MA,302-322NL                ,331 - Specialty Fittings            ,$0,$17,($17),-100.0%,Direct
Legend,SMITHFIELD PLUMBING & HEATING,SMITHFIELD PLUMBING & HEATING #104860 - GREENVILLE - 11383,GREENVILLE,RI,302-323NL                ,331 - Specialty Fittings            ,$301,$385,($84),-21.9%,Direct
Legend,M & G SUPPLY,M & G SUPPLY #246600 - WARREN - 164436,WARREN,RI,302-333NL                ,331 - Specialty Fittings            ,$21,$0,$21,,Direct
Legend,SMITHFIELD PLUMBING & HEATING,SMITHFIELD PLUMBING & HEATING #104860 - GREENVILLE - 11383,GREENVILLE,RI,302-333NL                ,331 - Specialty Fittings            ,$0,$43,($43),-100.0%,Direct
Legend,SMITHFIELD PLUMBING & HEATING,SMITHFIELD PLUMBING & HEATING #104860 - GREENVILLE - 11383,GREENVILLE,RI,302-334NL                ,331 - Specialty Fittings            ,$47,$0,$47,,Direct
Legend,SMITHFIELD PLUMBING & HEATING,SMITHFIELD PLUMBING & HEATING #104860 - TWIN MOUNTAIN - 179862,TWIN MOUNTAIN,RI,302-343                  ,331 - Specialty Fittings            ,$0,$47,($47),-100.0%,Direct
Legend,SMITHFIELD PLUMBING & HEATING,SMITHFIELD PLUMBING & HEATING #104860 - TWIN MOUNTAIN - 179862,TWIN MOUNTAIN,RI,302-344NL                ,331 - Specialty Fittings            ,$0,$142,($142),-100.0%,Direct
Legend,WINNELSON,BRANFORD WINNELSON CO (#075) - BRANFORD - 50111,BRANFORD,CT,302-344NL                ,331 - Specialty Fittings            ,$0,$9,($9),-100.0%,Direct
Legend,WINNELSON,WINSUPPLY MANCHESTER CT CO (#071) - MANCHESTER - 10933,MANCHESTER,CT,302-344NL                ,331 - Specialty Fittings            ,$119,$0,$119,,Direct
Legend,P & E SUPPLY - #227900,P & E SUPPLY - #227900 - SANFORD - 11937,SANFORD,ME,302-354NL                ,331 - Specialty Fittings            ,$449,$0,$449,,Direct
Legend,SMITHFIELD PLUMBING & HEATING,SMITHFIELD PLUMBING & HEATING #104860 - TWIN MOUNTAIN - 179862,TWIN MOUNTAIN,RI,302-354NL                ,331 - Specialty Fittings            ,$0,$79,($79),-100.0%,Direct
Legend,WINNELSON,BRANFORD WINNELSON CO (#075) - BRANFORD - 50111,BRANFORD,CT,302-354NL                ,331 - Specialty Fittings            ,$20,$16,$4,25.1%,Direct
Legend,WINNELSON,WINSUPPLY MANCHESTER CT CO (#071) - MANCHESTER - 10933,MANCHESTER,CT,302-354NL                ,331 - Specialty Fittings            ,$0,$39,($39),-100.0%,Direct
Legend,SMITHFIELD PLUMBING & HEATING,SMITHFIELD PLUMBING & HEATING #104860 - TWIN MOUNTAIN - 179862,TWIN MOUNTAIN,RI,302-355NL                ,331 - Specialty Fittings            ,$0,$236,($236),-100.0%,Direct
Legend,SMITHFIELD PLUMBING & HEATING,SMITHFIELD PLUMBING & HEATING #104860 - GREENVILLE - 11383,GREENVILLE,RI,302-356NL                ,331 - Specialty Fittings            ,$76,$0,$76,,Direct
Legend,SMITHFIELD PLUMBING & HEATING,SMITHFIELD PLUMBING & HEATING #104860 - TWIN MOUNTAIN - 179862,TWIN MOUNTAIN,RI,302-356NL                ,331 - Specialty Fittings            ,$76,$0,$76,,Direct
Legend,SMITHFIELD PLUMBING & HEATING,SMITHFIELD PLUMBING & HEATING #104860 - TWIN MOUNTAIN - 179862,TWIN MOUNTAIN,RI,302-358NL                ,331 - Specialty Fittings            ,$0,$154,($154),-100.0%,Direct
Legend,SMITHFIELD PLUMBING & HEATING,SMITHFIELD PLUMBING & HEATING #104860 - GREENVILLE - 11383,GREENVILLE,RI,302-373NL                ,331 - Specialty Fittings            ,$66,$0,$66,,Direct
Legend,SMITHFIELD PLUMBING & HEATING,SMITHFIELD PLUMBING & HEATING #104860 - TWIN MOUNTAIN - 179862,TWIN MOUNTAIN,RI,302-373NL                ,331 - Specialty Fittings            ,$0,$26,($26),-100.0%,Direct
Legend,WINNELSON,BRANFORD WINNELSON CO (#075) - BRANFORD - 50111,BRANFORD,CT,302-373NL                ,331 - Specialty Fittings            ,$13,$0,$13,,Direct
Legend,WINNELSON,WINSUPPLY MANCHESTER CT CO (#071) - MANCHESTER - 10933,MANCHESTER,CT,302-373NL                ,331 - Specialty Fittings            ,$99,$0,$99,,Direct
Legend,SMITHFIELD PLUMBING & HEATING,SMITHFIELD PLUMBING & HEATING #104860 - GREENVILLE - 11383,GREENVILLE,RI,302-384NL                ,331 - Specialty Fittings            ,$0,$187,($187),-100.0%,Direct
Legend,SMITHFIELD PLUMBING & HEATING,SMITHFIELD PLUMBING & HEATING #104860 - TWIN MOUNTAIN - 179862,TWIN MOUNTAIN,RI,302-384NL                ,331 - Specialty Fittings            ,$0,$47,($47),-100.0%,Direct
Legend,BENDER SUPPLY,"BENDER MANAGEMENT, INC. AD#BE81 - NEW HAVEN - 15530",NEW HAVEN,CT,302-403NL                ,333 - CPVC Transition Fittings      ,$141,$0,$141,,Direct
Legend,BENDER SUPPLY,"BENDER MANAGEMENT, INC. AD#BE81 - WATERBURY - 13933",WATERBURY,CT,302-403NL                ,333 - CPVC Transition Fittings      ,$0,$114,($114),-100.0%,Direct
Legend,BENDER SUPPLY,"BENDER MANAGEMENT, INC. AD#BE81 - BRIDGEPORT - 11949",BRIDGEPORT,CT,302-404NL                ,333 - CPVC Transition Fittings      ,$0,$329,($329),-100.0%,Direct
Legend,BENDER SUPPLY,"BENDER MANAGEMENT, INC. AD#BE81 - NEW HAVEN - 15530",NEW HAVEN,CT,302-404NL                ,333 - CPVC Transition Fittings      ,$0,$165,($165),-100.0%,Direct
Legend,BENDER SUPPLY,"BENDER MANAGEMENT, INC. AD#BE81 - WATERBURY - 13933",WATERBURY,CT,302-404NL                ,333 - CPVC Transition Fittings      ,$0,$329,($329),-100.0%,Direct
Legend,THE PORTLAND GROUP,THE PORTLAND GROUP -RAYNHAM - AD#PG02 - RAYNHAM - 182939,RAYNHAM,MA,302-404NL                ,333 - CPVC Transition Fittings      ,$102,$0,$102,,Direct
Legend,BENDER SUPPLY,"BENDER MANAGEMENT, INC. AD#BE81 - NEW HAVEN - 15530",NEW HAVEN,CT,302-405NL                ,333 - CPVC Transition Fittings      ,$0,$30,($30),-100.0%,Direct
Legend,THE PORTLAND GROUP,THE PORTLAND GROUP - AD#PG02 - NORTH BILLERICA - 11320,NORTH BILLERICA,MA,302-405NL                ,333 - CPVC Transition Fittings      ,"$1,130",$0,"$1,130",,Direct
Legend,BENDER SUPPLY,"BENDER MANAGEMENT, INC. AD#BE81 - WATERBURY - 13933",WATERBURY,CT,302-406NL                ,333 - CPVC Transition Fittings      ,$0,$57,($57),-100.0%,Direct
Legend,BENDER SUPPLY,"BENDER MANAGEMENT, INC. AD#BE81 - WATERBURY - 13933",WATERBURY,CT,302-407NL                ,333 - CPVC Transition Fittings      ,$0,$82,($82),-100.0%,Direct
Legend,BENDER SUPPLY,"BENDER MANAGEMENT, INC. AD#BE81 - NEW HAVEN - 15530",NEW HAVEN,CT,302-413NL                ,333 - CPVC Transition Fittings      ,$0,$22,($22),-100.0%,Direct
Legend,BENDER SUPPLY,"BENDER MANAGEMENT, INC. AD#BE81 - WATERBURY - 13933",WATERBURY,CT,302-413NL                ,333 - CPVC Transition Fittings      ,$0,$311,($311),-100.0%,Direct
Legend,THE PORTLAND GROUP,THE PORTLAND GROUP - AD#PG02 - NORTH BILLERICA - 11320,NORTH BILLERICA,MA,302-413NL                ,333 - CPVC Transition Fittings      ,"$1,104",$0,"$1,104",,Direct
Legend,THE PORTLAND GROUP,THE PORTLAND GROUP -RAYNHAM - AD#PG02 - RAYNHAM - 182939,RAYNHAM,MA,302-413NL                ,333 - CPVC Transition Fittings      ,$276,$0,$276,,Direct
Legend,BENDER SUPPLY,"BENDER MANAGEMENT, INC. AD#BE81 - BRIDGEPORT - 11949",BRIDGEPORT,CT,302-414NL                ,333 - CPVC Transition Fittings      ,$0,$85,($85),-100.0%,Direct
Legend,BENDER SUPPLY,"BENDER MANAGEMENT, INC. AD#BE81 - NEW HAVEN - 15530",NEW HAVEN,CT,302-414NL                ,333 - CPVC Transition Fittings      ,$0,$282,($282),-100.0%,Direct
Legend,THE PORTLAND GROUP,THE PORTLAND GROUP - AD#PG02 - NORTH BILLERICA - 11320,NORTH BILLERICA,MA,302-414NL                ,333 - CPVC Transition Fittings      ,$0,$353,($353),-100.0%,Direct
Legend,BENDER SUPPLY,"BENDER MANAGEMENT, INC. AD#BE81 - NEW HAVEN - 15530",NEW HAVEN,CT,302-415NL                ,333 - CPVC Transition Fittings      ,$0,$56,($56),-100.0%,Direct
Legend,THE PORTLAND GROUP,THE PORTLAND GROUP - AD#PG02 - NORTH BILLERICA - 11320,NORTH BILLERICA,MA,302-415NL                ,333 - CPVC Transition Fittings      ,$210,$0,$210,,Direct
Legend,THE PORTLAND GROUP,THE PORTLAND GROUP -RAYNHAM - AD#PG02 - RAYNHAM - 182939,RAYNHAM,MA,302-415NL                ,333 - CPVC Transition Fittings      ,$70,$0,$70,,Direct
Legend,WINNELSON,WINSUPPLY WAKEFIELD MA CO (#016) - WAKEFIELD - 10038,WAKEFIELD,MA,302-434                  ,333 - CPVC Transition Fittings      ,$0,$101,($101),-100.0%,Direct
Legend,R.A. MANLEY & SONS,R.A. MANLEY & SONS - PALMER - 10963,PALMER,MA,302-435                  ,333 - CPVC Transition Fittings      ,$0,$146,($146),-100.0%,Direct
Legend,WINNELSON,WINSUPPLY WAKEFIELD MA CO (#016) - WAKEFIELD - 10038,WAKEFIELD,MA,302-435                  ,333 - CPVC Transition Fittings      ,$0,$29,($29),-100.0%,Direct
Legend,WINNELSON,WINSUPPLY WAKEFIELD MA CO (#016) - WAKEFIELD - 10038,WAKEFIELD,MA,302-438                  ,333 - CPVC Transition Fittings      ,$0,$20,($20),-100.0%,Direct
Legend,ECONOMY PLBG. & HTG. #105710,ECONOMY PLBG. & HTG. #105710 - MATTAPAN - 14207,MATTAPAN,MA,302-444                  ,333 - CPVC Transition Fittings      ,$0,$336,($336),-100.0%,Direct
Legend,WINNELSON,WINSUPPLY WAKEFIELD MA CO (#016) - WAKEFIELD - 10038,WAKEFIELD,MA,302-444                  ,333 - CPVC Transition Fittings      ,$72,$0,$72,,Direct
Legend,HAJOCA,"PEABODY SUPPLY COMPANY, INC. #452 - METHUEN - 237950",METHUEN,MA,302-446                  ,333 - CPVC Transition Fittings      ,$676,$0,$676,,Direct
Legend,"SEEKONK SUPPLY, INC","SEEKONK SUPPLY, INC - #106780 - PROVIDENCE - 176778",PROVIDENCE,MA,302-607                  ,331 - Specialty Fittings            ,$11,$0,$11,,Direct
Legend,"SEEKONK SUPPLY, INC","SEEKONK SUPPLY, INC - #106780 - PROVIDENCE - 176778",PROVIDENCE,MA,302-608                  ,331 - Specialty Fittings            ,$24,$0,$24,,Direct
Legend,THE GRANITE GROUP,THE GRANITE GROUP-DBA/SALEM PLBG -ADGG04 - BEVERLY - 189469,BEVERLY,MA,302-608                  ,331 - Specialty Fittings            ,$32,$0,$32,,Direct
Legend,"SEEKONK SUPPLY, INC","SEEKONK SUPPLY, INC - #106780 - PROVIDENCE - 176778",PROVIDENCE,MA,302-609                  ,331 - Specialty Fittings            ,$26,$0,$26,,Direct
Legend,"SEEKONK SUPPLY, INC","SEEKONK SUPPLY, INC - #106780 - PROVIDENCE - 176778",PROVIDENCE,MA,302-629                  ,331 - Specialty Fittings            ,$17,$0,$17,,Direct
Legend,"SEEKONK SUPPLY, INC","SEEKONK SUPPLY, INC - #106780 - PROVIDENCE - 176778",PROVIDENCE,MA,302-631                  ,331 - Specialty Fittings            ,$26,$57,($31),-54.2%,Direct
Legend,HAJOCA,STATE SUPPLY #448 - IPSWICH - 1604946,IPSWICH,LA,303-103                  ,320 - Compression Fittings & Unions ,$0,$15,($15),-100.0%,Direct
Legend,PARK CITY VALVE & FITTING,PARK CITY VALVE & FITTING - BRIDGEPORT - 180459,BRIDGEPORT,CT,303-103                  ,320 - Compression Fittings & Unions ,$0,$15,($15),-100.0%,Direct
Legend,PARK CITY VALVE & FITTING,PARK CITY VALVE & FITTING - BRIDGEPORT - 180459,BRIDGEPORT,CT,303-104                  ,320 - Compression Fittings & Unions ,$0,$25,($25),-100.0%,Direct
Legend,AMESBURY INDUSTRIAL SUPPLY,AMESBURY INDUSTRIAL SUPPLY - AMESBURY - 12187,AMESBURY,MA,303-105                  ,320 - Compression Fittings & Unions ,$0,$16,($16),-100.0%,Direct
Legend,PARK CITY VALVE & FITTING,PARK CITY VALVE & FITTING - BRIDGEPORT - 180459,BRIDGEPORT,CT,303-105                  ,320 - Compression Fittings & Unions ,$0,$49,($49),-100.0%,Direct
Legend,WINNELSON,WINSUPPLY MANCHESTER CT CO (#071) - MANCHESTER - 10933,MANCHESTER,CT,303-105                  ,320 - Compression Fittings & Unions ,$0,$16,($16),-100.0%,Direct
Legend,"SEEKONK SUPPLY, INC","SEEKONK SUPPLY, INC - #106780 - PROVIDENCE - 176778",PROVIDENCE,MA,303-106                  ,320 - Compression Fittings & Unions ,$0,$11,($11),-100.0%,Direct
Legend,WINNELSON,WINSUPPLY MANCHESTER CT CO (#071) - MANCHESTER - 10933,MANCHESTER,CT,303-108                  ,320 - Compression Fittings & Unions ,$21,$0,$21,,Direct
Legend,PARK CITY VALVE & FITTING,PARK CITY VALVE & FITTING - BRIDGEPORT - 180459,BRIDGEPORT,CT,303-124NL                ,320 - Compression Fittings & Unions ,$0,$18,($18),-100.0%,Direct
Legend,PARK CITY VALVE & FITTING,PARK CITY VALVE & FITTING - BRIDGEPORT - 180459,BRIDGEPORT,CT,303-125NL                ,320 - Compression Fittings & Unions ,$0,$26,($26),-100.0%,Direct
Legend,PARK CITY VALVE & FITTING,PARK CITY VALVE & FITTING - BRIDGEPORT - 180459,BRIDGEPORT,CT,303-126NL                ,320 - Compression Fittings & Unions ,$0,$29,($29),-100.0%,Direct
Legend,PARK CITY VALVE & FITTING,PARK CITY VALVE & FITTING - BRIDGEPORT - 180459,BRIDGEPORT,CT,303-127NL                ,320 - Compression Fittings & Unions ,$0,$46,($46),-100.0%,Direct
Legend,PARK CITY VALVE & FITTING,PARK CITY VALVE & FITTING - BRIDGEPORT - 180459,BRIDGEPORT,CT,303-128NL                ,320 - Compression Fittings & Unions ,$0,$44,($44),-100.0%,Direct
Legend,SMITHFIELD PLUMBING & HEATING,SMITHFIELD PLUMBING & HEATING #104860 - TWIN MOUNTAIN - 179862,TWIN MOUNTAIN,RI,303-407                  ,341 - No Hub Couplings              ,$0,$19,($19),-100.0%,Direct
Legend,SMITHFIELD PLUMBING & HEATING,SMITHFIELD PLUMBING & HEATING #104860 - TWIN MOUNTAIN - 179862,TWIN MOUNTAIN,RI,303-408                  ,341 - No Hub Couplings              ,$0,$58,($58),-100.0%,Direct
Legend,SMITHFIELD PLUMBING & HEATING,SMITHFIELD PLUMBING & HEATING #104860 - TWIN MOUNTAIN - 179862,TWIN MOUNTAIN,RI,303-410                  ,341 - No Hub Couplings              ,$0,$43,($43),-100.0%,Direct
Legend,SMITHFIELD PLUMBING & HEATING,SMITHFIELD PLUMBING & HEATING #104860 - TWIN MOUNTAIN - 179862,TWIN MOUNTAIN,RI,303-417                  ,341 - No Hub Couplings              ,$42,$36,$6,17.6%,Direct
Legend,AMESBURY INDUSTRIAL SUPPLY,AMESBURY INDUSTRIAL SUPPLY - AMESBURY - 12187,AMESBURY,MA,303-418                  ,341 - No Hub Couplings              ,$0,$53,($53),-100.0%,Direct
Legend,SMITHFIELD PLUMBING & HEATING,SMITHFIELD PLUMBING & HEATING #104860 - GREENVILLE - 11383,GREENVILLE,RI,303-420                  ,341 - No Hub Couplings              ,$79,$67,$12,17.7%,Direct
Legend,SMITHFIELD PLUMBING & HEATING,SMITHFIELD PLUMBING & HEATING #104860 - TWIN MOUNTAIN - 179862,TWIN MOUNTAIN,RI,303-420                  ,341 - No Hub Couplings              ,$79,$67,$12,17.7%,Direct
Legend,"WINSLOW SUPPLY, INC.","WINSLOW SUPPLY, INC. - WATERVILLE - 181416",WATERVILLE,ME,303-420                  ,341 - No Hub Couplings              ,$0,$81,($81),-100.0%,Direct
Legend,AMESBURY INDUSTRIAL SUPPLY,AMESBURY INDUSTRIAL SUPPLY - AMESBURY - 12187,AMESBURY,MA,303-421                  ,341 - No Hub Couplings              ,$0,$77,($77),-100.0%,Direct
Legend,SMITHFIELD PLUMBING & HEATING,SMITHFIELD PLUMBING & HEATING #104860 - GREENVILLE - 11383,GREENVILLE,RI,303-421                  ,341 - No Hub Couplings              ,$91,$77,$14,17.7%,Direct
Legend,SMITHFIELD PLUMBING & HEATING,SMITHFIELD PLUMBING & HEATING #104860 - TWIN MOUNTAIN - 179862,TWIN MOUNTAIN,RI,303-421                  ,341 - No Hub Couplings              ,$0,$77,($77),-100.0%,Direct
Legend,"APPALACHIAN SUPPLY, INC. - #228800","APPALACHIAN SUPPLY, INC. - #228800 - SAINT JOHNSBURY - 16328",SAINT JOHNSBURY,VT,304-020                  ,366 - Stainless Steel Nipples       ,$0,$25,($25),-100.0%,Direct
Legend,J.D.M. SUPPLY,J.D.M. SUPPLY - MAPLEVILLE - 15647,MAPLEVILLE,RI,304-022                  ,366 - Stainless Steel Nipples       ,$0,$40,($40),-100.0%,Direct
Legend,"APPALACHIAN SUPPLY, INC. - #228800","APPALACHIAN SUPPLY, INC. - #228800 - SAINT JOHNSBURY - 16328",SAINT JOHNSBURY,VT,304-070                  ,366 - Stainless Steel Nipples       ,$0,$144,($144),-100.0%,Direct
Legend,BETTS PLUMBING & HEATING SUPPLY #257200,BETTS PLUMBING & HEATING SUPPLY #257200 - WESTFIELD - 211651,WESTFIELD,MA,304-082                  ,366 - Stainless Steel Nipples       ,$4,$0,$4,,Direct
Legend,"APPALACHIAN SUPPLY, INC. - #228800","APPALACHIAN SUPPLY, INC. - #228800 - SAINT JOHNSBURY - 16328",SAINT JOHNSBURY,VT,304-100                  ,366 - Stainless Steel Nipples       ,$0,$68,($68),-100.0%,Direct
Legend,"APPALACHIAN SUPPLY, INC. - #228800","APPALACHIAN SUPPLY, INC. - #228800 - SAINT JOHNSBURY - 16328",SAINT JOHNSBURY,VT,304-102                  ,366 - Stainless Steel Nipples       ,$0,$85,($85),-100.0%,Direct
Legend,"APPALACHIAN SUPPLY, INC. - #228800","APPALACHIAN SUPPLY, INC. - #228800 - SAINT JOHNSBURY - 16328",SAINT JOHNSBURY,VT,304-104                  ,366 - Stainless Steel Nipples       ,$0,$118,($118),-100.0%,Direct
Legend,J.D.M. SUPPLY,J.D.M. SUPPLY - MAPLEVILLE - 15647,MAPLEVILLE,RI,304-170                  ,366 - Stainless Steel Nipples       ,$0,$118,($118),-100.0%,Direct
Legend,SMITHFIELD PLUMBING & HEATING,SMITHFIELD PLUMBING & HEATING #104860 - TWIN MOUNTAIN - 179862,TWIN MOUNTAIN,RI,304-184                  ,366 - Stainless Steel Nipples       ,$0,$81,($81),-100.0%,Direct
Legend,PLIMPTON & HILLS,PLIMPTON & HILLS CORP -AD#PH46 - MANCHESTER - 178293,MANCHESTER,CT,310-001NL                ,391 - No Lead Bronze Fittings       ,$0,$56,($56),-100.0%,Direct
Legend,P & E SUPPLY - #227900,P & E SUPPLY - #227900 - SANFORD - 11937,SANFORD,ME,310-003NL                ,391 - No Lead Bronze Fittings       ,$0,$77,($77),-100.0%,Direct
Legend,PLIMPTON & HILLS,PLIMPTON & HILLS CORP -AD#PH46 - MANCHESTER - 178293,MANCHESTER,CT,310-003NL                ,391 - No Lead Bronze Fittings       ,$186,$443,($257),-58.0%,Direct
Legend,P & E SUPPLY - #227900,P & E SUPPLY - #227900 - SANFORD - 11937,SANFORD,ME,310-004NL                ,391 - No Lead Bronze Fittings       ,$0,$104,($104),-100.0%,Direct
Legend,PLIMPTON & HILLS,PLIMPTON & HILLS CORP -AD#PH46 - MANCHESTER - 178293,MANCHESTER,CT,310-004NL                ,391 - No Lead Bronze Fittings       ,$502,$825,($323),-39.1%,Direct
Legend,PLIMPTON & HILLS,PLIMPTON & HILLS CORP -AD#PH46 - MANCHESTER - 178293,MANCHESTER,CT,310-005NL                ,391 - No Lead Bronze Fittings       ,$193,$184,$9,5.0%,Direct
Legend,PLIMPTON & HILLS,PLIMPTON & HILLS CORP -AD#PH46 - MANCHESTER - 178293,MANCHESTER,CT,310-006NL                ,391 - No Lead Bronze Fittings       ,$0,$234,($234),-100.0%,Direct
Legend,PLIMPTON & HILLS,PLIMPTON & HILLS CORP -AD#PH46 - MANCHESTER - 178293,MANCHESTER,CT,310-007NL                ,391 - No Lead Bronze Fittings       ,$0,$146,($146),-100.0%,Direct
Legend,PLIMPTON & HILLS,PLIMPTON & HILLS CORP -AD#PH46 - MANCHESTER - 178293,MANCHESTER,CT,310-008NL                ,391 - No Lead Bronze Fittings       ,$0,$238,($238),-100.0%,Direct
Legend,PLIMPTON & HILLS,PLIMPTON & HILLS CORP -AD#PH46 - MANCHESTER - 178293,MANCHESTER,CT,310-023NL                ,391 - No Lead Bronze Fittings       ,$0,$81,($81),-100.0%,Direct
Legend,PLIMPTON & HILLS,PLIMPTON & HILLS CORP -AD#PH46 - MANCHESTER - 178293,MANCHESTER,CT,310-025NL                ,391 - No Lead Bronze Fittings       ,$0,$161,($161),-100.0%,Direct
Legend,PLIMPTON & HILLS,PLIMPTON & HILLS CORP -AD#PH46 - MANCHESTER - 178293,MANCHESTER,CT,310-043NL                ,391 - No Lead Bronze Fittings       ,$347,$661,($314),-47.5%,Direct
Legend,PLIMPTON & HILLS,PLIMPTON & HILLS CORP -AD#PH46 - MANCHESTER - 178293,MANCHESTER,CT,310-044NL                ,391 - No Lead Bronze Fittings       ,$163,$622,($458),-73.8%,Direct
Legend,PLIMPTON & HILLS,PLIMPTON & HILLS CORP -AD#PH46 - MANCHESTER - 178293,MANCHESTER,CT,310-046NL                ,391 - No Lead Bronze Fittings       ,$0,$158,($158),-100.0%,Direct
Legend,PLIMPTON & HILLS,PLIMPTON & HILLS CORP -AD#PH46 - MANCHESTER - 178293,MANCHESTER,CT,310-063NL                ,391 - No Lead Bronze Fittings       ,$0,$110,($110),-100.0%,Direct
Legend,PLIMPTON & HILLS,PLIMPTON & HILLS CORP -AD#PH46 - MANCHESTER - 178293,MANCHESTER,CT,310-064NL                ,391 - No Lead Bronze Fittings       ,$0,$155,($155),-100.0%,Direct
Legend,PLIMPTON & HILLS,PLIMPTON & HILLS CORP -AD#PH46 - MANCHESTER - 178293,MANCHESTER,CT,310-083NL                ,391 - No Lead Bronze Fittings       ,$230,$219,$11,5.0%,Direct
Legend,PLIMPTON & HILLS,PLIMPTON & HILLS CORP -AD#PH46 - MANCHESTER - 178293,MANCHESTER,CT,310-084NL                ,391 - No Lead Bronze Fittings       ,$203,$290,($87),-30.0%,Direct
Legend,P & E SUPPLY - #227900,P & E SUPPLY - #227900 - SANFORD - 11937,SANFORD,ME,310-085NL                ,391 - No Lead Bronze Fittings       ,$0,$132,($132),-100.0%,Direct
Legend,PLIMPTON & HILLS,PLIMPTON & HILLS CORP -AD#PH46 - MANCHESTER - 178293,MANCHESTER,CT,310-085NL                ,391 - No Lead Bronze Fittings       ,$0,$153,($153),-100.0%,Direct
Legend,PLIMPTON & HILLS,PLIMPTON & HILLS CORP -AD#PH46 - MANCHESTER - 178293,MANCHESTER,CT,310-086NL                ,391 - No Lead Bronze Fittings       ,$0,$92,($92),-100.0%,Direct
Legend,PLIMPTON & HILLS,PLIMPTON & HILLS CORP -AD#PH46 - MANCHESTER - 178293,MANCHESTER,CT,310-103NL                ,391 - No Lead Bronze Fittings       ,$221,$736,($515),-70.0%,Direct
Legend,M & G SUPPLY,M & G SUPPLY #246600 - WARREN - 164436,WARREN,RI,310-104NL                ,391 - No Lead Bronze Fittings       ,$37,$0,$37,,Direct
Legend,PLIMPTON & HILLS,PLIMPTON & HILLS CORP -AD#PH46 - MANCHESTER - 178293,MANCHESTER,CT,310-104NL                ,391 - No Lead Bronze Fittings       ,$0,"$1,858","($1,858)",-100.0%,Direct
Legend,PLIMPTON & HILLS,PLIMPTON & HILLS CORP -AD#PH46 - MANCHESTER - 178293,MANCHESTER,CT,310-105NL                ,391 - No Lead Bronze Fittings       ,$0,$269,($269),-100.0%,Direct
Legend,PLIMPTON & HILLS,PLIMPTON & HILLS CORP -AD#PH46 - MANCHESTER - 178293,MANCHESTER,CT,310-107NL                ,391 - No Lead Bronze Fittings       ,$0,$207,($207),-100.0%,Direct
Legend,PLIMPTON & HILLS,PLIMPTON & HILLS CORP -AD#PH46 - MANCHESTER - 178293,MANCHESTER,CT,310-122NL                ,391 - No Lead Bronze Fittings       ,$46,$0,$46,,Direct
Legend,PLIMPTON & HILLS,PLIMPTON & HILLS CORP -AD#PH46 - MANCHESTER - 178293,MANCHESTER,CT,310-123NL                ,391 - No Lead Bronze Fittings       ,$367,"$1,282",($915),-71.4%,Direct
Legend,PLIMPTON & HILLS,PLIMPTON & HILLS CORP -AD#PH46 - MANCHESTER - 178293,MANCHESTER,CT,310-124NL                ,391 - No Lead Bronze Fittings       ,$81,$77,$4,5.0%,Direct
Legend,PLIMPTON & HILLS,PLIMPTON & HILLS CORP -AD#PH46 - MANCHESTER - 178293,MANCHESTER,CT,310-125NL                ,391 - No Lead Bronze Fittings       ,$51,$121,($70),-58.0%,Direct
Legend,PLIMPTON & HILLS,PLIMPTON & HILLS CORP -AD#PH46 - MANCHESTER - 178293,MANCHESTER,CT,310-127NL                ,391 - No Lead Bronze Fittings       ,$0,$50,($50),-100.0%,Direct
Legend,PLIMPTON & HILLS,PLIMPTON & HILLS CORP -AD#PH46 - MANCHESTER - 178293,MANCHESTER,CT,310-128NL                ,391 - No Lead Bronze Fittings       ,$0,$168,($168),-100.0%,Direct
Legend,PLIMPTON & HILLS,PLIMPTON & HILLS CORP -AD#PH46 - WALLINGFORD - 91199,WALLINGFORD,CT,310-129NL                ,391 - No Lead Bronze Fittings       ,$34,$0,$34,,Direct
Legend,PLIMPTON & HILLS,PLIMPTON & HILLS CORP -AD#PH46 - MANCHESTER - 178293,MANCHESTER,CT,310-143NL                ,391 - No Lead Bronze Fittings       ,$94,$225,($130),-58.0%,Direct
Legend,PLIMPTON & HILLS,PLIMPTON & HILLS CORP -AD#PH46 - MANCHESTER - 178293,MANCHESTER,CT,310-145NL                ,391 - No Lead Bronze Fittings       ,$433,$413,$21,5.0%,Direct
Legend,PLIMPTON & HILLS,PLIMPTON & HILLS CORP -AD#PH46 - MANCHESTER - 178293,MANCHESTER,CT,310-146NL                ,391 - No Lead Bronze Fittings       ,$254,$0,$254,,Direct
Legend,PLIMPTON & HILLS,PLIMPTON & HILLS CORP -AD#PH46 - MANCHESTER - 178293,MANCHESTER,CT,310-148NL                ,391 - No Lead Bronze Fittings       ,$231,$439,($209),-47.5%,Direct
Legend,PLIMPTON & HILLS,PLIMPTON & HILLS CORP -AD#PH46 - MANCHESTER - 178293,MANCHESTER,CT,310-181NL                ,391 - No Lead Bronze Fittings       ,$41,$0,$41,,Direct
Legend,PLIMPTON & HILLS,PLIMPTON & HILLS CORP -AD#PH46 - MANCHESTER - 178293,MANCHESTER,CT,310-182NL                ,391 - No Lead Bronze Fittings       ,$0,$39,($39),-100.0%,Direct
Legend,PLIMPTON & HILLS,PLIMPTON & HILLS CORP -AD#PH46 - MANCHESTER - 178293,MANCHESTER,CT,310-183NL                ,391 - No Lead Bronze Fittings       ,$321,$428,($107),-25.0%,Direct
Legend,M & G SUPPLY,M & G SUPPLY #246600 - WARREN - 164436,WARREN,RI,310-184NL                ,391 - No Lead Bronze Fittings       ,$17,$0,$17,,Direct
Legend,PLIMPTON & HILLS,PLIMPTON & HILLS CORP -AD#PH46 - MANCHESTER - 178293,MANCHESTER,CT,310-184NL                ,391 - No Lead Bronze Fittings       ,$73,$140,($66),-47.5%,Direct
Legend,PLIMPTON & HILLS,PLIMPTON & HILLS CORP -AD#PH46 - MANCHESTER - 178293,MANCHESTER,CT,310-185NL                ,391 - No Lead Bronze Fittings       ,$0,$92,($92),-100.0%,Direct
Legend,PLIMPTON & HILLS,PLIMPTON & HILLS CORP -AD#PH46 - MANCHESTER - 178293,MANCHESTER,CT,310-186NL                ,391 - No Lead Bronze Fittings       ,$0,$55,($55),-100.0%,Direct
Legend,PLIMPTON & HILLS,PLIMPTON & HILLS CORP -AD#PH46 - MANCHESTER - 178293,MANCHESTER,CT,310-189NL                ,391 - No Lead Bronze Fittings       ,$40,$0,$40,,Direct
Legend,PLIMPTON & HILLS,PLIMPTON & HILLS CORP -AD#PH46 - MANCHESTER - 178293,MANCHESTER,CT,310-203NL                ,391 - No Lead Bronze Fittings       ,$35,$0,$35,,Direct
Legend,PLIMPTON & HILLS,PLIMPTON & HILLS CORP -AD#PH46 - MANCHESTER - 178293,MANCHESTER,CT,310-204NL                ,391 - No Lead Bronze Fittings       ,$100,$0,$100,,Direct
Legend,PLIMPTON & HILLS,PLIMPTON & HILLS CORP -AD#PH46 - MANCHESTER - 178293,MANCHESTER,CT,310-308NL                ,391 - No Lead Bronze Fittings       ,$0,$131,($131),-100.0%,Direct
Legend,PLIMPTON & HILLS,PLIMPTON & HILLS CORP -AD#PH46 - MANCHESTER - 178293,MANCHESTER,CT,310-311NL                ,391 - No Lead Bronze Fittings       ,$0,$229,($229),-100.0%,Direct
Legend,PLIMPTON & HILLS,PLIMPTON & HILLS CORP -AD#PH46 - MANCHESTER - 178293,MANCHESTER,CT,310-362NL                ,391 - No Lead Bronze Fittings       ,$0,$25,($25),-100.0%,Direct
Legend,PLIMPTON & HILLS,PLIMPTON & HILLS CORP -AD#PH46 - MANCHESTER - 178293,MANCHESTER,CT,310-364NL                ,391 - No Lead Bronze Fittings       ,$0,$78,($78),-100.0%,Direct
Legend,PLIMPTON & HILLS,PLIMPTON & HILLS CORP -AD#PH46 - MANCHESTER - 178293,MANCHESTER,CT,310-365NL                ,391 - No Lead Bronze Fittings       ,$0,$78,($78),-100.0%,Direct
Legend,PLIMPTON & HILLS,PLIMPTON & HILLS CORP -AD#PH46 - MANCHESTER - 178293,MANCHESTER,CT,310-368NL                ,391 - No Lead Bronze Fittings       ,$244,$232,$12,5.0%,Direct
Legend,PLIMPTON & HILLS,PLIMPTON & HILLS CORP -AD#PH46 - MANCHESTER - 178293,MANCHESTER,CT,310-371NL                ,391 - No Lead Bronze Fittings       ,$81,$77,$4,5.0%,Direct
Legend,PLIMPTON & HILLS,PLIMPTON & HILLS CORP -AD#PH46 - MANCHESTER - 178293,MANCHESTER,CT,310-372NL                ,391 - No Lead Bronze Fittings       ,$203,$386,($183),-47.5%,Direct
Legend,PLIMPTON & HILLS,PLIMPTON & HILLS CORP -AD#PH46 - MANCHESTER - 178293,MANCHESTER,CT,310-375NL                ,391 - No Lead Bronze Fittings       ,$0,$125,($125),-100.0%,Direct
Legend,PLIMPTON & HILLS,PLIMPTON & HILLS CORP -AD#PH46 - MANCHESTER - 178293,MANCHESTER,CT,310-376NL                ,391 - No Lead Bronze Fittings       ,$131,$118,$12,10.5%,Direct
Legend,PLIMPTON & HILLS,PLIMPTON & HILLS CORP -AD#PH46 - MANCHESTER - 178293,MANCHESTER,CT,310-378NL                ,391 - No Lead Bronze Fittings       ,$186,$443,($257),-58.0%,Direct
Legend,PLIMPTON & HILLS,PLIMPTON & HILLS CORP -AD#PH46 - MANCHESTER - 178293,MANCHESTER,CT,310-379NL                ,391 - No Lead Bronze Fittings       ,$165,$551,($386),-70.0%,Direct
Legend,AMESBURY INDUSTRIAL SUPPLY,AMESBURY INDUSTRIAL SUPPLY - AMESBURY - 12187,AMESBURY,MA,310-380NL                ,391 - No Lead Bronze Fittings       ,$0,$66,($66),-100.0%,Direct
Legend,PLIMPTON & HILLS,PLIMPTON & HILLS CORP -AD#PH46 - MANCHESTER - 178293,MANCHESTER,CT,310-380NL                ,391 - No Lead Bronze Fittings       ,$165,$0,$165,,Direct
Legend,PLIMPTON & HILLS,PLIMPTON & HILLS CORP -AD#PH46 - MANCHESTER - 178293,MANCHESTER,CT,310-382NL                ,391 - No Lead Bronze Fittings       ,$277,$0,$277,,Direct
Legend,PLIMPTON & HILLS,PLIMPTON & HILLS CORP -AD#PH46 - MANCHESTER - 178293,MANCHESTER,CT,310-383NL                ,391 - No Lead Bronze Fittings       ,$277,$0,$277,,Direct
Legend,AMESBURY INDUSTRIAL SUPPLY,AMESBURY INDUSTRIAL SUPPLY - AMESBURY - 12187,AMESBURY,MA,310-385NL                ,391 - No Lead Bronze Fittings       ,$0,$98,($98),-100.0%,Direct
Legend,PLIMPTON & HILLS,PLIMPTON & HILLS CORP -AD#PH46 - MANCHESTER - 178293,MANCHESTER,CT,310-385NL                ,391 - No Lead Bronze Fittings       ,$246,$0,$246,,Direct
Legend,PLIMPTON & HILLS,PLIMPTON & HILLS CORP -AD#PH46 - MANCHESTER - 178293,MANCHESTER,CT,310-390NL                ,391 - No Lead Bronze Fittings       ,$0,$330,($330),-100.0%,Direct
Legend,PLIMPTON & HILLS,PLIMPTON & HILLS CORP -AD#PH46 - MANCHESTER - 178293,MANCHESTER,CT,310-421NL                ,391 - No Lead Bronze Fittings       ,$185,$0,$185,,Direct
Legend,WINNELSON,WINSUPPLY WAKEFIELD MA CO (#016) - WAKEFIELD - 10038,WAKEFIELD,MA,310-421NL                ,391 - No Lead Bronze Fittings       ,$0,$70,($70),-100.0%,Direct
Legend,PLIMPTON & HILLS,PLIMPTON & HILLS CORP -AD#PH46 - MANCHESTER - 178293,MANCHESTER,CT,310-425NL                ,391 - No Lead Bronze Fittings       ,$135,$0,$135,,Direct
Legend,PLIMPTON & HILLS,PLIMPTON & HILLS CORP -AD#PH46 - MANCHESTER - 178293,MANCHESTER,CT,310-430NL                ,391 - No Lead Bronze Fittings       ,$0,$249,($249),-100.0%,Direct
Legend,PLIMPTON & HILLS,PLIMPTON & HILLS CORP -AD#PH46 - MANCHESTER - 178293,MANCHESTER,CT,310-435NL                ,391 - No Lead Bronze Fittings       ,$214,$0,$214,,Direct
Legend,PLIMPTON & HILLS,PLIMPTON & HILLS CORP -AD#PH46 - MANCHESTER - 178293,MANCHESTER,CT,310-451NL                ,391 - No Lead Bronze Fittings       ,$81,$0,$81,,Direct
Legend,PLIMPTON & HILLS,PLIMPTON & HILLS CORP -AD#PH46 - MANCHESTER - 178293,MANCHESTER,CT,310-452NL                ,391 - No Lead Bronze Fittings       ,$0,$193,($193),-100.0%,Direct
Legend,P & E SUPPLY - #227900,P & E SUPPLY - #227900 - SANFORD - 11937,SANFORD,ME,310-455NL                ,391 - No Lead Bronze Fittings       ,$639,$0,$639,,Direct
Legend,PLIMPTON & HILLS,PLIMPTON & HILLS CORP -AD#PH46 - MANCHESTER - 178293,MANCHESTER,CT,310-470NL                ,391 - No Lead Bronze Fittings       ,$0,$46,($46),-100.0%,Direct
Legend,PLIMPTON & HILLS,PLIMPTON & HILLS CORP -AD#PH46 - MANCHESTER - 178293,MANCHESTER,CT,310-473NL                ,391 - No Lead Bronze Fittings       ,$58,$0,$58,,Direct
Legend,P & E SUPPLY - #227900,P & E SUPPLY - #227900 - SANFORD - 11937,SANFORD,ME,310-474NL                ,391 - No Lead Bronze Fittings       ,$0,$27,($27),-100.0%,Direct
Legend,PLIMPTON & HILLS,PLIMPTON & HILLS CORP -AD#PH46 - MANCHESTER - 178293,MANCHESTER,CT,310-474NL                ,391 - No Lead Bronze Fittings       ,$195,$543,($348),-64.1%,Direct
Legend,PLIMPTON & HILLS,PLIMPTON & HILLS CORP -AD#PH46 - MANCHESTER - 178293,MANCHESTER,CT,310-475NL                ,391 - No Lead Bronze Fittings       ,$146,$93,$53,57.6%,Direct
Legend,PLIMPTON & HILLS,PLIMPTON & HILLS CORP -AD#PH46 - MANCHESTER - 178293,MANCHESTER,CT,310-476NL                ,391 - No Lead Bronze Fittings       ,$81,$0,$81,,Direct
Legend,PLIMPTON & HILLS,PLIMPTON & HILLS CORP -AD#PH46 - MANCHESTER - 178293,MANCHESTER,CT,310-477NL                ,391 - No Lead Bronze Fittings       ,$81,$308,($227),-73.7%,Direct
Legend,M & G SUPPLY,M & G SUPPLY #246600 - WARREN - 164436,WARREN,RI,310-479NL                ,391 - No Lead Bronze Fittings       ,$31,$0,$31,,Direct
Legend,PLIMPTON & HILLS,PLIMPTON & HILLS CORP -AD#PH46 - MANCHESTER - 178293,MANCHESTER,CT,310-479NL                ,391 - No Lead Bronze Fittings       ,$201,$510,($309),-60.6%,Direct
Legend,PLIMPTON & HILLS,PLIMPTON & HILLS CORP -AD#PH46 - MANCHESTER - 178293,MANCHESTER,CT,310-482NL                ,391 - No Lead Bronze Fittings       ,$101,$97,$5,5.0%,Direct
Legend,P & E SUPPLY - #227900,P & E SUPPLY - #227900 - SANFORD - 11937,SANFORD,ME,310-483NL                ,391 - No Lead Bronze Fittings       ,$141,$0,$141,,Direct
Legend,PLIMPTON & HILLS,PLIMPTON & HILLS CORP -AD#PH46 - MANCHESTER - 178293,MANCHESTER,CT,310-483NL                ,391 - No Lead Bronze Fittings       ,$304,$773,($469),-60.6%,Direct
Legend,AMESBURY INDUSTRIAL SUPPLY,AMESBURY INDUSTRIAL SUPPLY - AMESBURY - 12187,AMESBURY,MA,310-486NL                ,391 - No Lead Bronze Fittings       ,$0,$69,($69),-100.0%,Direct
Legend,PLIMPTON & HILLS,PLIMPTON & HILLS CORP -AD#PH46 - MANCHESTER - 178293,MANCHESTER,CT,310-486NL                ,391 - No Lead Bronze Fittings       ,$0,$231,($231),-100.0%,Direct
Legend,PLIMPTON & HILLS,PLIMPTON & HILLS CORP -AD#PH46 - MANCHESTER - 178293,MANCHESTER,CT,310-487NL                ,391 - No Lead Bronze Fittings       ,$346,$0,$346,,Direct
Legend,PLIMPTON & HILLS,PLIMPTON & HILLS CORP -AD#PH46 - MANCHESTER - 178293,MANCHESTER,CT,310-489NL                ,391 - No Lead Bronze Fittings       ,$108,$0,$108,,Direct
Legend,PLIMPTON & HILLS,PLIMPTON & HILLS CORP -AD#PH46 - MANCHESTER - 178293,MANCHESTER,CT,310-490NL                ,391 - No Lead Bronze Fittings       ,$0,$346,($346),-100.0%,Direct
Legend,PLIMPTON & HILLS,PLIMPTON & HILLS CORP -AD#PH46 - MANCHESTER - 178293,MANCHESTER,CT,310-491NL                ,391 - No Lead Bronze Fittings       ,$88,$244,($156),-63.8%,Direct
Legend,PLIMPTON & HILLS,PLIMPTON & HILLS CORP -AD#PH46 - MANCHESTER - 178293,MANCHESTER,CT,310-493NL                ,391 - No Lead Bronze Fittings       ,$0,$75,($75),-100.0%,Direct
Legend,PLIMPTON & HILLS,PLIMPTON & HILLS CORP -AD#PH46 - MANCHESTER - 178293,MANCHESTER,CT,310-494NL                ,391 - No Lead Bronze Fittings       ,$158,$150,$8,5.0%,Direct
Legend,PLIMPTON & HILLS,PLIMPTON & HILLS CORP -AD#PH46 - MANCHESTER - 178293,MANCHESTER,CT,310-496NL                ,391 - No Lead Bronze Fittings       ,$0,$436,($436),-100.0%,Direct
Legend,"SEEKONK SUPPLY, INC","SEEKONK SUPPLY, INC. - #106780 - REHOBOTH - 2118882",REHOBOTH,MA,310-499NL                ,391 - No Lead Bronze Fittings       ,$0,$50,($50),-100.0%,Direct
Legend,PLIMPTON & HILLS,PLIMPTON & HILLS CORP -AD#PH46 - MANCHESTER - 178293,MANCHESTER,CT,310-500NL                ,391 - No Lead Bronze Fittings       ,$26,$0,$26,,Direct
Legend,PLIMPTON & HILLS,PLIMPTON & HILLS CORP -AD#PH46 - MANCHESTER - 178293,MANCHESTER,CT,311-020                  ,370 - Bronze Nipples                ,$31,$0,$31,,Direct
Legend,PLIMPTON & HILLS,PLIMPTON & HILLS CORP -AD#PH46 - MANCHESTER - 178293,MANCHESTER,CT,311-021                  ,370 - Bronze Nipples                ,$0,$30,($30),-100.0%,Direct
Legend,PLIMPTON & HILLS,PLIMPTON & HILLS CORP -AD#PH46 - MANCHESTER - 178293,MANCHESTER,CT,311-024                  ,370 - Bronze Nipples                ,$52,$0,$52,,Direct
Legend,PLIMPTON & HILLS,PLIMPTON & HILLS CORP -AD#PH46 - MANCHESTER - 178293,MANCHESTER,CT,311-030                  ,370 - Bronze Nipples                ,$0,$81,($81),-100.0%,Direct
Legend,PLIMPTON & HILLS,PLIMPTON & HILLS CORP -AD#PH46 - MANCHESTER - 178293,MANCHESTER,CT,311-040                  ,370 - Bronze Nipples                ,$65,$27,$38,139.9%,Direct
Legend,PLIMPTON & HILLS,PLIMPTON & HILLS CORP -AD#PH46 - MANCHESTER - 178293,MANCHESTER,CT,311-041                  ,370 - Bronze Nipples                ,$39,$32,$6,20.0%,Direct
Legend,PLIMPTON & HILLS,PLIMPTON & HILLS CORP -AD#PH46 - MANCHESTER - 178293,MANCHESTER,CT,311-042                  ,370 - Bronze Nipples                ,$47,$0,$47,,Direct
Legend,PLIMPTON & HILLS,PLIMPTON & HILLS CORP -AD#PH46 - MANCHESTER - 178293,MANCHESTER,CT,311-042CNL               ,"381 - Chrome Nipples - 1/2"" & 3/8""  ",$0,$27,($27),-100.0%,Direct
Legend,PLIMPTON & HILLS,PLIMPTON & HILLS CORP -AD#PH46 - MANCHESTER - 178293,MANCHESTER,CT,311-044                  ,370 - Bronze Nipples                ,$0,$52,($52),-100.0%,Direct
Legend,PLIMPTON & HILLS,PLIMPTON & HILLS CORP -AD#PH46 - MANCHESTER - 178293,MANCHESTER,CT,311-045CNL               ,"381 - Chrome Nipples - 1/2"" & 3/8""  ",$0,$39,($39),-100.0%,Direct
Legend,PLIMPTON & HILLS,PLIMPTON & HILLS CORP -AD#PH46 - MANCHESTER - 178293,MANCHESTER,CT,311-046                  ,370 - Bronze Nipples                ,$80,$0,$80,,Direct
Legend,PLIMPTON & HILLS,PLIMPTON & HILLS CORP -AD#PH46 - MANCHESTER - 178293,MANCHESTER,CT,311-046CNL               ,"381 - Chrome Nipples - 1/2"" & 3/8""  ",$436,$465,($29),-6.2%,Direct
Legend,PLIMPTON & HILLS,PLIMPTON & HILLS CORP -AD#PH46 - MANCHESTER - 178293,MANCHESTER,CT,311-048                  ,370 - Bronze Nipples                ,$37,$0,$37,,Direct
Legend,PLIMPTON & HILLS,PLIMPTON & HILLS CORP -AD#PH46 - MANCHESTER - 178293,MANCHESTER,CT,311-049CNL               ,"381 - Chrome Nipples - 1/2"" & 3/8""  ",$0,$59,($59),-100.0%,Direct
Legend,PLIMPTON & HILLS,PLIMPTON & HILLS CORP -AD#PH46 - MANCHESTER - 178293,MANCHESTER,CT,311-050                  ,370 - Bronze Nipples                ,$109,$0,$109,,Direct
Legend,PLIMPTON & HILLS,PLIMPTON & HILLS CORP -AD#PH46 - MANCHESTER - 178293,MANCHESTER,CT,311-050CNL               ,"381 - Chrome Nipples - 1/2"" & 3/8""  ",$200,$152,$48,31.6%,Direct
Legend,PLIMPTON & HILLS,PLIMPTON & HILLS CORP -AD#PH46 - MANCHESTER - 178293,MANCHESTER,CT,311-056CNL               ,"381 - Chrome Nipples - 1/2"" & 3/8""  ",$0,$58,($58),-100.0%,Direct
Legend,PLIMPTON & HILLS,PLIMPTON & HILLS CORP -AD#PH46 - MANCHESTER - 178293,MANCHESTER,CT,311-060                  ,370 - Bronze Nipples                ,$261,$145,$116,79.9%,Direct
Legend,PLIMPTON & HILLS,PLIMPTON & HILLS CORP -AD#PH46 - MANCHESTER - 178293,MANCHESTER,CT,311-061                  ,370 - Bronze Nipples                ,$402,$335,$67,19.9%,Direct
Legend,PLIMPTON & HILLS,PLIMPTON & HILLS CORP -AD#PH46 - MANCHESTER - 178293,MANCHESTER,CT,311-061CNL               ,"381 - Chrome Nipples - 1/2"" & 3/8""  ",$18,$0,$18,,Direct
Legend,PLIMPTON & HILLS,PLIMPTON & HILLS CORP -AD#PH46 - MANCHESTER - 178293,MANCHESTER,CT,311-062                  ,370 - Bronze Nipples                ,$591,$394,$197,50.0%,Direct
Legend,PLIMPTON & HILLS,PLIMPTON & HILLS CORP -AD#PH46 - MANCHESTER - 178293,MANCHESTER,CT,311-062CNL               ,"381 - Chrome Nipples - 1/2"" & 3/8""  ",$0,$34,($34),-100.0%,Direct
Legend,PLIMPTON & HILLS,PLIMPTON & HILLS CORP -AD#PH46 - MANCHESTER - 178293,MANCHESTER,CT,311-063                  ,370 - Bronze Nipples                ,$281,$586,($305),-52.0%,Direct
Legend,PLIMPTON & HILLS,PLIMPTON & HILLS CORP -AD#PH46 - MANCHESTER - 178293,MANCHESTER,CT,311-064                  ,370 - Bronze Nipples                ,$247,$481,($234),-48.6%,Direct
Legend,PLIMPTON & HILLS,PLIMPTON & HILLS CORP -AD#PH46 - MANCHESTER - 178293,MANCHESTER,CT,311-064CNL               ,"381 - Chrome Nipples - 1/2"" & 3/8""  ",$60,$120,($60),-50.0%,Direct
Legend,P & E SUPPLY - #227900,P & E SUPPLY - #227900 - SANFORD - 11937,SANFORD,ME,311-065                  ,370 - Bronze Nipples                ,$158,$0,$158,,Direct
Legend,PLIMPTON & HILLS,PLIMPTON & HILLS CORP -AD#PH46 - MANCHESTER - 178293,MANCHESTER,CT,311-065                  ,370 - Bronze Nipples                ,$188,$392,($204),-52.0%,Direct
Legend,PLIMPTON & HILLS,PLIMPTON & HILLS CORP -AD#PH46 - MANCHESTER - 178293,MANCHESTER,CT,311-066                  ,370 - Bronze Nipples                ,$108,$449,($342),-76.0%,Direct
Legend,PLIMPTON & HILLS,PLIMPTON & HILLS CORP -AD#PH46 - MANCHESTER - 178293,MANCHESTER,CT,311-066CNL               ,"381 - Chrome Nipples - 1/2"" & 3/8""  ",$197,$157,$39,25.0%,Direct
Legend,PLIMPTON & HILLS,PLIMPTON & HILLS CORP -AD#PH46 - MANCHESTER - 178293,MANCHESTER,CT,311-067                  ,370 - Bronze Nipples                ,$0,$195,($195),-100.0%,Direct
Legend,PLIMPTON & HILLS,PLIMPTON & HILLS CORP -AD#PH46 - MANCHESTER - 178293,MANCHESTER,CT,311-068                  ,370 - Bronze Nipples                ,$0,$107,($107),-100.0%,Direct
Legend,PLIMPTON & HILLS,PLIMPTON & HILLS CORP -AD#PH46 - MANCHESTER - 178293,MANCHESTER,CT,311-069                  ,370 - Bronze Nipples                ,$0,$118,($118),-100.0%,Direct
Legend,PLIMPTON & HILLS,PLIMPTON & HILLS CORP -AD#PH46 - MANCHESTER - 178293,MANCHESTER,CT,311-070                  ,370 - Bronze Nipples                ,$314,$393,($79),-20.0%,Direct
Legend,PLIMPTON & HILLS,PLIMPTON & HILLS CORP -AD#PH46 - MANCHESTER - 178293,MANCHESTER,CT,311-070CNL               ,"381 - Chrome Nipples - 1/2"" & 3/8""  ",$0,$458,($458),-100.0%,Direct
Legend,PLIMPTON & HILLS,PLIMPTON & HILLS CORP -AD#PH46 - MANCHESTER - 178293,MANCHESTER,CT,311-080                  ,370 - Bronze Nipples                ,$125,$209,($84),-40.0%,Direct
Legend,PLIMPTON & HILLS,PLIMPTON & HILLS CORP -AD#PH46 - MANCHESTER - 178293,MANCHESTER,CT,311-081                  ,370 - Bronze Nipples                ,$67,$278,($211),-76.0%,Direct
Legend,PLIMPTON & HILLS,PLIMPTON & HILLS CORP -AD#PH46 - MANCHESTER - 178293,MANCHESTER,CT,311-082                  ,370 - Bronze Nipples                ,$158,$197,($39),-20.0%,Direct
Legend,PLIMPTON & HILLS,PLIMPTON & HILLS CORP -AD#PH46 - MANCHESTER - 178293,MANCHESTER,CT,311-083                  ,370 - Bronze Nipples                ,$91,$152,($61),-40.0%,Direct
Legend,PLIMPTON & HILLS,PLIMPTON & HILLS CORP -AD#PH46 - MANCHESTER - 178293,MANCHESTER,CT,311-084                  ,370 - Bronze Nipples                ,$316,$439,($123),-28.0%,Direct
Legend,PLIMPTON & HILLS,PLIMPTON & HILLS CORP -AD#PH46 - MANCHESTER - 178293,MANCHESTER,CT,311-085                  ,370 - Bronze Nipples                ,$0,$99,($99),-100.0%,Direct
Legend,PLIMPTON & HILLS,PLIMPTON & HILLS CORP -AD#PH46 - MANCHESTER - 178293,MANCHESTER,CT,311-086                  ,370 - Bronze Nipples                ,$138,$344,($206),-60.0%,Direct
Legend,PLIMPTON & HILLS,PLIMPTON & HILLS CORP -AD#PH46 - MANCHESTER - 178293,MANCHESTER,CT,311-087                  ,370 - Bronze Nipples                ,$0,$125,($125),-100.0%,Direct
Legend,PLIMPTON & HILLS,PLIMPTON & HILLS CORP -AD#PH46 - MANCHESTER - 178293,MANCHESTER,CT,311-088                  ,370 - Bronze Nipples                ,$165,$275,($110),-40.0%,Direct
Legend,PLIMPTON & HILLS,PLIMPTON & HILLS CORP -AD#PH46 - MANCHESTER - 178293,MANCHESTER,CT,311-089                  ,370 - Bronze Nipples                ,$0,$150,($150),-100.0%,Direct
Legend,PLIMPTON & HILLS,PLIMPTON & HILLS CORP -AD#PH46 - MANCHESTER - 178293,MANCHESTER,CT,311-090                  ,370 - Bronze Nipples                ,$201,$502,($302),-60.0%,Direct
Legend,PLIMPTON & HILLS,PLIMPTON & HILLS CORP -AD#PH46 - MANCHESTER - 178293,MANCHESTER,CT,311-100                  ,370 - Bronze Nipples                ,$0,$77,($77),-100.0%,Direct
Legend,PLIMPTON & HILLS,PLIMPTON & HILLS CORP -AD#PH46 - MANCHESTER - 178293,MANCHESTER,CT,311-102                  ,370 - Bronze Nipples                ,$114,$190,($76),-40.0%,Direct
Legend,P & E SUPPLY - #227900,P & E SUPPLY - #227900 - SANFORD - 11937,SANFORD,ME,311-104                  ,370 - Bronze Nipples                ,$103,$0,$103,,Direct
Legend,PLIMPTON & HILLS,PLIMPTON & HILLS CORP -AD#PH46 - MANCHESTER - 178293,MANCHESTER,CT,311-104                  ,370 - Bronze Nipples                ,$153,$383,($230),-60.0%,Direct
Legend,PLIMPTON & HILLS,PLIMPTON & HILLS CORP -AD#PH46 - MANCHESTER - 178293,MANCHESTER,CT,311-106                  ,370 - Bronze Nipples                ,$0,$166,($166),-100.0%,Direct
Legend,PLIMPTON & HILLS,PLIMPTON & HILLS CORP -AD#PH46 - MANCHESTER - 178293,MANCHESTER,CT,311-108                  ,370 - Bronze Nipples                ,$0,$205,($205),-100.0%,Direct
Legend,PLIMPTON & HILLS,PLIMPTON & HILLS CORP -AD#PH46 - MANCHESTER - 178293,MANCHESTER,CT,311-110                  ,370 - Bronze Nipples                ,$293,$245,$49,19.9%,Direct
Legend,PLIMPTON & HILLS,PLIMPTON & HILLS CORP -AD#PH46 - MANCHESTER - 178293,MANCHESTER,CT,311-120                  ,370 - Bronze Nipples                ,$0,$46,($46),-100.0%,Direct
Legend,PLIMPTON & HILLS,PLIMPTON & HILLS CORP -AD#PH46 - MANCHESTER - 178293,MANCHESTER,CT,311-122                  ,370 - Bronze Nipples                ,$32,$0,$32,,Direct
Legend,PLIMPTON & HILLS,PLIMPTON & HILLS CORP -AD#PH46 - MANCHESTER - 178293,MANCHESTER,CT,311-123                  ,370 - Bronze Nipples                ,$0,$60,($60),-100.0%,Direct
Legend,PLIMPTON & HILLS,PLIMPTON & HILLS CORP -AD#PH46 - MANCHESTER - 178293,MANCHESTER,CT,311-124                  ,370 - Bronze Nipples                ,$0,$177,($177),-100.0%,Direct
Legend,PLIMPTON & HILLS,PLIMPTON & HILLS CORP -AD#PH46 - MANCHESTER - 178293,MANCHESTER,CT,311-125                  ,370 - Bronze Nipples                ,$0,$42,($42),-100.0%,Direct
Legend,PLIMPTON & HILLS,PLIMPTON & HILLS CORP -AD#PH46 - MANCHESTER - 178293,MANCHESTER,CT,311-126                  ,370 - Bronze Nipples                ,$0,$93,($93),-100.0%,Direct
Legend,PLIMPTON & HILLS,PLIMPTON & HILLS CORP -AD#PH46 - MANCHESTER - 178293,MANCHESTER,CT,311-130                  ,370 - Bronze Nipples                ,$0,$136,($136),-100.0%,Direct
Legend,P & E SUPPLY - #227900,P & E SUPPLY - #227900 - SANFORD - 11937,SANFORD,ME,311-140                  ,370 - Bronze Nipples                ,$73,$0,$73,,Direct
Legend,PLIMPTON & HILLS,PLIMPTON & HILLS CORP -AD#PH46 - MANCHESTER - 178293,MANCHESTER,CT,311-140                  ,370 - Bronze Nipples                ,$0,$151,($151),-100.0%,Direct
Legend,PLIMPTON & HILLS,PLIMPTON & HILLS CORP -AD#PH46 - MANCHESTER - 178293,MANCHESTER,CT,311-142                  ,370 - Bronze Nipples                ,$0,$162,($162),-100.0%,Direct
Legend,PLIMPTON & HILLS,PLIMPTON & HILLS CORP -AD#PH46 - MANCHESTER - 178293,MANCHESTER,CT,311-144                  ,370 - Bronze Nipples                ,$107,$89,$18,19.9%,Direct
Legend,PLIMPTON & HILLS,PLIMPTON & HILLS CORP -AD#PH46 - MANCHESTER - 178293,MANCHESTER,CT,311-146                  ,370 - Bronze Nipples                ,$140,$117,$23,20.0%,Direct
Legend,PLIMPTON & HILLS,PLIMPTON & HILLS CORP -AD#PH46 - MANCHESTER - 178293,MANCHESTER,CT,311-149                  ,370 - Bronze Nipples                ,$95,$0,$95,,Direct
Legend,PLIMPTON & HILLS,PLIMPTON & HILLS CORP -AD#PH46 - MANCHESTER - 178293,MANCHESTER,CT,311-160                  ,370 - Bronze Nipples                ,$110,$230,($120),-52.0%,Direct
Legend,PLIMPTON & HILLS,PLIMPTON & HILLS CORP -AD#PH46 - MANCHESTER - 178293,MANCHESTER,CT,311-163                  ,370 - Bronze Nipples                ,$0,$99,($99),-100.0%,Direct
Legend,PLIMPTON & HILLS,PLIMPTON & HILLS CORP -AD#PH46 - MANCHESTER - 178293,MANCHESTER,CT,311-164                  ,370 - Bronze Nipples                ,$137,$0,$137,,Direct
Legend,PLIMPTON & HILLS,PLIMPTON & HILLS CORP -AD#PH46 - MANCHESTER - 178293,MANCHESTER,CT,311-166                  ,370 - Bronze Nipples                ,$90,$0,$90,,Direct
Legend,PLIMPTON & HILLS,PLIMPTON & HILLS CORP -AD#PH46 - MANCHESTER - 178293,MANCHESTER,CT,311-167                  ,370 - Bronze Nipples                ,$100,$0,$100,,Direct
Legend,PLIMPTON & HILLS,PLIMPTON & HILLS CORP -AD#PH46 - MANCHESTER - 178293,MANCHESTER,CT,311-168                  ,370 - Bronze Nipples                ,$111,$185,($74),-40.0%,Direct
Legend,PLIMPTON & HILLS,PLIMPTON & HILLS CORP -AD#PH46 - MANCHESTER - 178293,MANCHESTER,CT,311-170                  ,370 - Bronze Nipples                ,$265,$0,$265,,Direct
Legend,SMITHFIELD PLUMBING & HEATING,SMITHFIELD PLUMBING & HEATING #104860 - TWIN MOUNTAIN - 179862,TWIN MOUNTAIN,RI,312-003NL                ,410 - Insert Fittings               ,$0,$37,($37),-100.0%,Direct
Legend,HAJOCA,STATE SUPPLY #448 - IPSWICH - 1604946,IPSWICH,LA,312-004NL                ,410 - Insert Fittings               ,$0,$32,($32),-100.0%,Direct
Legend,M & G SUPPLY,M & G SUPPLY #246600 - EAST PROVIDENCE - 11021,EAST PROVIDENCE,RI,312-004NL                ,410 - Insert Fittings               ,$4,$0,$4,,Direct
Legend,SMITHFIELD PLUMBING & HEATING,SMITHFIELD PLUMBING & HEATING #104860 - TWIN MOUNTAIN - 179862,TWIN MOUNTAIN,RI,312-004NL                ,410 - Insert Fittings               ,$21,$79,($58),-73.4%,Direct
Legend,WINNELSON,BRANFORD WINNELSON CO (#075) - BRANFORD - 50111,BRANFORD,CT,312-004NL                ,410 - Insert Fittings               ,$0,$19,($19),-100.0%,Direct
Legend,PARK CITY VALVE & FITTING,PARK CITY VALVE & FITTING - BRIDGEPORT - 180459,BRIDGEPORT,CT,312-005NL                ,410 - Insert Fittings               ,$0,$66,($66),-100.0%,Direct
Legend,SMITHFIELD PLUMBING & HEATING,SMITHFIELD PLUMBING & HEATING #104860 - GREENVILLE - 11383,GREENVILLE,RI,312-005NL                ,410 - Insert Fittings               ,$0,$66,($66),-100.0%,Direct
Legend,SMITHFIELD PLUMBING & HEATING,SMITHFIELD PLUMBING & HEATING #104860 - TWIN MOUNTAIN - 179862,TWIN MOUNTAIN,RI,312-005NL                ,410 - Insert Fittings               ,$132,$265,($133),-50.2%,Direct
Legend,WINNELSON,BRANFORD WINNELSON CO (#075) - BRANFORD - 50111,BRANFORD,CT,312-005NL                ,410 - Insert Fittings               ,$0,$80,($80),-100.0%,Direct
Legend,AMESBURY INDUSTRIAL SUPPLY,AMESBURY INDUSTRIAL SUPPLY - AMESBURY - 12187,AMESBURY,MA,312-005SS                ,410 - Insert Fittings               ,$0,$44,($44),-100.0%,Direct
Legend,PARK CITY VALVE & FITTING,PARK CITY VALVE & FITTING - BRIDGEPORT - 180459,BRIDGEPORT,CT,312-006                  ,410 - Insert Fittings               ,$0,$37,($37),-100.0%,Direct
Legend,SMITHFIELD PLUMBING & HEATING,SMITHFIELD PLUMBING & HEATING #104860 - TWIN MOUNTAIN - 179862,TWIN MOUNTAIN,RI,312-006NL                ,410 - Insert Fittings               ,$35,$133,($97),-73.4%,Direct
Legend,WINNELSON,WINSUPPLY SHELTON CT CO (#072) - SHELTON - 189041,SHELTON,CT,312-007                  ,410 - Insert Fittings               ,$27,$0,$27,,Direct
Legend,PARK CITY VALVE & FITTING,PARK CITY VALVE & FITTING - BRIDGEPORT - 180459,BRIDGEPORT,CT,312-008                  ,410 - Insert Fittings               ,$0,$30,($30),-100.0%,Direct
Legend,SMITHFIELD PLUMBING & HEATING,SMITHFIELD PLUMBING & HEATING #104860 - TWIN MOUNTAIN - 179862,TWIN MOUNTAIN,RI,312-008                  ,410 - Insert Fittings               ,$0,$30,($30),-100.0%,Direct
Legend,AMESBURY INDUSTRIAL SUPPLY,AMESBURY INDUSTRIAL SUPPLY - AMESBURY - 12187,AMESBURY,MA,312-008SS                ,410 - Insert Fittings               ,$0,$42,($42),-100.0%,Direct
Legend,AMESBURY INDUSTRIAL SUPPLY,AMESBURY INDUSTRIAL SUPPLY - AMESBURY - 12187,AMESBURY,MA,312-043NL                ,410 - Insert Fittings               ,$0,$28,($28),-100.0%,Direct
Legend,AMESBURY INDUSTRIAL SUPPLY,AMESBURY INDUSTRIAL SUPPLY - AMESBURY - 12187,AMESBURY,MA,312-044NL                ,410 - Insert Fittings               ,$0,$34,($34),-100.0%,Direct
Legend,SMITHFIELD PLUMBING & HEATING,SMITHFIELD PLUMBING & HEATING #104860 - TWIN MOUNTAIN - 179862,TWIN MOUNTAIN,RI,312-045NL                ,410 - Insert Fittings               ,$0,$15,($15),-100.0%,Direct
Legend,AMESBURY INDUSTRIAL SUPPLY,AMESBURY INDUSTRIAL SUPPLY - AMESBURY - 12187,AMESBURY,MA,312-046                  ,410 - Insert Fittings               ,$0,$16,($16),-100.0%,Direct
Legend,PARK CITY VALVE & FITTING,PARK CITY VALVE & FITTING - BRIDGEPORT - 180459,BRIDGEPORT,CT,312-048                  ,410 - Insert Fittings               ,$0,$120,($120),-100.0%,Direct
Legend,SMITHFIELD PLUMBING & HEATING,SMITHFIELD PLUMBING & HEATING #104860 - TWIN MOUNTAIN - 179862,TWIN MOUNTAIN,RI,312-055NL                ,410 - Insert Fittings               ,$68,$43,$25,59.4%,Direct
Legend,AMESBURY INDUSTRIAL SUPPLY,AMESBURY INDUSTRIAL SUPPLY - AMESBURY - 12187,AMESBURY,MA,312-064NL                ,410 - Insert Fittings               ,$0,$15,($15),-100.0%,Direct
Legend,AMESBURY INDUSTRIAL SUPPLY,AMESBURY INDUSTRIAL SUPPLY - AMESBURY - 12187,AMESBURY,MA,312-064SS                ,410 - Insert Fittings               ,$0,$42,($42),-100.0%,Direct
Legend,SMITHFIELD PLUMBING & HEATING,SMITHFIELD PLUMBING & HEATING #104860 - TWIN MOUNTAIN - 179862,TWIN MOUNTAIN,RI,312-074SS                ,410 - Insert Fittings               ,$60,$0,$60,,Direct
Legend,M & G SUPPLY,M & G SUPPLY #246600 - WARREN - 164436,WARREN,RI,312-075NL                ,410 - Insert Fittings               ,$40,$0,$40,,Direct
Legend,SMITHFIELD PLUMBING & HEATING,SMITHFIELD PLUMBING & HEATING #104860 - TWIN MOUNTAIN - 179862,TWIN MOUNTAIN,RI,312-075NL                ,410 - Insert Fittings               ,$0,$189,($189),-100.0%,Direct
Legend,SMITHFIELD PLUMBING & HEATING,SMITHFIELD PLUMBING & HEATING #104860 - TWIN MOUNTAIN - 179862,TWIN MOUNTAIN,RI,312-075SS                ,410 - Insert Fittings               ,$100,$0,$100,,Direct
Legend,SMITHFIELD PLUMBING & HEATING,SMITHFIELD PLUMBING & HEATING #104860 - TWIN MOUNTAIN - 179862,TWIN MOUNTAIN,RI,312-076SS                ,410 - Insert Fittings               ,$0,$71,($71),-100.0%,Direct
Legend,AMESBURY INDUSTRIAL SUPPLY,AMESBURY INDUSTRIAL SUPPLY - AMESBURY - 12187,AMESBURY,MA,312-144                  ,410 - Insert Fittings               ,$0,$12,($12),-100.0%,Direct
Legend,SMITHFIELD PLUMBING & HEATING,SMITHFIELD PLUMBING & HEATING #104860 - TWIN MOUNTAIN - 179862,TWIN MOUNTAIN,RI,312-164NL                ,410 - Insert Fittings               ,$24,$31,($8),-24.1%,Direct
Legend,M & G SUPPLY,M & G SUPPLY #246600 - WARREN - 164436,WARREN,RI,312-165NL                ,410 - Insert Fittings               ,$27,$0,$27,,Direct
Legend,SMITHFIELD PLUMBING & HEATING,SMITHFIELD PLUMBING & HEATING #104860 - TWIN MOUNTAIN - 179862,TWIN MOUNTAIN,RI,312-165NL                ,410 - Insert Fittings               ,$0,$67,($67),-100.0%,Direct
Legend,SMITHFIELD PLUMBING & HEATING,SMITHFIELD PLUMBING & HEATING #104860 - TWIN MOUNTAIN - 179862,TWIN MOUNTAIN,RI,312-166NL                ,410 - Insert Fittings               ,$0,$66,($66),-100.0%,Direct
Legend,SMITHFIELD PLUMBING & HEATING,SMITHFIELD PLUMBING & HEATING #104860 - TWIN MOUNTAIN - 179862,TWIN MOUNTAIN,RI,312-167NL                ,410 - Insert Fittings               ,$16,$0,$16,,Direct
Legend,BENDER SUPPLY,"BENDER MANAGEMENT, INC. AD#BE81 - WATERBURY - 13933",WATERBURY,CT,312-185NL                ,410 - Insert Fittings               ,$0,$74,($74),-100.0%,Direct
Legend,HAJOCA,STATE SUPPLY #448 - IPSWICH - 1604946,IPSWICH,LA,312-185NL                ,410 - Insert Fittings               ,$0,$74,($74),-100.0%,Direct
Legend,M & G SUPPLY,M & G SUPPLY #246600 - WARREN - 164436,WARREN,RI,312-202NL                ,410 - Insert Fittings               ,$0,$250,($250),-100.0%,Direct
Legend,M & G SUPPLY,M & G SUPPLY #246600 - EAST PROVIDENCE - 11021,EAST PROVIDENCE,RI,313-004NL                ,420 - Water Service Fittings        ,$21,$0,$21,,Direct
Legend,PLIMPTON & HILLS,PLIMPTON & HILLS CORP -AD#PH46 - MANCHESTER - 178293,MANCHESTER,CT,313-004NL                ,420 - Water Service Fittings        ,$103,$0,$103,,Direct
Legend,SMITHFIELD PLUMBING & HEATING,SMITHFIELD PLUMBING & HEATING #104860 - GREENVILLE - 11383,GREENVILLE,RI,313-004NL                ,420 - Water Service Fittings        ,$41,$50,($9),-17.2%,Direct
Legend,HAJOCA,"PEABODY SUPPLY COMPANY, INC. - NORTH CHELMSFORD - 179976",NORTH CHELMSFORD,MA,313-005NL                ,420 - Water Service Fittings        ,$30,$0,$30,,Direct
Legend,M & G SUPPLY,M & G SUPPLY #246600 - WARREN - 164436,WARREN,RI,313-005NL                ,420 - Water Service Fittings        ,$0,$49,($49),-100.0%,Direct
Legend,WINNELSON,BRANFORD WINNELSON CO (#075) - BRANFORD - 50111,BRANFORD,CT,313-005NL                ,420 - Water Service Fittings        ,$60,$0,$60,,Direct
Legend,PLIMPTON & HILLS,PLIMPTON & HILLS CORP -AD#PH46 - HARTFORD - 1030246,HARTFORD,CT,313-007NL                ,420 - Water Service Fittings        ,($37),$0,($37),,Direct
Legend,SMITHFIELD PLUMBING & HEATING,SMITHFIELD PLUMBING & HEATING #104860 - GREENVILLE - 11383,GREENVILLE,RI,313-008NL                ,420 - Water Service Fittings        ,$0,$107,($107),-100.0%,Direct
Legend,PLIMPTON & HILLS,PLIMPTON & HILLS CORP -AD#PH46 - HARTFORD - 1030246,HARTFORD,CT,313-108NL                ,420 - Water Service Fittings        ,($528),$0,($528),,Direct
Legend,PLIMPTON & HILLS,PLIMPTON & HILLS CORP -AD#PH46 - MANCHESTER - 178293,MANCHESTER,CT,313-108NL                ,420 - Water Service Fittings        ,$218,$0,$218,,Direct
Legend,THE PORTLAND GROUP,THE PORTLAND GROUP - AD#PG02 - NORTH BILLERICA - 11320,NORTH BILLERICA,MA,313-124NL                ,420 - Water Service Fittings        ,$34,$0,$34,,Direct
Legend,WINNELSON,WINSUPPLY MANCHESTER CT CO (#071) - MANCHESTER - 10933,MANCHESTER,CT,313-124NL                ,420 - Water Service Fittings        ,$48,$22,$26,117.3%,Direct
Legend,THE PORTLAND GROUP,THE PORTLAND GROUP - AD#PG02 - NORTH BILLERICA - 11320,NORTH BILLERICA,MA,313-125NL                ,420 - Water Service Fittings        ,$47,$0,$47,,Direct
Legend,HAJOCA,"PEABODY SUPPLY COMPANY, INC. - NORTH CHELMSFORD - 179976",NORTH CHELMSFORD,MA,313-133NL                ,420 - Water Service Fittings        ,$13,$0,$13,,Direct
Legend,M & G SUPPLY,M & G SUPPLY #246600 - EAST PROVIDENCE - 11021,EAST PROVIDENCE,RI,313-133NL                ,420 - Water Service Fittings        ,$77,$0,$77,,Direct
Legend,"SEEKONK SUPPLY, INC","SEEKONK SUPPLY, INC - #106780 - PROVIDENCE - 176778",PROVIDENCE,MA,313-133NL                ,420 - Water Service Fittings        ,$0,$26,($26),-100.0%,Direct
Legend,"SEEKONK SUPPLY, INC","SEEKONK SUPPLY, INC. - #106780 - REHOBOTH - 2118882",REHOBOTH,MA,313-133NL                ,420 - Water Service Fittings        ,$0,$568,($568),-100.0%,Direct
Legend,SUPPLY NEW ENGLAND,SUPPLY NEW ENGLAND #10 - AD#SN03 - UXBRIDGE - 15115,UXBRIDGE,MA,313-133NL                ,420 - Water Service Fittings        ,$244,$0,$244,,Direct
Legend,WINNELSON,WINSUPPLY - FALL RIVER-#068 - FALL RIVER - 15001,FALL RIVER,MA,313-133NL                ,420 - Water Service Fittings        ,$0,$103,($103),-100.0%,Direct
Legend,WINNELSON,WINSUPPLY WORCESTER MA CO (#089) - AUBURN - 11695,AUBURN,MA,313-133NL                ,420 - Water Service Fittings        ,$64,$0,$64,,Direct
Legend,BETTS PLUMBING & HEATING SUPPLY #257200,BETTS PLUMBING & HEATING SUPPLY #257200 - WESTFIELD - 211651,WESTFIELD,MA,313-134NL                ,420 - Water Service Fittings        ,$217,$105,$112,107.0%,Direct
Legend,HAJOCA,"PEABODY SUPPLY COMPANY, INC. #451 - KINGSTON - 177695",KINGSTON,NH,313-134NL                ,420 - Water Service Fittings        ,$54,$0,$54,,Direct
Legend,HAJOCA,"PEABODY SUPPLY COMPANY, INC. - NORTH CHELMSFORD - 179976",NORTH CHELMSFORD,MA,313-134NL                ,420 - Water Service Fittings        ,$22,$0,$22,,Direct
Legend,M & G SUPPLY,M & G SUPPLY #246600 - EAST PROVIDENCE - 11021,EAST PROVIDENCE,RI,313-134NL                ,420 - Water Service Fittings        ,$11,$0,$11,,Direct
Legend,M & G SUPPLY,M & G SUPPLY #246600 - WARREN - 164436,WARREN,RI,313-134NL                ,420 - Water Service Fittings        ,$0,$52,($52),-100.0%,Direct
Legend,"SEEKONK SUPPLY, INC","SEEKONK SUPPLY, INC. - #106780 - REHOBOTH - 2118882",REHOBOTH,MA,313-134NL                ,420 - Water Service Fittings        ,$109,$157,($49),-31.0%,Direct
Legend,WINNELSON,WINSUPPLY - FALL RIVER-#068 - FALL RIVER - 15001,FALL RIVER,MA,313-134NL                ,420 - Water Service Fittings        ,$0,$87,($87),-100.0%,Direct
Legend,WINNELSON,WINSUPPLY - PLYMOUTH-#085 - PLYMOUTH - 187363,PLYMOUTH,MA,313-134NL                ,420 - Water Service Fittings        ,$0,$52,($52),-100.0%,Direct
Legend,WINNELSON,WINSUPPLY - FALL RIVER-#068 - FALL RIVER - 15001,FALL RIVER,MA,313-135NL                ,420 - Water Service Fittings        ,$0,$14,($14),-100.0%,Direct
Legend,WINNELSON,WINSUPPLY SHELTON CT CO (#072) - SHELTON - 189041,SHELTON,CT,313-148NL                ,420 - Water Service Fittings        ,$0,$48,($48),-100.0%,Direct
Legend,THE PORTLAND GROUP,THE PORTLAND GROUP - AD#PG02 - NORTH BILLERICA - 11320,NORTH BILLERICA,MA,313-150NL                ,420 - Water Service Fittings        ,$106,$0,$106,,Direct
Legend,ATLANTIC PLBG & HTG - #236300,ATLANTIC PLBG & HTG - #236300 - COVENTRY - 13190,COVENTRY,RI,313-204NL                ,420 - Water Service Fittings        ,$323,$0,$323,,Direct
Legend,HAJOCA,"PEABODY SUPPLY COMPANY, INC. #452 - METHUEN - 237950",METHUEN,MA,313-204NL                ,420 - Water Service Fittings        ,$0,$130,($130),-100.0%,Direct
Legend,PLIMPTON & HILLS,PLIMPTON & HILLS CORP -AD#PH46 - MANCHESTER - 178293,MANCHESTER,CT,313-204NL                ,420 - Water Service Fittings        ,$161,$0,$161,,Direct
Legend,REPUBLIC PLUMBING SUPPLY,REPUBLIC PLUMBING SUPPLY #109250 - FOXBORO - 2126102,FOXBORO,MA,313-204NL                ,420 - Water Service Fittings        ,$161,$0,$161,,Direct
Legend,SMITHFIELD PLUMBING & HEATING,SMITHFIELD PLUMBING & HEATING #104860 - TWIN MOUNTAIN - 179862,TWIN MOUNTAIN,RI,313-204NL                ,420 - Water Service Fittings        ,$65,$130,($65),-50.3%,Direct
Legend,THE GRANITE GROUP,THE GRANITE GROUP- ADGG04 - LONDONDERRY - 179844,LONDONDERRY,NH,313-204NL                ,420 - Water Service Fittings        ,$0,$520,($520),-100.0%,Direct
Legend,THE GRANITE GROUP,THE GRANITE GROUP-DBA/SALEM PLBG -ADGG04 - BEVERLY - 189469,BEVERLY,MA,313-204NL                ,420 - Water Service Fittings        ,$97,$0,$97,,Direct
Legend,THE PORTLAND GROUP,THE PORTLAND GROUP - AD#PG02 - NORTH BILLERICA - 11320,NORTH BILLERICA,MA,313-204NL                ,420 - Water Service Fittings        ,$48,$0,$48,,Direct
Legend,WINNELSON,WINSUPPLY - PLYMOUTH-#085 - PLYMOUTH - 187363,PLYMOUTH,MA,313-204NL                ,420 - Water Service Fittings        ,$0,$52,($52),-100.0%,Direct
Legend,WINNELSON,WINSUPPLY PORTLAND ME CO (#040) - SOUTH PORTLAND - 180358,SOUTH PORTLAND,ME,313-204NL                ,420 - Water Service Fittings        ,$0,$52,($52),-100.0%,Direct
Legend,"WIT-WAY SUPPLY, INC","WIT-WAY SUPPLY, INC. - ROCHESTER - 12060",ROCHESTER,NH,313-204NL                ,420 - Water Service Fittings        ,$16,$0,$16,,Direct
Legend,ATLANTIC PLBG & HTG - #236300,ATLANTIC PLBG & HTG - #236300 - COVENTRY - 13190,COVENTRY,RI,313-205NL                ,420 - Water Service Fittings        ,$295,$0,$295,,Direct
Legend,BELL/SIMONS COMPANIES,BELL PUMP CO.  -SANFORD- #BS21 - SANFORD - 175204,SANFORD,CT,313-205NL                ,420 - Water Service Fittings        ,$25,$0,$25,,Direct
Legend,HAJOCA,"PEABODY SUPPLY COMPANY, INC. #451 - KINGSTON - 177695",KINGSTON,NH,313-205NL                ,420 - Water Service Fittings        ,$148,$0,$148,,Direct
Legend,HAJOCA,"PEABODY SUPPLY COMPANY, INC. - NORTH CHELMSFORD - 179976",NORTH CHELMSFORD,MA,313-205NL                ,420 - Water Service Fittings        ,$148,$119,$29,24.2%,Direct
Legend,M & G SUPPLY,M & G SUPPLY #246600 - EAST PROVIDENCE - 11021,EAST PROVIDENCE,RI,313-205NL                ,420 - Water Service Fittings        ,$49,$0,$49,,Direct
Legend,NORTH SHORE HEATING SUPPLY,NORTH SHORE HEATING SUPPLY - LYNN - 13378,LYNN,MA,313-205NL                ,420 - Water Service Fittings        ,$246,$0,$246,,Direct
Legend,PARK CITY VALVE & FITTING,PARK CITY VALVE & FITTING - BRIDGEPORT - 180459,BRIDGEPORT,CT,313-205NL                ,420 - Water Service Fittings        ,$0,$119,($119),-100.0%,Direct
Legend,PLIMPTON & HILLS,PLIMPTON & HILLS CORP -AD#PH46 - MANCHESTER - 178293,MANCHESTER,CT,313-205NL                ,420 - Water Service Fittings        ,$738,$475,$263,55.2%,Direct
Legend,REPUBLIC PLUMBING SUPPLY,REPUBLIC PLUMBING SUPPLY #109250 - FOXBORO - 2126102,FOXBORO,MA,313-205NL                ,420 - Water Service Fittings        ,"$1,230",$0,"$1,230",,Direct
Legend,REPUBLIC PLUMBING SUPPLY,REPUBLIC PLUMBING SUPPLY #109250 - NORWOOD - 11341,NORWOOD,MA,313-205NL                ,420 - Water Service Fittings        ,$0,$990,($990),-100.0%,Direct
Legend,"SEEKONK SUPPLY, INC","SEEKONK SUPPLY, INC. - #106780 - ATTLEBORO FALLS - 183219",ATTLEBORO FALLS,MA,313-205NL                ,420 - Water Service Fittings        ,$0,$99,($99),-100.0%,Direct
Legend,SMITHFIELD PLUMBING & HEATING,SMITHFIELD PLUMBING & HEATING #104860 - GREENVILLE - 11383,GREENVILLE,RI,313-205NL                ,420 - Water Service Fittings        ,$98,$0,$98,,Direct
Legend,SMITHFIELD PLUMBING & HEATING,SMITHFIELD PLUMBING & HEATING #104860 - TWIN MOUNTAIN - 179862,TWIN MOUNTAIN,RI,313-205NL                ,420 - Water Service Fittings        ,$25,$119,($94),-79.3%,Direct
Legend,SUPPLY NEW ENGLAND,SUPPLY NEW ENGLAND #10 - AD#SN03 - UXBRIDGE - 15115,UXBRIDGE,MA,313-205NL                ,420 - Water Service Fittings        ,"$1,230",$0,"$1,230",,Direct
Legend,THE PORTLAND GROUP,THE PORTLAND GROUP -SACO - AD#PG02 - SACO - 239081,SACO,MA,313-205NL                ,420 - Water Service Fittings        ,$0,$218,($218),-100.0%,Direct
Legend,TORRCO,TORRCO - AD#TS28 - WATERBURY - 11523,WATERBURY,CT,313-205NL                ,420 - Water Service Fittings        ,$295,$0,$295,,Direct
Legend,WINNELSON,WINSUPPLY - PLYMOUTH-#085 - PLYMOUTH - 187363,PLYMOUTH,MA,313-205NL                ,420 - Water Service Fittings        ,$0,$119,($119),-100.0%,Direct
Legend,WINNELSON,WINSUPPLY BRISTOL CO (#079) - BRISTOL - 10176,BRISTOL,CT,313-205NL                ,420 - Water Service Fittings        ,$0,$40,($40),-100.0%,Direct
Legend,WINNELSON,WINSUPPLY MANCHESTER CT CO (#071) - MANCHESTER - 10933,MANCHESTER,CT,313-205NL                ,420 - Water Service Fittings        ,$123,$0,$123,,Direct
Legend,"WIT-WAY SUPPLY, INC","WIT-WAY SUPPLY, INC. - ROCHESTER - 176976",ROCHESTER,NH,313-205NL                ,420 - Water Service Fittings        ,$0,$119,($119),-100.0%,Direct
Legend,PARK CITY VALVE & FITTING,PARK CITY VALVE & FITTING - BRIDGEPORT - 180459,BRIDGEPORT,CT,313-206NL                ,420 - Water Service Fittings        ,$0,$69,($69),-100.0%,Direct
Legend,REPUBLIC PLUMBING SUPPLY,REPUBLIC PLUMBING SUPPLY #109250 - FOXBORO - 2126102,FOXBORO,MA,313-206NL                ,420 - Water Service Fittings        ,$43,$0,$43,,Direct
Legend,REPUBLIC PLUMBING SUPPLY,REPUBLIC PLUMBING SUPPLY #109250 - NORWOOD - 11341,NORWOOD,MA,313-206NL                ,420 - Water Service Fittings        ,$0,$34,($34),-100.0%,Direct
Legend,THE GRANITE GROUP,THE GRANITE GROUP- ADGG04 - LONDONDERRY - 179844,LONDONDERRY,NH,313-206NL                ,420 - Water Service Fittings        ,$213,$0,$213,,Direct
Legend,HAJOCA,"PEABODY SUPPLY COMPANY, INC. #451 - KINGSTON - 177695",KINGSTON,NH,313-207NL                ,420 - Water Service Fittings        ,$90,$0,$90,,Direct
Legend,PARK CITY VALVE & FITTING,PARK CITY VALVE & FITTING - BRIDGEPORT - 180459,BRIDGEPORT,CT,313-207NL                ,420 - Water Service Fittings        ,$0,$36,($36),-100.0%,Direct
Legend,REPUBLIC PLUMBING SUPPLY,REPUBLIC PLUMBING SUPPLY #109250 - FOXBORO - 2126102,FOXBORO,MA,313-207NL                ,420 - Water Service Fittings        ,$45,$0,$45,,Direct
Legend,"SEEKONK SUPPLY, INC","SEEKONK SUPPLY, INC - #106780 - PROVIDENCE - 176778",PROVIDENCE,MA,313-207NL                ,420 - Water Service Fittings        ,$90,$0,$90,,Direct
Legend,"SEEKONK SUPPLY, INC","SEEKONK SUPPLY, INC. - #106780 - ATTLEBORO FALLS - 183219",ATTLEBORO FALLS,MA,313-207NL                ,420 - Water Service Fittings        ,$0,$108,($108),-100.0%,Direct
Legend,SMITHFIELD PLUMBING & HEATING,SMITHFIELD PLUMBING & HEATING #104860 - GREENVILLE - 11383,GREENVILLE,RI,313-207NL                ,420 - Water Service Fittings        ,$0,$72,($72),-100.0%,Direct
Legend,SUPPLY NEW ENGLAND,SUPPLY NEW ENGLAND #10 - AD#SN03 - UXBRIDGE - 15115,UXBRIDGE,MA,313-207NL                ,420 - Water Service Fittings        ,$449,$0,$449,,Direct
Legend,WINNELSON,WINSUPPLY PORTLAND ME CO (#040) - SOUTH PORTLAND - 180358,SOUTH PORTLAND,ME,313-207NL                ,420 - Water Service Fittings        ,$135,$0,$135,,Direct
Legend,BELL/SIMONS COMPANIES,BELL PUMP CO.  -SANFORD- #BS21 - SANFORD - 175204,SANFORD,CT,313-208NL                ,420 - Water Service Fittings        ,$74,$0,$74,,Direct
Legend,FERGUSON ENTERPRISES,INDEPENDENT PIPE & SUPPLY #2273 - EAST PROVIDENCE - 15842,EAST PROVIDENCE,MA,313-208NL                ,420 - Water Service Fittings        ,$0,$60,($60),-100.0%,Direct
Legend,NORTH SHORE HEATING SUPPLY,NORTH SHORE HEATING SUPPLY - LYNN - 13378,LYNN,MA,313-208NL                ,420 - Water Service Fittings        ,$222,$0,$222,,Direct
Legend,PARK CITY VALVE & FITTING,PARK CITY VALVE & FITTING - BRIDGEPORT - 180459,BRIDGEPORT,CT,313-208NL                ,420 - Water Service Fittings        ,$0,$119,($119),-100.0%,Direct
Legend,"SEEKONK SUPPLY, INC","SEEKONK SUPPLY, INC - #106780 - PROVIDENCE - 176778",PROVIDENCE,MA,313-208NL                ,420 - Water Service Fittings        ,$74,$0,$74,,Direct
Legend,"SEEKONK SUPPLY, INC","SEEKONK SUPPLY, INC. - #106780 - BRIDGEWATER - 308451",BRIDGEWATER,MA,313-208NL                ,420 - Water Service Fittings        ,$0,$60,($60),-100.0%,Direct
Legend,SMITHFIELD PLUMBING & HEATING,SMITHFIELD PLUMBING & HEATING #104860 - TWIN MOUNTAIN - 179862,TWIN MOUNTAIN,RI,313-208NL                ,420 - Water Service Fittings        ,$0,$119,($119),-100.0%,Direct
Legend,F.W. WEBB,F.W. WEBB - CONCORD - CONCORD - 258368,CONCORD,NH,313-210NL                ,420 - Water Service Fittings        ,$0,$17,($17),-100.0%,Direct
Legend,REPUBLIC PLUMBING SUPPLY,REPUBLIC PLUMBING SUPPLY #109250 - FOXBORO - 2126102,FOXBORO,MA,313-210NL                ,420 - Water Service Fittings        ,$104,$0,$104,,Direct
Legend,REPUBLIC PLUMBING SUPPLY,REPUBLIC PLUMBING SUPPLY #109250 - NORWOOD - 11341,NORWOOD,MA,313-210NL                ,420 - Water Service Fittings        ,$0,$84,($84),-100.0%,Direct
Legend,THE PORTLAND GROUP,THE PORTLAND GROUP - AD#PG02 - NORTH BILLERICA - 11320,NORTH BILLERICA,MA,313-210NL                ,420 - Water Service Fittings        ,$0,$100,($100),-100.0%,Direct
Legend,WINNELSON,WINSUPPLY PORTLAND ME CO (#040) - SOUTH PORTLAND - 180358,SOUTH PORTLAND,ME,313-210NL                ,420 - Water Service Fittings        ,$104,$84,$20,24.2%,Direct
Legend,"WIT-WAY SUPPLY, INC","WIT-WAY SUPPLY, INC. - ROCHESTER - 176976",ROCHESTER,NH,313-210NL                ,420 - Water Service Fittings        ,$0,$33,($33),-100.0%,Direct
Legend,PLIMPTON & HILLS,PLIMPTON & HILLS CORP -AD#PH46 - MANCHESTER - 178293,MANCHESTER,CT,313-214NL                ,420 - Water Service Fittings        ,$221,$178,$43,24.2%,Direct
Legend,REPUBLIC PLUMBING SUPPLY,REPUBLIC PLUMBING SUPPLY #109250 - NORWOOD - 11341,NORWOOD,MA,313-214NL                ,420 - Water Service Fittings        ,$0,$36,($36),-100.0%,Direct
Legend,SMITHFIELD PLUMBING & HEATING,SMITHFIELD PLUMBING & HEATING #104860 - TWIN MOUNTAIN - 179862,TWIN MOUNTAIN,RI,313-214NL                ,420 - Water Service Fittings        ,$44,$107,($63),-58.6%,Direct
Legend,THE GRANITE GROUP,THE GRANITE GROUP- ADGG04 - LONDONDERRY - 179844,LONDONDERRY,NH,313-214NL                ,420 - Water Service Fittings        ,$0,$356,($356),-100.0%,Direct
Legend,THE GRANITE GROUP,THE GRANITE GROUP-DBA/SALEM PLBG -ADGG04 - BEVERLY - 189469,BEVERLY,MA,313-214NL                ,420 - Water Service Fittings        ,$44,$0,$44,,Direct
Legend,WINNELSON,WINSUPPLY STAMFORD CT CO (#015) - STAMFORD - 12380,STAMFORD,CT,313-214NL                ,420 - Water Service Fittings        ,$221,$0,$221,,Direct
Legend,"WIT-WAY SUPPLY, INC","WIT-WAY SUPPLY, INC. - ROCHESTER - 176976",ROCHESTER,NH,313-214NL                ,420 - Water Service Fittings        ,$0,$36,($36),-100.0%,Direct
Legend,PARK CITY VALVE & FITTING,PARK CITY VALVE & FITTING - BRIDGEPORT - 180459,BRIDGEPORT,CT,313-215NL                ,420 - Water Service Fittings        ,$0,$45,($45),-100.0%,Direct
Legend,PLIMPTON & HILLS,PLIMPTON & HILLS CORP -AD#PH46 - MANCHESTER - 178293,MANCHESTER,CT,313-215NL                ,420 - Water Service Fittings        ,$0,$271,($271),-100.0%,Direct
Legend,REPUBLIC PLUMBING SUPPLY,REPUBLIC PLUMBING SUPPLY #109250 - FOXBORO - 2126102,FOXBORO,MA,313-215NL                ,420 - Water Service Fittings        ,$280,$0,$280,,Direct
Legend,SMITHFIELD PLUMBING & HEATING,SMITHFIELD PLUMBING & HEATING #104860 - GREENVILLE - 11383,GREENVILLE,RI,313-215NL                ,420 - Water Service Fittings        ,$0,$45,($45),-100.0%,Direct
Legend,SMITHFIELD PLUMBING & HEATING,SMITHFIELD PLUMBING & HEATING #104860 - TWIN MOUNTAIN - 179862,TWIN MOUNTAIN,RI,313-215NL                ,420 - Water Service Fittings        ,$28,$45,($17),-37.9%,Direct
Legend,THE GRANITE GROUP,THE GRANITE GROUP- ADGG04 - LONDONDERRY - 179844,LONDONDERRY,NH,313-215NL                ,420 - Water Service Fittings        ,$0,$135,($135),-100.0%,Direct
Legend,THE GRANITE GROUP,THE GRANITE GROUP-DBA/SALEM PLBG -ADGG04 - BEVERLY - 189469,BEVERLY,MA,313-215NL                ,420 - Water Service Fittings        ,$56,$0,$56,,Direct
Legend,WINNELSON,WINSUPPLY MANCHESTER CT CO (#071) - MANCHESTER - 10933,MANCHESTER,CT,313-215NL                ,420 - Water Service Fittings        ,$28,$23,$5,24.2%,Direct
Legend,PLIMPTON & HILLS,PLIMPTON & HILLS CORP -AD#PH46 - MANCHESTER - 178293,MANCHESTER,CT,313-216NL                ,420 - Water Service Fittings        ,$0,$464,($464),-100.0%,Direct
Legend,TORRCO,TORRCO - AD#TS28 - WATERBURY - 11523,WATERBURY,CT,313-217NL                ,420 - Water Service Fittings        ,$597,$0,$597,,Direct
Legend,REPUBLIC PLUMBING SUPPLY,REPUBLIC PLUMBING SUPPLY #109250 - FOXBORO - 2126102,FOXBORO,MA,313-220NL                ,420 - Water Service Fittings        ,$32,$0,$32,,Direct
Legend,THE GRANITE GROUP,THE GRANITE GROUP- ADGG04 - LONDONDERRY - 179844,LONDONDERRY,NH,313-235NL                ,420 - Water Service Fittings        ,$0,$68,($68),-100.0%,Direct
Legend,PARK CITY VALVE & FITTING,PARK CITY VALVE & FITTING - BRIDGEPORT - 180459,BRIDGEPORT,CT,313-275NL                ,420 - Water Service Fittings        ,$0,$37,($37),-100.0%,Direct
Legend,THE GRANITE GROUP,THE GRANITE GROUP- ADGG04 - LONDONDERRY - 179844,LONDONDERRY,NH,313-275NL                ,420 - Water Service Fittings        ,$70,$37,$32,86.3%,Direct
Legend,WINNELSON,WINSUPPLY STAMFORD CT CO (#015) - STAMFORD - 12380,STAMFORD,CT,313-275NL                ,420 - Water Service Fittings        ,$116,$0,$116,,Direct
Legend,PARK CITY VALVE & FITTING,PARK CITY VALVE & FITTING - BRIDGEPORT - 180459,BRIDGEPORT,CT,313-276NL                ,420 - Water Service Fittings        ,$0,$69,($69),-100.0%,Direct
Legend,PARK CITY VALVE & FITTING,PARK CITY VALVE & FITTING - BRIDGEPORT - 180459,BRIDGEPORT,CT,313-277NL                ,420 - Water Service Fittings        ,$0,$146,($146),-100.0%,Direct
Legend,M & G SUPPLY,M & G SUPPLY #246600 - EAST PROVIDENCE - 11021,EAST PROVIDENCE,RI,313-304NL                ,420 - Water Service Fittings        ,$47,$0,$47,,Direct
Legend,SUPPLY NEW ENGLAND,SUPPLY NEW ENGLAND #10 - AD#SN03 - UXBRIDGE - 15115,UXBRIDGE,MA,313-304NL                ,420 - Water Service Fittings        ,$94,$0,$94,,Direct
Legend,M & G SUPPLY,M & G SUPPLY #246600 - EAST PROVIDENCE - 11021,EAST PROVIDENCE,RI,313-305NL                ,420 - Water Service Fittings        ,$285,$0,$285,,Direct
Legend,M & G SUPPLY,M & G SUPPLY #246600 - WARREN - 164436,WARREN,RI,313-305NL                ,420 - Water Service Fittings        ,$0,$57,($57),-100.0%,Direct
Legend,SMITHFIELD PLUMBING & HEATING,SMITHFIELD PLUMBING & HEATING #104860 - GREENVILLE - 11383,GREENVILLE,RI,313-305NL                ,420 - Water Service Fittings        ,$711,$0,$711,,Direct
Legend,M & G SUPPLY,M & G SUPPLY #246600 - WARREN - 164436,WARREN,RI,313-324NL                ,420 - Water Service Fittings        ,$0,$61,($61),-100.0%,Direct
Legend,SMITHFIELD PLUMBING & HEATING,SMITHFIELD PLUMBING & HEATING #104860 - GREENVILLE - 11383,GREENVILLE,RI,313-324NL                ,420 - Water Service Fittings        ,$253,$0,$253,,Direct
Legend,SMITHFIELD PLUMBING & HEATING,SMITHFIELD PLUMBING & HEATING #104860 - TWIN MOUNTAIN - 179862,TWIN MOUNTAIN,RI,313-324NL                ,420 - Water Service Fittings        ,$0,$41,($41),-100.0%,Direct
Legend,M & G SUPPLY,M & G SUPPLY #246600 - EAST PROVIDENCE - 11021,EAST PROVIDENCE,RI,313-325NL                ,420 - Water Service Fittings        ,$75,$0,$75,,Direct
Legend,SMITHFIELD PLUMBING & HEATING,SMITHFIELD PLUMBING & HEATING #104860 - GREENVILLE - 11383,GREENVILLE,RI,313-325NL                ,420 - Water Service Fittings        ,$564,$0,$564,,Direct
Legend,SMITHFIELD PLUMBING & HEATING,SMITHFIELD PLUMBING & HEATING #104860 - TWIN MOUNTAIN - 179862,TWIN MOUNTAIN,RI,313-325NL                ,420 - Water Service Fittings        ,$0,$30,($30),-100.0%,Direct
Legend,WINNELSON,WINSUPPLY - FALL RIVER-#068 - FALL RIVER - 15001,FALL RIVER,MA,313-325NL                ,420 - Water Service Fittings        ,$0,$61,($61),-100.0%,Direct
Legend,WINNELSON,WINSUPPLY - PLYMOUTH-#085 - PLYMOUTH - 187363,PLYMOUTH,MA,313-325NL                ,420 - Water Service Fittings        ,$0,$182,($182),-100.0%,Direct
Legend,ATLANTIC PLBG & HTG - #236300,ATLANTIC PLBG & HTG - #236300 - COVENTRY - 13190,COVENTRY,RI,313-330NL                ,420 - Water Service Fittings        ,$847,$0,$847,,Direct
Legend,"WIT-WAY SUPPLY, INC","WIT-WAY SUPPLY, INC. - ROCHESTER - 12060",ROCHESTER,NH,313-330NL                ,420 - Water Service Fittings        ,$141,$0,$141,,Direct
Legend,"SEEKONK SUPPLY, INC","SEEKONK SUPPLY, INC - #106780 - PROVIDENCE - 176778",PROVIDENCE,MA,313-338NL                ,420 - Water Service Fittings        ,$131,$0,$131,,Direct
Legend,SMITHFIELD PLUMBING & HEATING,SMITHFIELD PLUMBING & HEATING #104860 - GREENVILLE - 11383,GREENVILLE,RI,313-404                  ,420 - Water Service Fittings        ,$0,$14,($14),-100.0%,Direct
Legend,SMITHFIELD PLUMBING & HEATING,SMITHFIELD PLUMBING & HEATING #104860 - TWIN MOUNTAIN - 179862,TWIN MOUNTAIN,RI,313-404                  ,420 - Water Service Fittings        ,$0,$13,($13),-100.0%,Direct
Legend,WINNELSON,WESTPORT WINWATER WORKS CO (#034) - WESTPORT - 178953,WESTPORT,MA,313-404                  ,420 - Water Service Fittings        ,$175,$0,$175,,Direct
Legend,WINNELSON,WINSUPPLY PORTLAND ME CO (#040) - SOUTH PORTLAND - 180358,SOUTH PORTLAND,ME,313-404                  ,420 - Water Service Fittings        ,$0,$4,($4),-100.0%,Direct
Legend,"WIT-WAY SUPPLY, INC","WIT-WAY SUPPLY, INC. - ROCHESTER - 176976",ROCHESTER,NH,313-404                  ,420 - Water Service Fittings        ,$0,$13,($13),-100.0%,Direct
Legend,BELL/SIMONS COMPANIES,BELL PUMP CO.  -SANFORD- #BS21 - SANFORD - 175204,SANFORD,CT,313-405                  ,420 - Water Service Fittings        ,$4,$0,$4,,Direct
Legend,HAJOCA,"PEABODY SUPPLY COMPANY, INC. #451 - KINGSTON - 177695",KINGSTON,NH,313-405                  ,420 - Water Service Fittings        ,$99,$0,$99,,Direct
Legend,HAJOCA,"PEABODY SUPPLY COMPANY, INC. - NORTH CHELMSFORD - 179976",NORTH CHELMSFORD,MA,313-405                  ,420 - Water Service Fittings        ,$20,$0,$20,,Direct
Legend,SMITHFIELD PLUMBING & HEATING,SMITHFIELD PLUMBING & HEATING #104860 - GREENVILLE - 11383,GREENVILLE,RI,313-405                  ,420 - Water Service Fittings        ,$20,$16,$4,24.3%,Direct
Legend,SMITHFIELD PLUMBING & HEATING,SMITHFIELD PLUMBING & HEATING #104860 - TWIN MOUNTAIN - 179862,TWIN MOUNTAIN,RI,313-405                  ,420 - Water Service Fittings        ,$0,$16,($16),-100.0%,Direct
Legend,SUPPLY NEW ENGLAND,SUPPLY NEW ENGLAND #10 - AD#SN03 - UXBRIDGE - 15115,UXBRIDGE,MA,313-405                  ,420 - Water Service Fittings        ,$99,$0,$99,,Direct
Legend,THE GRANITE GROUP,THE GRANITE GROUP- ADGG04 - LONDONDERRY - 179844,LONDONDERRY,NH,313-405                  ,420 - Water Service Fittings        ,$0,$96,($96),-100.0%,Direct
Legend,WINNELSON,WESTPORT WINWATER WORKS CO (#034) - WESTPORT - 178953,WESTPORT,MA,313-405                  ,420 - Water Service Fittings        ,"$1,391",$0,"$1,391",,Direct
Legend,WINNELSON,WINSUPPLY - FALL RIVER-#068 - FALL RIVER - 15001,FALL RIVER,MA,313-405                  ,420 - Water Service Fittings        ,$0,$16,($16),-100.0%,Direct
Legend,WINNELSON,WINSUPPLY - PLYMOUTH-#085 - PLYMOUTH - 187363,PLYMOUTH,MA,313-405                  ,420 - Water Service Fittings        ,$0,$24,($24),-100.0%,Direct
Legend,WINNELSON,WINSUPPLY PORTLAND ME CO (#040) - SOUTH PORTLAND - 180358,SOUTH PORTLAND,ME,313-405                  ,420 - Water Service Fittings        ,$0,$16,($16),-100.0%,Direct
Legend,"WIT-WAY SUPPLY, INC","WIT-WAY SUPPLY, INC. - ROCHESTER - 176976",ROCHESTER,NH,313-405                  ,420 - Water Service Fittings        ,$0,$15,($15),-100.0%,Direct
Legend,PLIMPTON & HILLS,PLIMPTON & HILLS CORP -AD#PH46 - MANCHESTER - 178293,MANCHESTER,CT,313-405L                 ,420 - Water Service Fittings        ,$40,$0,$40,,Direct
Legend,REPUBLIC PLUMBING SUPPLY,REPUBLIC PLUMBING SUPPLY #109250 - NORWOOD - 11341,NORWOOD,MA,313-406                  ,420 - Water Service Fittings        ,$0,$4,($4),-100.0%,Direct
Legend,THE GRANITE GROUP,THE GRANITE GROUP- ADGG04 - LONDONDERRY - 179844,LONDONDERRY,NH,313-406                  ,420 - Water Service Fittings        ,$48,$10,$38,397.0%,Direct
Legend,WINNELSON,WINSUPPLY PORTLAND ME CO (#040) - SOUTH PORTLAND - 180358,SOUTH PORTLAND,ME,313-406                  ,420 - Water Service Fittings        ,$2,$0,$2,,Direct
Legend,THE GRANITE GROUP,THE GRANITE GROUP- ADGG04 - LONDONDERRY - 179844,LONDONDERRY,NH,313-407                  ,420 - Water Service Fittings        ,$0,$11,($11),-100.0%,Direct
Legend,WINNELSON,WINSUPPLY PORTLAND ME CO (#040) - SOUTH PORTLAND - 180358,SOUTH PORTLAND,ME,313-407                  ,420 - Water Service Fittings        ,$8,$0,$8,,Direct
Legend,SMITHFIELD PLUMBING & HEATING,SMITHFIELD PLUMBING & HEATING #104860 - GREENVILLE - 11383,GREENVILLE,RI,313-408                  ,420 - Water Service Fittings        ,$27,$0,$27,,Direct
Legend,WINNELSON,WESTPORT WINWATER WORKS CO (#034) - WESTPORT - 178953,WESTPORT,MA,313-408                  ,420 - Water Service Fittings        ,$201,$0,$201,,Direct
Legend,TORRCO,TORRCO - AD#TS28 - WATERBURY - 11523,WATERBURY,CT,313-445                  ,420 - Water Service Fittings        ,$17,$0,$17,,Direct
Legend,WINNELSON,WESTPORT WINWATER WORKS CO (#034) - WESTPORT - 178953,WESTPORT,MA,313-447                  ,420 - Water Service Fittings        ,$111,$0,$111,,Direct
Legend,THE GRANITE GROUP,THE GRANITE GROUP- ADGG04 - OLD SAYBROOK - 10266,OLD SAYBROOK,NH,313-544                  ,420 - Water Service Fittings        ,$0,$2,($2),-100.0%,Direct
Legend,M & G SUPPLY,M & G SUPPLY #246600 - WARREN - 164436,WARREN,RI,313-594                  ,420 - Water Service Fittings        ,$1,$0,$1,,Direct
Legend,THE GRANITE GROUP,THE GRANITE GROUP- ADGG04 - LONDONDERRY - 179844,LONDONDERRY,NH,313-594                  ,420 - Water Service Fittings        ,$0,$0,$0,,Direct
Legend,"WINSLOW SUPPLY, INC.","WINSLOW SUPPLY, INC. - WATERVILLE - 181416",WATERVILLE,ME,313-594                  ,420 - Water Service Fittings        ,$0,$0,($0),-100.0%,Direct
Legend,HAJOCA,PEABODY SALES & SERVICE - # 459 - HAVERHILL - 543477,HAVERHILL,MA,313-614NL                ,420 - Water Service Fittings        ,$722,$0,$722,,Direct
Legend,HAJOCA,PEABODY SALES & SERVICE - # 459 - HAVERHILL - 543477,HAVERHILL,MA,313-615NL                ,420 - Water Service Fittings        ,"$1,303",$0,"$1,303",,Direct
Legend,PARK CITY VALVE & FITTING,PARK CITY VALVE & FITTING - BRIDGEPORT - 180459,BRIDGEPORT,CT,314-215NL                ,420 - Water Service Fittings        ,$0,$196,($196),-100.0%,Direct
Legend,PARK CITY VALVE & FITTING,PARK CITY VALVE & FITTING - BRIDGEPORT - 180459,BRIDGEPORT,CT,314-217NL                ,420 - Water Service Fittings        ,$0,$215,($215),-100.0%,Direct
Legend,PARK CITY VALVE & FITTING,PARK CITY VALVE & FITTING - BRIDGEPORT - 180459,BRIDGEPORT,CT,314-218NL                ,420 - Water Service Fittings        ,$0,$282,($282),-100.0%,Direct
Legend,SMITHFIELD PLUMBING & HEATING,SMITHFIELD PLUMBING & HEATING #104860 - TWIN MOUNTAIN - 179862,TWIN MOUNTAIN,RI,314-255NL                ,420 - Water Service Fittings        ,$0,$121,($121),-100.0%,Direct
Legend,J.D.M. SUPPLY,J.D.M. SUPPLY - MAPLEVILLE - 15647,MAPLEVILLE,RI,350-001                  ,430 - Malleable Fittings            ,$0,$30,($30),-100.0%,Direct
Legend,"APPALACHIAN SUPPLY, INC. - #228800","APPALACHIAN SUPPLY, INC. - #228800 - SAINT JOHNSBURY - 16328",SAINT JOHNSBURY,VT,350-002                  ,430 - Malleable Fittings            ,$0,$22,($22),-100.0%,Direct
Legend,J.D.M. SUPPLY,J.D.M. SUPPLY - MAPLEVILLE - 15647,MAPLEVILLE,RI,350-003                  ,430 - Malleable Fittings            ,$0,$45,($45),-100.0%,Direct
Legend,P & E SUPPLY - #227900,P & E SUPPLY - #227900 - SANFORD - 11937,SANFORD,ME,350-004                  ,430 - Malleable Fittings            ,$52,$0,$52,,Direct
Legend,J.D.M. SUPPLY,J.D.M. SUPPLY - MAPLEVILLE - 15647,MAPLEVILLE,RI,350-005                  ,430 - Malleable Fittings            ,$0,$38,($38),-100.0%,Direct
Legend,J.D.M. SUPPLY,J.D.M. SUPPLY - MAPLEVILLE - 15647,MAPLEVILLE,RI,350-006                  ,430 - Malleable Fittings            ,$158,$0,$158,,Direct
Legend,P & E SUPPLY - #227900,P & E SUPPLY - #227900 - SANFORD - 11937,SANFORD,ME,350-007                  ,430 - Malleable Fittings            ,$97,$0,$97,,Direct
Legend,"APPALACHIAN SUPPLY, INC. - #228800","APPALACHIAN SUPPLY, INC. - #228800 - SAINT JOHNSBURY - 16328",SAINT JOHNSBURY,VT,350-023                  ,430 - Malleable Fittings            ,$0,$27,($27),-100.0%,Direct
Legend,"APPALACHIAN SUPPLY, INC. - #228800","APPALACHIAN SUPPLY, INC. - #228800 - SAINT JOHNSBURY - 16328",SAINT JOHNSBURY,VT,350-025                  ,430 - Malleable Fittings            ,$0,$42,($42),-100.0%,Direct
Legend,J.D.M. SUPPLY,J.D.M. SUPPLY - MAPLEVILLE - 15647,MAPLEVILLE,RI,350-041                  ,430 - Malleable Fittings            ,$0,$46,($46),-100.0%,Direct
Legend,J.D.M. SUPPLY,J.D.M. SUPPLY - MAPLEVILLE - 15647,MAPLEVILLE,RI,350-047                  ,430 - Malleable Fittings            ,$0,$48,($48),-100.0%,Direct
Legend,J.D.M. SUPPLY,J.D.M. SUPPLY - MAPLEVILLE - 15647,MAPLEVILLE,RI,350-067                  ,430 - Malleable Fittings            ,$86,$0,$86,,Direct
Legend,P & E SUPPLY - #227900,P & E SUPPLY - #227900 - SANFORD - 11937,SANFORD,ME,350-109                  ,430 - Malleable Fittings            ,$37,$0,$37,,Direct
Legend,J.D.M. SUPPLY,J.D.M. SUPPLY - MAPLEVILLE - 15647,MAPLEVILLE,RI,350-151                  ,430 - Malleable Fittings            ,$0,$46,($46),-100.0%,Direct
Legend,J.D.M. SUPPLY,J.D.M. SUPPLY - MAPLEVILLE - 15647,MAPLEVILLE,RI,350-156                  ,430 - Malleable Fittings            ,$0,$67,($67),-100.0%,Direct
Legend,AMESBURY INDUSTRIAL SUPPLY,AMESBURY INDUSTRIAL SUPPLY - AMESBURY - 12187,AMESBURY,MA,350-371                  ,430 - Malleable Fittings            ,$315,$0,$315,,Direct
Legend,J.D.M. SUPPLY,J.D.M. SUPPLY - MAPLEVILLE - 15647,MAPLEVILLE,RI,350-402                  ,430 - Malleable Fittings            ,$0,$19,($19),-100.0%,Direct
Legend,"APPALACHIAN SUPPLY, INC. - #228800","APPALACHIAN SUPPLY, INC. - #228800 - SAINT JOHNSBURY - 16328",SAINT JOHNSBURY,VT,350-408                  ,430 - Malleable Fittings            ,$0,$59,($59),-100.0%,Direct
Legend,J.D.M. SUPPLY,J.D.M. SUPPLY - MAPLEVILLE - 15647,MAPLEVILLE,RI,350-408                  ,430 - Malleable Fittings            ,$0,$52,($52),-100.0%,Direct
Legend,J.D.M. SUPPLY,J.D.M. SUPPLY - MAPLEVILLE - 15647,MAPLEVILLE,RI,350-444                  ,430 - Malleable Fittings            ,$0,$158,($158),-100.0%,Direct
Legend,P & E SUPPLY - #227900,P & E SUPPLY - #227900 - SANFORD - 11937,SANFORD,ME,350-444                  ,430 - Malleable Fittings            ,$0,$80,($80),-100.0%,Direct
Legend,"APPALACHIAN SUPPLY, INC. - #228800","APPALACHIAN SUPPLY, INC. - #228800 - SAINT JOHNSBURY - 16328",SAINT JOHNSBURY,VT,350-447                  ,430 - Malleable Fittings            ,$0,$111,($111),-100.0%,Direct
Legend,J.D.M. SUPPLY,J.D.M. SUPPLY - MAPLEVILLE - 15647,MAPLEVILLE,RI,350-485                  ,430 - Malleable Fittings            ,$0,$74,($74),-100.0%,Direct
Legend,J.D.M. SUPPLY,J.D.M. SUPPLY - MAPLEVILLE - 15647,MAPLEVILLE,RI,350-503                  ,430 - Malleable Fittings            ,$0,$73,($73),-100.0%,Direct
Legend,J.D.M. SUPPLY,J.D.M. SUPPLY - MAPLEVILLE - 15647,MAPLEVILLE,RI,350-532                  ,430 - Malleable Fittings            ,$0,$45,($45),-100.0%,Direct
Legend,J.D.M. SUPPLY,J.D.M. SUPPLY - MAPLEVILLE - 15647,MAPLEVILLE,RI,350-533                  ,430 - Malleable Fittings            ,$0,$45,($45),-100.0%,Direct
Legend,"FLN-MAR RUBBER & PLASTICS, INC.","FLN-MAR RUBBER & PLASTICS, INC. - HOLYOKE - 15608",HOLYOKE,MA,350-612                  ,430 - Malleable Fittings            ,$0,$347,($347),-100.0%,Direct
Legend,J.D.M. SUPPLY,J.D.M. SUPPLY - MAPLEVILLE - 15647,MAPLEVILLE,RI,350-613                  ,430 - Malleable Fittings            ,$0,$75,($75),-100.0%,Direct
Legend,J.D.M. SUPPLY,J.D.M. SUPPLY - MAPLEVILLE - 15647,MAPLEVILLE,RI,350-617                  ,430 - Malleable Fittings            ,$0,$58,($58),-100.0%,Direct
Legend,J.D.M. SUPPLY,J.D.M. SUPPLY - MAPLEVILLE - 15647,MAPLEVILLE,RI,350-626                  ,430 - Malleable Fittings            ,$0,$74,($74),-100.0%,Direct
Legend,J.D.M. SUPPLY,J.D.M. SUPPLY - MAPLEVILLE - 15647,MAPLEVILLE,RI,350-700                  ,331 - Specialty Fittings            ,$0,$31,($31),-100.0%,Direct
Legend,J.D.M. SUPPLY,J.D.M. SUPPLY - MAPLEVILLE - 15647,MAPLEVILLE,RI,350-704                  ,331 - Specialty Fittings            ,$0,$89,($89),-100.0%,Direct
Legend,J.D.M. SUPPLY,J.D.M. SUPPLY - MAPLEVILLE - 15647,MAPLEVILLE,RI,350-705                  ,331 - Specialty Fittings            ,$0,$336,($336),-100.0%,Direct
Legend,J.D.M. SUPPLY,J.D.M. SUPPLY - MAPLEVILLE - 15647,MAPLEVILLE,RI,350-706                  ,331 - Specialty Fittings            ,$0,$87,($87),-100.0%,Direct
Legend,J.D.M. SUPPLY,J.D.M. SUPPLY - MAPLEVILLE - 15647,MAPLEVILLE,RI,350-708                  ,331 - Specialty Fittings            ,$0,$352,($352),-100.0%,Direct
Legend,PLUMBERS' SUPPLY - MASS,PLUMBERS' SUPPLY -BEDFORD DIST #PS50 - NEW BEDFORD - 184197,NEW BEDFORD,MA,352-155                  ,430 - Malleable Fittings            ,$80,$0,$80,,Direct
Legend,J.D.M. SUPPLY,J.D.M. SUPPLY - MAPLEVILLE - 15647,MAPLEVILLE,RI,352-405                  ,430 - Malleable Fittings            ,$0,$9,($9),-100.0%,Direct
Legend,"SEEKONK SUPPLY, INC","SEEKONK SUPPLY, INC. - #106780 - BRIDGEWATER - 308451",BRIDGEWATER,MA,352-545                  ,430 - Malleable Fittings            ,$52,$0,$52,,Direct
Legend,"SEEKONK SUPPLY, INC","SEEKONK SUPPLY, INC. - #106780 - BRIDGEWATER - 308451",BRIDGEWATER,MA,352-547                  ,430 - Malleable Fittings            ,$26,$0,$26,,Direct
Legend,"SEEKONK SUPPLY, INC","SEEKONK SUPPLY, INC. - #106780 - BRIDGEWATER - 308451",BRIDGEWATER,MA,352-609                  ,430 - Malleable Fittings            ,$16,$0,$16,,Direct
Legend,J.D.M. SUPPLY,J.D.M. SUPPLY - MAPLEVILLE - 15647,MAPLEVILLE,RI,352-705                  ,331 - Specialty Fittings            ,$0,$18,($18),-100.0%,Direct
Legend,J.D.M. SUPPLY,J.D.M. SUPPLY - MAPLEVILLE - 15647,MAPLEVILLE,RI,355-021E                 ,363 - Black & Galv 'E' Series Nipple,$0,$17,($17),-100.0%,Direct
Legend,J.D.M. SUPPLY,J.D.M. SUPPLY - MAPLEVILLE - 15647,MAPLEVILLE,RI,355-022E                 ,363 - Black & Galv 'E' Series Nipple,$0,$17,($17),-100.0%,Direct
Legend,J.D.M. SUPPLY,J.D.M. SUPPLY - MAPLEVILLE - 15647,MAPLEVILLE,RI,355-060E                 ,363 - Black & Galv 'E' Series Nipple,$0,$28,($28),-100.0%,Direct
Legend,"APPALACHIAN SUPPLY, INC. - #228800","APPALACHIAN SUPPLY, INC. - #228800 - SAINT JOHNSBURY - 16328",SAINT JOHNSBURY,VT,355-061E                 ,363 - Black & Galv 'E' Series Nipple,$0,$14,($14),-100.0%,Direct
Legend,J.D.M. SUPPLY,J.D.M. SUPPLY - MAPLEVILLE - 15647,MAPLEVILLE,RI,355-061E                 ,363 - Black & Galv 'E' Series Nipple,$0,$28,($28),-100.0%,Direct
Legend,J.D.M. SUPPLY,J.D.M. SUPPLY - MAPLEVILLE - 15647,MAPLEVILLE,RI,355-064E                 ,363 - Black & Galv 'E' Series Nipple,$0,$33,($33),-100.0%,Direct
Legend,J.D.M. SUPPLY,J.D.M. SUPPLY - MAPLEVILLE - 15647,MAPLEVILLE,RI,355-067E                 ,363 - Black & Galv 'E' Series Nipple,$0,$23,($23),-100.0%,Direct
Legend,J.D.M. SUPPLY,J.D.M. SUPPLY - MAPLEVILLE - 15647,MAPLEVILLE,RI,355-070E                 ,363 - Black & Galv 'E' Series Nipple,$0,$26,($26),-100.0%,Direct
Legend,J.D.M. SUPPLY,J.D.M. SUPPLY - MAPLEVILLE - 15647,MAPLEVILLE,RI,355-075E                 ,363 - Black & Galv 'E' Series Nipple,$0,$27,($27),-100.0%,Direct
Legend,"APPALACHIAN SUPPLY, INC. - #228800","APPALACHIAN SUPPLY, INC. - #228800 - SAINT JOHNSBURY - 16328",SAINT JOHNSBURY,VT,355-082E                 ,363 - Black & Galv 'E' Series Nipple,$0,$17,($17),-100.0%,Direct
Legend,P & E SUPPLY - #227900,P & E SUPPLY - #227900 - SANFORD - 11937,SANFORD,ME,355-086E                 ,363 - Black & Galv 'E' Series Nipple,$27,$0,$27,,Direct
Legend,"APPALACHIAN SUPPLY, INC. - #228800","APPALACHIAN SUPPLY, INC. - #228800 - SAINT JOHNSBURY - 16328",SAINT JOHNSBURY,VT,355-136E                 ,363 - Black & Galv 'E' Series Nipple,$0,$211,($211),-100.0%,Direct
Legend,J.D.M. SUPPLY,J.D.M. SUPPLY - MAPLEVILLE - 15647,MAPLEVILLE,RI,355-136E                 ,363 - Black & Galv 'E' Series Nipple,$0,$53,($53),-100.0%,Direct
Legend,J.D.M. SUPPLY,J.D.M. SUPPLY - MAPLEVILLE - 15647,MAPLEVILLE,RI,355-140E                 ,363 - Black & Galv 'E' Series Nipple,$0,$37,($37),-100.0%,Direct
Legend,"APPALACHIAN SUPPLY, INC. - #228800","APPALACHIAN SUPPLY, INC. - #228800 - SAINT JOHNSBURY - 16328",SAINT JOHNSBURY,VT,355-142E                 ,363 - Black & Galv 'E' Series Nipple,$0,$40,($40),-100.0%,Direct
Legend,"APPALACHIAN SUPPLY, INC. - #228800","APPALACHIAN SUPPLY, INC. - #228800 - SAINT JOHNSBURY - 16328",SAINT JOHNSBURY,VT,355-146E                 ,363 - Black & Galv 'E' Series Nipple,$0,$50,($50),-100.0%,Direct
Legend,"APPALACHIAN SUPPLY, INC. - #228800","APPALACHIAN SUPPLY, INC. - #228800 - SAINT JOHNSBURY - 16328",SAINT JOHNSBURY,VT,355-148E                 ,363 - Black & Galv 'E' Series Nipple,$0,$61,($61),-100.0%,Direct
Legend,J.D.M. SUPPLY,J.D.M. SUPPLY - MAPLEVILLE - 15647,MAPLEVILLE,RI,355-160E                 ,363 - Black & Galv 'E' Series Nipple,$0,$50,($50),-100.0%,Direct
Legend,J.D.M. SUPPLY,J.D.M. SUPPLY - MAPLEVILLE - 15647,MAPLEVILLE,RI,355-206E                 ,363 - Black & Galv 'E' Series Nipple,$0,$58,($58),-100.0%,Direct
Legend,J.D.M. SUPPLY,J.D.M. SUPPLY - MAPLEVILLE - 15647,MAPLEVILLE,RI,355-257E                 ,363 - Black & Galv 'E' Series Nipple,$0,$73,($73),-100.0%,Direct
Legend,J.D.M. SUPPLY,J.D.M. SUPPLY - MAPLEVILLE - 15647,MAPLEVILLE,RI,355-258E                 ,363 - Black & Galv 'E' Series Nipple,$0,$39,($39),-100.0%,Direct
Legend,J.D.M. SUPPLY,J.D.M. SUPPLY - MAPLEVILLE - 15647,MAPLEVILLE,RI,355-268E                 ,363 - Black & Galv 'E' Series Nipple,$0,$63,($63),-100.0%,Direct
Legend,"APPALACHIAN SUPPLY, INC. - #228800","APPALACHIAN SUPPLY, INC. - #228800 - SAINT JOHNSBURY - 16328",SAINT JOHNSBURY,VT,355-291                  ,364 - Black & Galvanized Cut Pipe   ,$0,$98,($98),-100.0%,Direct
Legend,PLUMBERS' SUPPLY - MASS,PLUMBERS' SUPPLY -BEDFORD DIST #PS50 - NEW BEDFORD - 184197,NEW BEDFORD,MA,355-393                  ,210 - Heating Specialties           ,$150,$93,$57,61.3%,Direct
Legend,WINNELSON,WINSUPPLY MANCHESTER CT CO (#071) - MANCHESTER - 10933,MANCHESTER,CT,355-393                  ,210 - Heating Specialties           ,$0,$62,($62),-100.0%,Direct
Legend,PLUMBERS' SUPPLY - MASS,PLUMBERS' SUPPLY -BEDFORD DIST #PS50 - NEW BEDFORD - 184197,NEW BEDFORD,MA,355-402                  ,210 - Heating Specialties           ,$329,$0,$329,,Direct
Legend,PLUMBERS' SUPPLY - MASS,PLUMBERS' SUPPLY -BEDFORD DIST #PS50 - NEW BEDFORD - 184197,NEW BEDFORD,MA,355-403                  ,210 - Heating Specialties           ,$210,$0,$210,,Direct
Legend,"SEEKONK SUPPLY, INC","SEEKONK SUPPLY, INC. - #106780 - BRIDGEWATER - 308451",BRIDGEWATER,MA,355-403                  ,210 - Heating Specialties           ,$35,$0,$35,,Direct
Legend,PLUMBERS' SUPPLY - MASS,PLUMBERS' SUPPLY -BEDFORD DIST #PS50 - NEW BEDFORD - 184197,NEW BEDFORD,MA,355-404                  ,210 - Heating Specialties           ,$195,$0,$195,,Direct
Legend,F.W. WEBB,F.W. WEBB - PITTS - PITTSFIELD - 11687,PITTSFIELD,MA,355-405                  ,210 - Heating Specialties           ,$160,$0,$160,,Direct
Legend,PLUMBERS' SUPPLY - MASS,PLUMBERS' SUPPLY -BEDFORD DIST #PS50 - NEW BEDFORD - 184197,NEW BEDFORD,MA,355-412                  ,210 - Heating Specialties           ,$56,$0,$56,,Direct
Legend,"SEEKONK SUPPLY, INC","SEEKONK SUPPLY, INC. - #106780 - BRIDGEWATER - 308451",BRIDGEWATER,MA,355-413                  ,210 - Heating Specialties           ,$40,$0,$40,,Direct
Legend,PLUMBERS' SUPPLY - MASS,PLUMBERS' SUPPLY -BEDFORD DIST #PS50 - NEW BEDFORD - 184197,NEW BEDFORD,MA,355-415                  ,210 - Heating Specialties           ,$660,$0,$660,,Direct
Legend,PLUMBERS' SUPPLY - MASS,PLUMBERS' SUPPLY -BEDFORD DIST #PS50 - NEW BEDFORD - 184197,NEW BEDFORD,MA,355-426                  ,210 - Heating Specialties           ,$0,$170,($170),-100.0%,Direct
Legend,"APPALACHIAN SUPPLY, INC. - #228800","APPALACHIAN SUPPLY, INC. - #228800 - SAINT JOHNSBURY - 16328",SAINT JOHNSBURY,VT,404-005                  ,401 - Stainless Steel Fittings      ,$0,$141,($141),-100.0%,Direct
Legend,"APPALACHIAN SUPPLY, INC. - #228800","APPALACHIAN SUPPLY, INC. - #228800 - SAINT JOHNSBURY - 16328",SAINT JOHNSBURY,VT,404-006                  ,401 - Stainless Steel Fittings      ,$0,$52,($52),-100.0%,Direct
Legend,"APPALACHIAN SUPPLY, INC. - #228800","APPALACHIAN SUPPLY, INC. - #228800 - SAINT JOHNSBURY - 16328",SAINT JOHNSBURY,VT,404-025                  ,401 - Stainless Steel Fittings      ,$0,$54,($54),-100.0%,Direct
Legend,J.D.M. SUPPLY,J.D.M. SUPPLY - MAPLEVILLE - 15647,MAPLEVILLE,RI,404-028                  ,401 - Stainless Steel Fittings      ,$0,$96,($96),-100.0%,Direct
Legend,"APPALACHIAN SUPPLY, INC. - #228800","APPALACHIAN SUPPLY, INC. - #228800 - SAINT JOHNSBURY - 16328",SAINT JOHNSBURY,VT,404-045                  ,401 - Stainless Steel Fittings      ,$0,$179,($179),-100.0%,Direct
Legend,"APPALACHIAN SUPPLY, INC. - #228800","APPALACHIAN SUPPLY, INC. - #228800 - SAINT JOHNSBURY - 16328",SAINT JOHNSBURY,VT,404-085                  ,401 - Stainless Steel Fittings      ,$0,$87,($87),-100.0%,Direct
Legend,"APPALACHIAN SUPPLY, INC. - #228800","APPALACHIAN SUPPLY, INC. - #228800 - SAINT JOHNSBURY - 16328",SAINT JOHNSBURY,VT,404-105                  ,401 - Stainless Steel Fittings      ,$0,$158,($158),-100.0%,Direct
Legend,"APPALACHIAN SUPPLY, INC. - #228800","APPALACHIAN SUPPLY, INC. - #228800 - SAINT JOHNSBURY - 16328",SAINT JOHNSBURY,VT,404-123                  ,401 - Stainless Steel Fittings      ,$0,$33,($33),-100.0%,Direct
Legend,"APPALACHIAN SUPPLY, INC. - #228800","APPALACHIAN SUPPLY, INC. - #228800 - SAINT JOHNSBURY - 16328",SAINT JOHNSBURY,VT,404-125                  ,401 - Stainless Steel Fittings      ,$0,$31,($31),-100.0%,Direct
Legend,"APPALACHIAN SUPPLY, INC. - #228800","APPALACHIAN SUPPLY, INC. - #228800 - SAINT JOHNSBURY - 16328",SAINT JOHNSBURY,VT,404-143                  ,401 - Stainless Steel Fittings      ,$0,$41,($41),-100.0%,Direct
Legend,"APPALACHIAN SUPPLY, INC. - #228800","APPALACHIAN SUPPLY, INC. - #228800 - SAINT JOHNSBURY - 16328",SAINT JOHNSBURY,VT,404-378                  ,401 - Stainless Steel Fittings      ,$0,$61,($61),-100.0%,Direct
Legend,"APPALACHIAN SUPPLY, INC. - #228800","APPALACHIAN SUPPLY, INC. - #228800 - SAINT JOHNSBURY - 16328",SAINT JOHNSBURY,VT,404-379                  ,401 - Stainless Steel Fittings      ,$0,$65,($65),-100.0%,Direct
Legend,SMITHFIELD PLUMBING & HEATING,SMITHFIELD PLUMBING & HEATING #104860 - TWIN MOUNTAIN - 179862,TWIN MOUNTAIN,RI,404-503                  ,401 - Stainless Steel Fittings      ,$0,$30,($30),-100.0%,Direct
Legend,M & G SUPPLY,M & G SUPPLY #246600 - EAST PROVIDENCE - 11021,EAST PROVIDENCE,RI,440-005P                 ,403 - Carbon Steel Water            ,$68,$0,$68,,Direct
Legend,M & G SUPPLY,M & G SUPPLY #246600 - EAST PROVIDENCE - 11021,EAST PROVIDENCE,RI,440-586P                 ,403 - Carbon Steel Water            ,$45,$0,$45,,Direct
Legend,MURRAY SUPPLY-MEDFORD - #228000,MURRAY SUPPLY-MEDFORD - #228000 - MEDFORD - 10937,MEDFORD,MA,441-003P                 ,402 - Carbon Steel Gas              ,$0,$159,($159),-100.0%,Direct
Legend,"SEEKONK SUPPLY, INC","SEEKONK SUPPLY, INC - #106780 - FALL RIVER - 11378",FALL RIVER,MA,441-003P                 ,402 - Carbon Steel Gas              ,$0,$199,($199),-100.0%,Direct
Legend,"SEEKONK SUPPLY, INC","SEEKONK SUPPLY, INC - #106780 - PROVIDENCE - 176778",PROVIDENCE,MA,441-003P                 ,402 - Carbon Steel Gas              ,$0,$199,($199),-100.0%,Direct
Legend,"SEEKONK SUPPLY, INC","SEEKONK SUPPLY, INC. - #106780 - BRIDGEWATER - 308451",BRIDGEWATER,MA,441-003P                 ,402 - Carbon Steel Gas              ,$105,$0,$105,,Direct
Legend,M & G SUPPLY,M & G SUPPLY #246600 - WARREN - 164436,WARREN,RI,441-004P                 ,402 - Carbon Steel Gas              ,$238,$0,$238,,Direct
Legend,MURRAY SUPPLY-MEDFORD - #228000,MURRAY SUPPLY-MEDFORD - #228000 - MEDFORD - 10937,MEDFORD,MA,441-004P                 ,402 - Carbon Steel Gas              ,$0,$181,($181),-100.0%,Direct
Legend,"SEEKONK SUPPLY, INC","SEEKONK SUPPLY, INC - #106780 - FALL RIVER - 11378",FALL RIVER,MA,441-004P                 ,402 - Carbon Steel Gas              ,$0,$226,($226),-100.0%,Direct
Legend,"SEEKONK SUPPLY, INC","SEEKONK SUPPLY, INC - #106780 - PROVIDENCE - 176778",PROVIDENCE,MA,441-004P                 ,402 - Carbon Steel Gas              ,$477,$0,$477,,Direct
Legend,"SEEKONK SUPPLY, INC","SEEKONK SUPPLY, INC. - #106780 - BRIDGEWATER - 308451",BRIDGEWATER,MA,441-004P                 ,402 - Carbon Steel Gas              ,$0,$452,($452),-100.0%,Direct
Legend,"SEEKONK SUPPLY, INC","SEEKONK SUPPLY, INC. - #106780 - REHOBOTH - 2118882",REHOBOTH,MA,441-004P                 ,402 - Carbon Steel Gas              ,$0,$903,($903),-100.0%,Direct
Legend,M & G SUPPLY,M & G SUPPLY #246600 - EAST PROVIDENCE - 11021,EAST PROVIDENCE,RI,441-005P                 ,402 - Carbon Steel Gas              ,$72,$0,$72,,Direct
Legend,M & G SUPPLY,M & G SUPPLY #246600 - WARREN - 164436,WARREN,RI,441-005P                 ,402 - Carbon Steel Gas              ,$144,$0,$144,,Direct
Legend,MURRAY SUPPLY-MEDFORD - #228000,MURRAY SUPPLY-MEDFORD - #228000 - MEDFORD - 10937,MEDFORD,MA,441-005P                 ,402 - Carbon Steel Gas              ,$0,$219,($219),-100.0%,Direct
Legend,"SEEKONK SUPPLY, INC","SEEKONK SUPPLY, INC - #106780 - FALL RIVER - 11378",FALL RIVER,MA,441-005P                 ,402 - Carbon Steel Gas              ,$0,$273,($273),-100.0%,Direct
Legend,"SEEKONK SUPPLY, INC","SEEKONK SUPPLY, INC - #106780 - PROVIDENCE - 176778",PROVIDENCE,MA,441-005P                 ,402 - Carbon Steel Gas              ,$0,$437,($437),-100.0%,Direct
Legend,"SEEKONK SUPPLY, INC","SEEKONK SUPPLY, INC. - #106780 - BRIDGEWATER - 308451",BRIDGEWATER,MA,441-005P                 ,402 - Carbon Steel Gas              ,$144,$546,($402),-73.6%,Direct
Legend,"SEEKONK SUPPLY, INC","SEEKONK SUPPLY, INC. - #106780 - REHOBOTH - 2118882",REHOBOTH,MA,441-005P                 ,402 - Carbon Steel Gas              ,$289,"$1,093",($804),-73.6%,Direct
Legend,"SEEKONK SUPPLY, INC","SEEKONK SUPPLY, INC - #106780 - FALL RIVER - 11378",FALL RIVER,MA,441-006P                 ,402 - Carbon Steel Gas              ,$0,$189,($189),-100.0%,Direct
Legend,"SEEKONK SUPPLY, INC","SEEKONK SUPPLY, INC - #106780 - PROVIDENCE - 176778",PROVIDENCE,MA,441-006P                 ,402 - Carbon Steel Gas              ,$498,$0,$498,,Direct
Legend,"SEEKONK SUPPLY, INC","SEEKONK SUPPLY, INC. - #106780 - ATTLEBORO FALLS - 183219",ATTLEBORO FALLS,MA,441-006P                 ,402 - Carbon Steel Gas              ,$0,$377,($377),-100.0%,Direct
Legend,"SEEKONK SUPPLY, INC","SEEKONK SUPPLY, INC. - #106780 - BRIDGEWATER - 308451",BRIDGEWATER,MA,441-006P                 ,402 - Carbon Steel Gas              ,$249,$377,($128),-34.0%,Direct
Legend,"SEEKONK SUPPLY, INC","SEEKONK SUPPLY, INC. - #106780 - REHOBOTH - 2118882",REHOBOTH,MA,441-006P                 ,402 - Carbon Steel Gas              ,$498,$472,$26,5.6%,Direct
Legend,"SEEKONK SUPPLY, INC","SEEKONK SUPPLY, INC - #106780 - PROVIDENCE - 176778",PROVIDENCE,MA,441-007P                 ,402 - Carbon Steel Gas              ,$302,$0,$302,,Direct
Legend,"SEEKONK SUPPLY, INC","SEEKONK SUPPLY, INC. - #106780 - BRIDGEWATER - 308451",BRIDGEWATER,MA,441-007P                 ,402 - Carbon Steel Gas              ,$0,$241,($241),-100.0%,Direct
Legend,"SEEKONK SUPPLY, INC","SEEKONK SUPPLY, INC. - #106780 - REHOBOTH - 2118882",REHOBOTH,MA,441-007P                 ,402 - Carbon Steel Gas              ,$159,$481,($322),-67.0%,Direct
Legend,M & G SUPPLY,M & G SUPPLY #246600 - WARREN - 164436,WARREN,RI,441-026P                 ,402 - Carbon Steel Gas              ,$143,$0,$143,,Direct
Legend,"SEEKONK SUPPLY, INC","SEEKONK SUPPLY, INC - #106780 - PROVIDENCE - 176778",PROVIDENCE,MA,441-026P                 ,402 - Carbon Steel Gas              ,$29,$0,$29,,Direct
Legend,"SEEKONK SUPPLY, INC","SEEKONK SUPPLY, INC. - #106780 - BRIDGEWATER - 308451",BRIDGEWATER,MA,441-027P                 ,402 - Carbon Steel Gas              ,$0,$136,($136),-100.0%,Direct
Legend,"SEEKONK SUPPLY, INC","SEEKONK SUPPLY, INC. - #106780 - REHOBOTH - 2118882",REHOBOTH,MA,441-027P                 ,402 - Carbon Steel Gas              ,$0,$268,($268),-100.0%,Direct
Legend,"SEEKONK SUPPLY, INC","SEEKONK SUPPLY, INC. - #106780 - BRIDGEWATER - 308451",BRIDGEWATER,MA,441-028P                 ,402 - Carbon Steel Gas              ,$254,$193,$62,32.0%,Direct
Legend,M & G SUPPLY,M & G SUPPLY #246600 - WARREN - 164436,WARREN,RI,441-044P                 ,402 - Carbon Steel Gas              ,$118,$0,$118,,Direct
Legend,"SEEKONK SUPPLY, INC","SEEKONK SUPPLY, INC. - #106780 - ATTLEBORO FALLS - 183219",ATTLEBORO FALLS,MA,441-044P                 ,402 - Carbon Steel Gas              ,$0,$45,($45),-100.0%,Direct
Legend,"SEEKONK SUPPLY, INC","SEEKONK SUPPLY, INC. - #106780 - REHOBOTH - 2118882",REHOBOTH,MA,441-044P                 ,402 - Carbon Steel Gas              ,$0,$89,($89),-100.0%,Direct
Legend,M & G SUPPLY,M & G SUPPLY #246600 - WARREN - 164436,WARREN,RI,441-045P                 ,402 - Carbon Steel Gas              ,$143,$0,$143,,Direct
Legend,"SEEKONK SUPPLY, INC","SEEKONK SUPPLY, INC - #106780 - PROVIDENCE - 176778",PROVIDENCE,MA,441-045P                 ,402 - Carbon Steel Gas              ,$29,$0,$29,,Direct
Legend,"SEEKONK SUPPLY, INC","SEEKONK SUPPLY, INC. - #106780 - REHOBOTH - 2118882",REHOBOTH,MA,441-045P                 ,402 - Carbon Steel Gas              ,$0,$54,($54),-100.0%,Direct
Legend,"SEEKONK SUPPLY, INC","SEEKONK SUPPLY, INC. - #106780 - REHOBOTH - 2118882",REHOBOTH,MA,441-046P                 ,402 - Carbon Steel Gas              ,$0,$188,($188),-100.0%,Direct
Legend,"SEEKONK SUPPLY, INC","SEEKONK SUPPLY, INC. - #106780 - ATTLEBORO FALLS - 183219",ATTLEBORO FALLS,MA,441-047P                 ,402 - Carbon Steel Gas              ,$0,$120,($120),-100.0%,Direct
Legend,M & G SUPPLY,M & G SUPPLY #246600 - EAST PROVIDENCE - 11021,EAST PROVIDENCE,RI,441-065P                 ,402 - Carbon Steel Gas              ,$81,$0,$81,,Direct
Legend,M & G SUPPLY,M & G SUPPLY #246600 - WARREN - 164436,WARREN,RI,441-065P                 ,402 - Carbon Steel Gas              ,$81,$0,$81,,Direct
Legend,"SEEKONK SUPPLY, INC","SEEKONK SUPPLY, INC - #106780 - PROVIDENCE - 176778",PROVIDENCE,MA,441-065P                 ,402 - Carbon Steel Gas              ,$0,$62,($62),-100.0%,Direct
Legend,"SEEKONK SUPPLY, INC","SEEKONK SUPPLY, INC - #106780 - PROVIDENCE - 176778",PROVIDENCE,MA,441-068P                 ,402 - Carbon Steel Gas              ,$0,$77,($77),-100.0%,Direct
Legend,"SEEKONK SUPPLY, INC","SEEKONK SUPPLY, INC. - #106780 - BRIDGEWATER - 308451",BRIDGEWATER,MA,441-068P                 ,402 - Carbon Steel Gas              ,$0,$77,($77),-100.0%,Direct
Legend,M & G SUPPLY,M & G SUPPLY #246600 - WARREN - 164436,WARREN,RI,441-083P                 ,402 - Carbon Steel Gas              ,$97,$0,$97,,Direct
Legend,MURRAY SUPPLY-MEDFORD - #228000,MURRAY SUPPLY-MEDFORD - #228000 - MEDFORD - 10937,MEDFORD,MA,441-083P                 ,402 - Carbon Steel Gas              ,$0,$74,($74),-100.0%,Direct
Legend,MURRAY SUPPLY-MEDFORD - #228000,MURRAY SUPPLY-MEDFORD - #228000 - MEDFORD - 10937,MEDFORD,MA,441-084P                 ,402 - Carbon Steel Gas              ,$0,$84,($84),-100.0%,Direct
Legend,"SEEKONK SUPPLY, INC","SEEKONK SUPPLY, INC - #106780 - FALL RIVER - 11378",FALL RIVER,MA,441-084P                 ,402 - Carbon Steel Gas              ,$0,$42,($42),-100.0%,Direct
Legend,"SEEKONK SUPPLY, INC","SEEKONK SUPPLY, INC - #106780 - PROVIDENCE - 176778",PROVIDENCE,MA,441-084P                 ,402 - Carbon Steel Gas              ,$111,$0,$111,,Direct
Legend,M & G SUPPLY,M & G SUPPLY #246600 - WARREN - 164436,WARREN,RI,441-085P                 ,402 - Carbon Steel Gas              ,$81,$0,$81,,Direct
Legend,MURRAY SUPPLY-MEDFORD - #228000,MURRAY SUPPLY-MEDFORD - #228000 - MEDFORD - 10937,MEDFORD,MA,441-085P                 ,402 - Carbon Steel Gas              ,$0,$123,($123),-100.0%,Direct
Legend,"SEEKONK SUPPLY, INC","SEEKONK SUPPLY, INC - #106780 - PROVIDENCE - 176778",PROVIDENCE,MA,441-085P                 ,402 - Carbon Steel Gas              ,$81,$62,$20,32.0%,Direct
Legend,"SEEKONK SUPPLY, INC","SEEKONK SUPPLY, INC. - #106780 - BRIDGEWATER - 308451",BRIDGEWATER,MA,441-085P                 ,402 - Carbon Steel Gas              ,$0,$123,($123),-100.0%,Direct
Legend,"SEEKONK SUPPLY, INC","SEEKONK SUPPLY, INC. - #106780 - REHOBOTH - 2118882",REHOBOTH,MA,441-085P                 ,402 - Carbon Steel Gas              ,$0,$123,($123),-100.0%,Direct
Legend,"SEEKONK SUPPLY, INC","SEEKONK SUPPLY, INC. - #106780 - ATTLEBORO FALLS - 183219",ATTLEBORO FALLS,MA,441-086P                 ,402 - Carbon Steel Gas              ,$0,$316,($316),-100.0%,Direct
Legend,"SEEKONK SUPPLY, INC","SEEKONK SUPPLY, INC. - #106780 - REHOBOTH - 2118882",REHOBOTH,MA,441-086P                 ,402 - Carbon Steel Gas              ,$0,$158,($158),-100.0%,Direct
Legend,MURRAY SUPPLY-MEDFORD - #228000,MURRAY SUPPLY-MEDFORD - #228000 - MEDFORD - 10937,MEDFORD,MA,441-103P                 ,402 - Carbon Steel Gas              ,$0,$130,($130),-100.0%,Direct
Legend,"SEEKONK SUPPLY, INC","SEEKONK SUPPLY, INC - #106780 - FALL RIVER - 11378",FALL RIVER,MA,441-103P                 ,402 - Carbon Steel Gas              ,$0,$65,($65),-100.0%,Direct
Legend,"SEEKONK SUPPLY, INC","SEEKONK SUPPLY, INC. - #106780 - BRIDGEWATER - 308451",BRIDGEWATER,MA,441-103P                 ,402 - Carbon Steel Gas              ,$0,$130,($130),-100.0%,Direct
Legend,MURRAY SUPPLY-MEDFORD - #228000,MURRAY SUPPLY-MEDFORD - #228000 - MEDFORD - 10937,MEDFORD,MA,441-104P                 ,402 - Carbon Steel Gas              ,$0,$143,($143),-100.0%,Direct
Legend,"SEEKONK SUPPLY, INC","SEEKONK SUPPLY, INC - #106780 - FALL RIVER - 11378",FALL RIVER,MA,441-104P                 ,402 - Carbon Steel Gas              ,$0,$143,($143),-100.0%,Direct
Legend,MURRAY SUPPLY-MEDFORD - #228000,MURRAY SUPPLY-MEDFORD - #228000 - MEDFORD - 10937,MEDFORD,MA,441-105P                 ,402 - Carbon Steel Gas              ,$0,$169,($169),-100.0%,Direct
Legend,"SEEKONK SUPPLY, INC","SEEKONK SUPPLY, INC - #106780 - FALL RIVER - 11378",FALL RIVER,MA,441-105P                 ,402 - Carbon Steel Gas              ,$0,$85,($85),-100.0%,Direct
Legend,"SEEKONK SUPPLY, INC","SEEKONK SUPPLY, INC. - #106780 - ATTLEBORO FALLS - 183219",ATTLEBORO FALLS,MA,441-106P                 ,402 - Carbon Steel Gas              ,$0,$144,($144),-100.0%,Direct
Legend,"SEEKONK SUPPLY, INC","SEEKONK SUPPLY, INC - #106780 - PROVIDENCE - 176778",PROVIDENCE,MA,441-107P                 ,402 - Carbon Steel Gas              ,$45,$0,$45,,Direct
Legend,"SEEKONK SUPPLY, INC","SEEKONK SUPPLY, INC - #106780 - PROVIDENCE - 176778",PROVIDENCE,MA,441-108P                 ,402 - Carbon Steel Gas              ,$144,$0,$144,,Direct
Legend,"SEEKONK SUPPLY, INC","SEEKONK SUPPLY, INC - #106780 - FALL RIVER - 11378",FALL RIVER,MA,441-124P                 ,402 - Carbon Steel Gas              ,$0,$47,($47),-100.0%,Direct
Legend,"SEEKONK SUPPLY, INC","SEEKONK SUPPLY, INC. - #106780 - ATTLEBORO FALLS - 183219",ATTLEBORO FALLS,MA,441-124P                 ,402 - Carbon Steel Gas              ,$0,$47,($47),-100.0%,Direct
Legend,"SEEKONK SUPPLY, INC","SEEKONK SUPPLY, INC. - #106780 - REHOBOTH - 2118882",REHOBOTH,MA,441-124P                 ,402 - Carbon Steel Gas              ,$0,$94,($94),-100.0%,Direct
Legend,"SEEKONK SUPPLY, INC","SEEKONK SUPPLY, INC - #106780 - FALL RIVER - 11378",FALL RIVER,MA,441-125P                 ,402 - Carbon Steel Gas              ,$0,$53,($53),-100.0%,Direct
Legend,"SEEKONK SUPPLY, INC","SEEKONK SUPPLY, INC - #106780 - PROVIDENCE - 176778",PROVIDENCE,MA,441-125P                 ,402 - Carbon Steel Gas              ,$0,$106,($106),-100.0%,Direct
Legend,"SEEKONK SUPPLY, INC","SEEKONK SUPPLY, INC - #106780 - FALL RIVER - 11378",FALL RIVER,MA,441-126P                 ,402 - Carbon Steel Gas              ,$0,$90,($90),-100.0%,Direct
Legend,"SEEKONK SUPPLY, INC","SEEKONK SUPPLY, INC - #106780 - PROVIDENCE - 176778",PROVIDENCE,MA,441-126P                 ,402 - Carbon Steel Gas              ,$0,$90,($90),-100.0%,Direct
Legend,"SEEKONK SUPPLY, INC","SEEKONK SUPPLY, INC. - #106780 - ATTLEBORO FALLS - 183219",ATTLEBORO FALLS,MA,441-126P                 ,402 - Carbon Steel Gas              ,$0,$54,($54),-100.0%,Direct
Legend,"SEEKONK SUPPLY, INC","SEEKONK SUPPLY, INC - #106780 - PROVIDENCE - 176778",PROVIDENCE,MA,441-127P                 ,402 - Carbon Steel Gas              ,$0,$46,($46),-100.0%,Direct
Legend,"SEEKONK SUPPLY, INC","SEEKONK SUPPLY, INC. - #106780 - ATTLEBORO FALLS - 183219",ATTLEBORO FALLS,MA,441-127P                 ,402 - Carbon Steel Gas              ,$0,$69,($69),-100.0%,Direct
Legend,"SEEKONK SUPPLY, INC","SEEKONK SUPPLY, INC. - #106780 - REHOBOTH - 2118882",REHOBOTH,MA,441-127P                 ,402 - Carbon Steel Gas              ,$0,$23,($23),-100.0%,Direct
Legend,"SEEKONK SUPPLY, INC","SEEKONK SUPPLY, INC - #106780 - PROVIDENCE - 176778",PROVIDENCE,MA,441-128P                 ,402 - Carbon Steel Gas              ,$0,$57,($57),-100.0%,Direct
Legend,"SEEKONK SUPPLY, INC","SEEKONK SUPPLY, INC. - #106780 - REHOBOTH - 2118882",REHOBOTH,MA,441-128P                 ,402 - Carbon Steel Gas              ,$75,$28,$47,164.0%,Direct
Legend,"SEEKONK SUPPLY, INC","SEEKONK SUPPLY, INC - #106780 - FALL RIVER - 11378",FALL RIVER,MA,441-143P                 ,402 - Carbon Steel Gas              ,$0,$42,($42),-100.0%,Direct
Legend,"SEEKONK SUPPLY, INC","SEEKONK SUPPLY, INC - #106780 - PROVIDENCE - 176778",PROVIDENCE,MA,441-143P                 ,402 - Carbon Steel Gas              ,$0,$211,($211),-100.0%,Direct
Legend,"SEEKONK SUPPLY, INC","SEEKONK SUPPLY, INC. - #106780 - ATTLEBORO FALLS - 183219",ATTLEBORO FALLS,MA,441-143P                 ,402 - Carbon Steel Gas              ,$0,$85,($85),-100.0%,Direct
Legend,"SEEKONK SUPPLY, INC","SEEKONK SUPPLY, INC. - #106780 - BRIDGEWATER - 308451",BRIDGEWATER,MA,441-143P                 ,402 - Carbon Steel Gas              ,$0,$42,($42),-100.0%,Direct
Legend,"SEEKONK SUPPLY, INC","SEEKONK SUPPLY, INC. - #106780 - REHOBOTH - 2118882",REHOBOTH,MA,441-143P                 ,402 - Carbon Steel Gas              ,$0,$211,($211),-100.0%,Direct
Legend,"SEEKONK SUPPLY, INC","SEEKONK SUPPLY, INC - #106780 - FALL RIVER - 11378",FALL RIVER,MA,441-145P                 ,402 - Carbon Steel Gas              ,$0,$51,($51),-100.0%,Direct
Legend,"SEEKONK SUPPLY, INC","SEEKONK SUPPLY, INC. - #106780 - ATTLEBORO FALLS - 183219",ATTLEBORO FALLS,MA,441-145P                 ,402 - Carbon Steel Gas              ,$0,$102,($102),-100.0%,Direct
Legend,"SEEKONK SUPPLY, INC","SEEKONK SUPPLY, INC. - #106780 - REHOBOTH - 2118882",REHOBOTH,MA,441-145P                 ,402 - Carbon Steel Gas              ,$0,$255,($255),-100.0%,Direct
Legend,"SEEKONK SUPPLY, INC","SEEKONK SUPPLY, INC - #106780 - FALL RIVER - 11378",FALL RIVER,MA,441-146P                 ,402 - Carbon Steel Gas              ,$0,$66,($66),-100.0%,Direct
Legend,"SEEKONK SUPPLY, INC","SEEKONK SUPPLY, INC - #106780 - FALL RIVER - 11378",FALL RIVER,MA,441-147P                 ,402 - Carbon Steel Gas              ,$0,$76,($76),-100.0%,Direct
Legend,"SEEKONK SUPPLY, INC","SEEKONK SUPPLY, INC - #106780 - PROVIDENCE - 176778",PROVIDENCE,MA,441-421P                 ,402 - Carbon Steel Gas              ,$0,$78,($78),-100.0%,Direct
Legend,"SEEKONK SUPPLY, INC","SEEKONK SUPPLY, INC - #106780 - PROVIDENCE - 176778",PROVIDENCE,MA,441-424P                 ,402 - Carbon Steel Gas              ,$0,$193,($193),-100.0%,Direct
Legend,"SEEKONK SUPPLY, INC","SEEKONK SUPPLY, INC - #106780 - PROVIDENCE - 176778",PROVIDENCE,MA,441-425P                 ,402 - Carbon Steel Gas              ,$0,$94,($94),-100.0%,Direct
Legend,"SEEKONK SUPPLY, INC","SEEKONK SUPPLY, INC - #106780 - FALL RIVER - 11378",FALL RIVER,MA,441-426P                 ,402 - Carbon Steel Gas              ,$0,$31,($31),-100.0%,Direct
Legend,"SEEKONK SUPPLY, INC","SEEKONK SUPPLY, INC - #106780 - PROVIDENCE - 176778",PROVIDENCE,MA,441-426P                 ,402 - Carbon Steel Gas              ,$0,$31,($31),-100.0%,Direct
Legend,M & G SUPPLY,M & G SUPPLY #246600 - WARREN - 164436,WARREN,RI,441-427P                 ,402 - Carbon Steel Gas              ,$81,$0,$81,,Direct
Legend,"SEEKONK SUPPLY, INC","SEEKONK SUPPLY, INC - #106780 - PROVIDENCE - 176778",PROVIDENCE,MA,441-429P                 ,402 - Carbon Steel Gas              ,$0,$168,($168),-100.0%,Direct
Legend,"SEEKONK SUPPLY, INC","SEEKONK SUPPLY, INC - #106780 - PROVIDENCE - 176778",PROVIDENCE,MA,441-430P                 ,402 - Carbon Steel Gas              ,$502,$0,$502,,Direct
Legend,"SEEKONK SUPPLY, INC","SEEKONK SUPPLY, INC. - #106780 - ATTLEBORO FALLS - 183219",ATTLEBORO FALLS,MA,441-432P                 ,402 - Carbon Steel Gas              ,$0,$38,($38),-100.0%,Direct
Legend,"SEEKONK SUPPLY, INC","SEEKONK SUPPLY, INC. - #106780 - ATTLEBORO FALLS - 183219",ATTLEBORO FALLS,MA,441-437P                 ,402 - Carbon Steel Gas              ,$0,$65,($65),-100.0%,Direct
Legend,"SEEKONK SUPPLY, INC","SEEKONK SUPPLY, INC - #106780 - PROVIDENCE - 176778",PROVIDENCE,MA,441-443P                 ,402 - Carbon Steel Gas              ,$0,$36,($36),-100.0%,Direct
Legend,"SEEKONK SUPPLY, INC","SEEKONK SUPPLY, INC - #106780 - FALL RIVER - 11378",FALL RIVER,MA,441-444P                 ,402 - Carbon Steel Gas              ,$0,$18,($18),-100.0%,Direct
Legend,"SEEKONK SUPPLY, INC","SEEKONK SUPPLY, INC - #106780 - PROVIDENCE - 176778",PROVIDENCE,MA,441-444P                 ,402 - Carbon Steel Gas              ,$0,$36,($36),-100.0%,Direct
Legend,"SEEKONK SUPPLY, INC","SEEKONK SUPPLY, INC. - #106780 - ATTLEBORO FALLS - 183219",ATTLEBORO FALLS,MA,441-444P                 ,402 - Carbon Steel Gas              ,$0,$90,($90),-100.0%,Direct
Legend,"SEEKONK SUPPLY, INC","SEEKONK SUPPLY, INC. - #106780 - BRIDGEWATER - 308451",BRIDGEWATER,MA,441-444P                 ,402 - Carbon Steel Gas              ,$0,$36,($36),-100.0%,Direct
Legend,"SEEKONK SUPPLY, INC","SEEKONK SUPPLY, INC - #106780 - FALL RIVER - 11378",FALL RIVER,MA,441-445P                 ,402 - Carbon Steel Gas              ,$0,$26,($26),-100.0%,Direct
Legend,"SEEKONK SUPPLY, INC","SEEKONK SUPPLY, INC - #106780 - PROVIDENCE - 176778",PROVIDENCE,MA,441-446P                 ,402 - Carbon Steel Gas              ,$0,$31,($31),-100.0%,Direct
Legend,"SEEKONK SUPPLY, INC","SEEKONK SUPPLY, INC - #106780 - FALL RIVER - 11378",FALL RIVER,MA,441-447P                 ,402 - Carbon Steel Gas              ,$0,$34,($34),-100.0%,Direct
Legend,"SEEKONK SUPPLY, INC","SEEKONK SUPPLY, INC - #106780 - PROVIDENCE - 176778",PROVIDENCE,MA,441-447P                 ,402 - Carbon Steel Gas              ,$0,$34,($34),-100.0%,Direct
Legend,"SEEKONK SUPPLY, INC","SEEKONK SUPPLY, INC - #106780 - FALL RIVER - 11378",FALL RIVER,MA,441-450P                 ,402 - Carbon Steel Gas              ,$0,$41,($41),-100.0%,Direct
Legend,"SEEKONK SUPPLY, INC","SEEKONK SUPPLY, INC. - #106780 - REHOBOTH - 2118882",REHOBOTH,MA,441-529P                 ,402 - Carbon Steel Gas              ,$0,$91,($91),-100.0%,Direct
Legend,"SEEKONK SUPPLY, INC","SEEKONK SUPPLY, INC - #106780 - FALL RIVER - 11378",FALL RIVER,MA,441-532P                 ,402 - Carbon Steel Gas              ,$0,$109,($109),-100.0%,Direct
Legend,"SEEKONK SUPPLY, INC","SEEKONK SUPPLY, INC. - #106780 - REHOBOTH - 2118882",REHOBOTH,MA,441-533P                 ,402 - Carbon Steel Gas              ,$29,$109,($81),-73.6%,Direct
Legend,"SEEKONK SUPPLY, INC","SEEKONK SUPPLY, INC. - #106780 - ATTLEBORO FALLS - 183219",ATTLEBORO FALLS,MA,441-537P                 ,402 - Carbon Steel Gas              ,$0,$85,($85),-100.0%,Direct
Legend,"SEEKONK SUPPLY, INC","SEEKONK SUPPLY, INC. - #106780 - REHOBOTH - 2118882",REHOBOTH,MA,441-537P                 ,402 - Carbon Steel Gas              ,$45,$0,$45,,Direct
Legend,"SEEKONK SUPPLY, INC","SEEKONK SUPPLY, INC - #106780 - FALL RIVER - 11378",FALL RIVER,MA,441-542P                 ,402 - Carbon Steel Gas              ,$0,$43,($43),-100.0%,Direct
Legend,"SEEKONK SUPPLY, INC","SEEKONK SUPPLY, INC. - #106780 - REHOBOTH - 2118882",REHOBOTH,MA,441-546P                 ,402 - Carbon Steel Gas              ,$73,$0,$73,,Direct
Legend,"SEEKONK SUPPLY, INC","SEEKONK SUPPLY, INC - #106780 - FALL RIVER - 11378",FALL RIVER,MA,441-547P                 ,402 - Carbon Steel Gas              ,$0,$57,($57),-100.0%,Direct
Legend,"SEEKONK SUPPLY, INC","SEEKONK SUPPLY, INC - #106780 - PROVIDENCE - 176778",PROVIDENCE,MA,441-547P                 ,402 - Carbon Steel Gas              ,$38,$0,$38,,Direct
Legend,"SEEKONK SUPPLY, INC","SEEKONK SUPPLY, INC. - #106780 - BRIDGEWATER - 308451",BRIDGEWATER,MA,441-548P                 ,402 - Carbon Steel Gas              ,$0,$32,($32),-100.0%,Direct
Legend,"SEEKONK SUPPLY, INC","SEEKONK SUPPLY, INC. - #106780 - REHOBOTH - 2118882",REHOBOTH,MA,441-549P                 ,402 - Carbon Steel Gas              ,$37,$0,$37,,Direct
Legend,M & G SUPPLY,M & G SUPPLY #246600 - WARREN - 164436,WARREN,RI,441-551P                 ,402 - Carbon Steel Gas              ,$73,$0,$73,,Direct
Legend,"SEEKONK SUPPLY, INC","SEEKONK SUPPLY, INC - #106780 - PROVIDENCE - 176778",PROVIDENCE,MA,441-551P                 ,402 - Carbon Steel Gas              ,$0,$33,($33),-100.0%,Direct
Legend,"SEEKONK SUPPLY, INC","SEEKONK SUPPLY, INC. - #106780 - ATTLEBORO FALLS - 183219",ATTLEBORO FALLS,MA,441-552P                 ,402 - Carbon Steel Gas              ,$0,$85,($85),-100.0%,Direct
Legend,"SEEKONK SUPPLY, INC","SEEKONK SUPPLY, INC - #106780 - FALL RIVER - 11378",FALL RIVER,MA,441-553P                 ,402 - Carbon Steel Gas              ,$0,$17,($17),-100.0%,Direct
Legend,"SEEKONK SUPPLY, INC","SEEKONK SUPPLY, INC - #106780 - FALL RIVER - 11378",FALL RIVER,MA,441-555P                 ,402 - Carbon Steel Gas              ,$0,$57,($57),-100.0%,Direct
Legend,"SEEKONK SUPPLY, INC","SEEKONK SUPPLY, INC - #106780 - PROVIDENCE - 176778",PROVIDENCE,MA,441-555P                 ,402 - Carbon Steel Gas              ,$0,$57,($57),-100.0%,Direct
Legend,"SEEKONK SUPPLY, INC","SEEKONK SUPPLY, INC. - #106780 - REHOBOTH - 2118882",REHOBOTH,MA,441-555P                 ,402 - Carbon Steel Gas              ,$0,$29,($29),-100.0%,Direct
Legend,"SEEKONK SUPPLY, INC","SEEKONK SUPPLY, INC - #106780 - FALL RIVER - 11378",FALL RIVER,MA,441-556P                 ,402 - Carbon Steel Gas              ,$0,$32,($32),-100.0%,Direct
Legend,"SEEKONK SUPPLY, INC","SEEKONK SUPPLY, INC - #106780 - PROVIDENCE - 176778",PROVIDENCE,MA,441-556P                 ,402 - Carbon Steel Gas              ,$0,$32,($32),-100.0%,Direct
Legend,"SEEKONK SUPPLY, INC","SEEKONK SUPPLY, INC. - #106780 - REHOBOTH - 2118882",REHOBOTH,MA,441-556P                 ,402 - Carbon Steel Gas              ,$42,$0,$42,,Direct
Legend,"SEEKONK SUPPLY, INC","SEEKONK SUPPLY, INC. - #106780 - REHOBOTH - 2118882",REHOBOTH,MA,441-584P                 ,402 - Carbon Steel Gas              ,$0,$101,($101),-100.0%,Direct
Legend,"SEEKONK SUPPLY, INC","SEEKONK SUPPLY, INC - #106780 - FALL RIVER - 11378",FALL RIVER,MA,441-586P                 ,402 - Carbon Steel Gas              ,$0,$36,($36),-100.0%,Direct
Legend,"SEEKONK SUPPLY, INC","SEEKONK SUPPLY, INC - #106780 - FALL RIVER - 11378",FALL RIVER,MA,441-587P                 ,402 - Carbon Steel Gas              ,$0,$47,($47),-100.0%,Direct
Legend,"SEEKONK SUPPLY, INC","SEEKONK SUPPLY, INC - #106780 - PROVIDENCE - 176778",PROVIDENCE,MA,441-587P                 ,402 - Carbon Steel Gas              ,$62,$0,$62,,Direct
Legend,M & G SUPPLY,M & G SUPPLY #246600 - WARREN - 164436,WARREN,RI,441-588P                 ,402 - Carbon Steel Gas              ,$88,$0,$88,,Direct
Legend,"SEEKONK SUPPLY, INC","SEEKONK SUPPLY, INC. - #106780 - BRIDGEWATER - 308451",BRIDGEWATER,MA,441-707P                 ,402 - Carbon Steel Gas              ,$50,$0,$50,,Direct
Legend,"SEEKONK SUPPLY, INC","SEEKONK SUPPLY, INC. - #106780 - REHOBOTH - 2118882",REHOBOTH,MA,441-707P                 ,402 - Carbon Steel Gas              ,$0,$94,($94),-100.0%,Direct
Legend,"SEEKONK SUPPLY, INC","SEEKONK SUPPLY, INC. - #106780 - BRIDGEWATER - 308451",BRIDGEWATER,MA,441-708P                 ,402 - Carbon Steel Gas              ,$37,$0,$37,,Direct
Legend,"SEEKONK SUPPLY, INC","SEEKONK SUPPLY, INC. - #106780 - REHOBOTH - 2118882",REHOBOTH,MA,441-708P                 ,402 - Carbon Steel Gas              ,$74,$0,$74,,Direct
Legend,"SEEKONK SUPPLY, INC","SEEKONK SUPPLY, INC. - #106780 - BRIDGEWATER - 308451",BRIDGEWATER,MA,441-733P                 ,402 - Carbon Steel Gas              ,$0,$16,($16),-100.0%,Direct
Legend,"SEEKONK SUPPLY, INC","SEEKONK SUPPLY, INC - #106780 - FALL RIVER - 11378",FALL RIVER,MA,441-735P                 ,402 - Carbon Steel Gas              ,$0,$20,($20),-100.0%,Direct
Legend,"SEEKONK SUPPLY, INC","SEEKONK SUPPLY, INC - #106780 - PROVIDENCE - 176778",PROVIDENCE,MA,441-735P                 ,402 - Carbon Steel Gas              ,$0,$20,($20),-100.0%,Direct
Legend,"SEEKONK SUPPLY, INC","SEEKONK SUPPLY, INC. - #106780 - BRIDGEWATER - 308451",BRIDGEWATER,MA,441-735P                 ,402 - Carbon Steel Gas              ,$0,$20,($20),-100.0%,Direct
Legend,"SEEKONK SUPPLY, INC","SEEKONK SUPPLY, INC - #106780 - FALL RIVER - 11378",FALL RIVER,MA,441-737P                 ,402 - Carbon Steel Gas              ,$0,$20,($20),-100.0%,Direct
Legend,"SEEKONK SUPPLY, INC","SEEKONK SUPPLY, INC. - #106780 - BRIDGEWATER - 308451",BRIDGEWATER,MA,441-737P                 ,402 - Carbon Steel Gas              ,$52,$0,$52,,Direct
Legend,"SEEKONK SUPPLY, INC","SEEKONK SUPPLY, INC - #106780 - FALL RIVER - 11378",FALL RIVER,MA,441-739P                 ,402 - Carbon Steel Gas              ,$0,$21,($21),-100.0%,Direct
Legend,"SEEKONK SUPPLY, INC","SEEKONK SUPPLY, INC - #106780 - PROVIDENCE - 176778",PROVIDENCE,MA,441-739P                 ,402 - Carbon Steel Gas              ,$0,$21,($21),-100.0%,Direct
Legend,"SEEKONK SUPPLY, INC","SEEKONK SUPPLY, INC - #106780 - PROVIDENCE - 176778",PROVIDENCE,MA,441-740P                 ,402 - Carbon Steel Gas              ,$0,$22,($22),-100.0%,Direct
Legend,"SEEKONK SUPPLY, INC","SEEKONK SUPPLY, INC. - #106780 - REHOBOTH - 2118882",REHOBOTH,MA,441-740P                 ,402 - Carbon Steel Gas              ,$29,$0,$29,,Direct
Legend,"SEEKONK SUPPLY, INC","SEEKONK SUPPLY, INC - #106780 - PROVIDENCE - 176778",PROVIDENCE,MA,441-742P                 ,402 - Carbon Steel Gas              ,$0,$30,($30),-100.0%,Direct
Legend,"SEEKONK SUPPLY, INC","SEEKONK SUPPLY, INC. - #106780 - BRIDGEWATER - 308451",BRIDGEWATER,MA,441-742P                 ,402 - Carbon Steel Gas              ,$40,$0,$40,,Direct
Legend,"SEEKONK SUPPLY, INC","SEEKONK SUPPLY, INC - #106780 - PROVIDENCE - 176778",PROVIDENCE,MA,441-743P                 ,402 - Carbon Steel Gas              ,$0,$30,($30),-100.0%,Direct
Legend,"SEEKONK SUPPLY, INC","SEEKONK SUPPLY, INC - #106780 - FALL RIVER - 11378",FALL RIVER,MA,441-744P                 ,402 - Carbon Steel Gas              ,$0,$31,($31),-100.0%,Direct
Legend,"SEEKONK SUPPLY, INC","SEEKONK SUPPLY, INC. - #106780 - REHOBOTH - 2118882",REHOBOTH,MA,441-744P                 ,402 - Carbon Steel Gas              ,$0,$156,($156),-100.0%,Direct
Legend,"SEEKONK SUPPLY, INC","SEEKONK SUPPLY, INC - #106780 - FALL RIVER - 11378",FALL RIVER,MA,441-746P                 ,402 - Carbon Steel Gas              ,$0,$29,($29),-100.0%,Direct
Legend,"SEEKONK SUPPLY, INC","SEEKONK SUPPLY, INC - #106780 - PROVIDENCE - 176778",PROVIDENCE,MA,441-746P                 ,402 - Carbon Steel Gas              ,$0,$29,($29),-100.0%,Direct
Legend,"SEEKONK SUPPLY, INC","SEEKONK SUPPLY, INC. - #106780 - BRIDGEWATER - 308451",BRIDGEWATER,MA,441-753P                 ,402 - Carbon Steel Gas              ,$0,$100,($100),-100.0%,Direct
Legend,THE PORTLAND GROUP,THE PORTLAND GROUP - AD#PG02 - NORTH BILLERICA - 11320,NORTH BILLERICA,MA,441-753P                 ,402 - Carbon Steel Gas              ,$0,$603,($603),-100.0%,Direct
Legend,"SEEKONK SUPPLY, INC","SEEKONK SUPPLY, INC - #106780 - PROVIDENCE - 176778",PROVIDENCE,MA,441-755P                 ,402 - Carbon Steel Gas              ,$90,$0,$90,,Direct
Legend,"SEEKONK SUPPLY, INC","SEEKONK SUPPLY, INC. - #106780 - ATTLEBORO FALLS - 183219",ATTLEBORO FALLS,MA,441-755P                 ,402 - Carbon Steel Gas              ,$0,$27,($27),-100.0%,Direct
Legend,"SEEKONK SUPPLY, INC","SEEKONK SUPPLY, INC. - #106780 - REHOBOTH - 2118882",REHOBOTH,MA,441-755P                 ,402 - Carbon Steel Gas              ,$0,$68,($68),-100.0%,Direct
Legend,M & G SUPPLY,M & G SUPPLY #246600 - WARREN - 164436,WARREN,RI,441-756P                 ,402 - Carbon Steel Gas              ,$109,$0,$109,,Direct
Legend,"SEEKONK SUPPLY, INC","SEEKONK SUPPLY, INC. - #106780 - BRIDGEWATER - 308451",BRIDGEWATER,MA,441-756P                 ,402 - Carbon Steel Gas              ,$0,$82,($82),-100.0%,Direct
Legend,"SEEKONK SUPPLY, INC","SEEKONK SUPPLY, INC - #106780 - PROVIDENCE - 176778",PROVIDENCE,MA,441-757P                 ,402 - Carbon Steel Gas              ,$0,$97,($97),-100.0%,Direct
Legend,"SEEKONK SUPPLY, INC","SEEKONK SUPPLY, INC. - #106780 - ATTLEBORO FALLS - 183219",ATTLEBORO FALLS,MA,441-757P                 ,402 - Carbon Steel Gas              ,$0,$39,($39),-100.0%,Direct
Legend,"SEEKONK SUPPLY, INC","SEEKONK SUPPLY, INC. - #106780 - ATTLEBORO FALLS - 183219",ATTLEBORO FALLS,MA,441-758P                 ,402 - Carbon Steel Gas              ,$0,$147,($147),-100.0%,Direct
Legend,"SEEKONK SUPPLY, INC","SEEKONK SUPPLY, INC. - #106780 - BRIDGEWATER - 308451",BRIDGEWATER,MA,441-758P                 ,402 - Carbon Steel Gas              ,$77,$0,$77,,Direct
Legend,M & G SUPPLY,M & G SUPPLY #246600 - EAST PROVIDENCE - 11021,EAST PROVIDENCE,RI,450-003                  ,440 - Wrot Copper                   ,$60,$0,$60,,Direct
Legend,AMESBURY INDUSTRIAL SUPPLY,AMESBURY INDUSTRIAL SUPPLY - AMESBURY - 12187,AMESBURY,MA,450-003P                 ,441 - Press Fittings                ,$0,$18,($18),-100.0%,Direct
Legend,M & G SUPPLY,M & G SUPPLY #246600 - EAST PROVIDENCE - 11021,EAST PROVIDENCE,RI,450-003P                 ,441 - Press Fittings                ,$815,$0,$815,,Direct
Legend,M & G SUPPLY,M & G SUPPLY #246600 - WARREN - 164436,WARREN,RI,450-003P                 ,441 - Press Fittings                ,$386,$0,$386,,Direct
Legend,R.A. MANLEY & SONS,R.A. MANLEY & SONS - PALMER - 10963,PALMER,MA,450-003P                 ,441 - Press Fittings                ,$0,$53,($53),-100.0%,Direct
Legend,THE PORTLAND GROUP,THE PORTLAND GROUP -RAYNHAM - AD#PG02 - RAYNHAM - 182939,RAYNHAM,MA,450-003P                 ,441 - Press Fittings                ,$276,$0,$276,,Direct
Legend,WINNELSON,WINSUPPLY WAKEFIELD MA CO (#016) - WAKEFIELD - 10038,WAKEFIELD,MA,450-003P                 ,441 - Press Fittings                ,"$1,161",$0,"$1,161",,Direct
Legend,M & G SUPPLY,M & G SUPPLY #246600 - EAST PROVIDENCE - 11021,EAST PROVIDENCE,RI,450-004                  ,440 - Wrot Copper                   ,$66,$0,$66,,Direct
Legend,M & G SUPPLY,M & G SUPPLY #246600 - WARREN - 164436,WARREN,RI,450-004                  ,440 - Wrot Copper                   ,$33,$0,$33,,Direct
Legend,DADDARIO HARDWARE INC,DADDARIO HARDWARE INC - FRANKLIN - 2117437,FRANKLIN,MA,450-004P                 ,441 - Press Fittings                ,$0,$62,($62),-100.0%,Direct
Legend,J.D.M. SUPPLY,J.D.M. SUPPLY - MAPLEVILLE - 15647,MAPLEVILLE,RI,450-004P                 ,441 - Press Fittings                ,$0,$59,($59),-100.0%,Direct
Legend,M & G SUPPLY,M & G SUPPLY #246600 - EAST PROVIDENCE - 11021,EAST PROVIDENCE,RI,450-004P                 ,441 - Press Fittings                ,"$1,081",$0,"$1,081",,Direct
Legend,M & G SUPPLY,M & G SUPPLY #246600 - WARREN - 164436,WARREN,RI,450-004P                 ,441 - Press Fittings                ,"$1,081",$267,$814,305.2%,Direct
Legend,R.A. MANLEY & SONS,R.A. MANLEY & SONS - PALMER - 10963,PALMER,MA,450-004P                 ,441 - Press Fittings                ,$0,$59,($59),-100.0%,Direct
Legend,THE PORTLAND GROUP,THE PORTLAND GROUP -RAYNHAM - AD#PG02 - RAYNHAM - 182939,RAYNHAM,MA,450-004P                 ,441 - Press Fittings                ,$309,$0,$309,,Direct
Legend,WINNELSON,WINSUPPLY WAKEFIELD MA CO (#016) - WAKEFIELD - 10038,WAKEFIELD,MA,450-004P                 ,441 - Press Fittings                ,"$1,171",$0,"$1,171",,Direct
Legend,M & G SUPPLY,M & G SUPPLY #246600 - WARREN - 164436,WARREN,RI,450-005P                 ,441 - Press Fittings                ,$295,$0,$295,,Direct
Legend,R.A. MANLEY & SONS,R.A. MANLEY & SONS - PALMER - 10963,PALMER,MA,450-005P                 ,441 - Press Fittings                ,$0,$60,($60),-100.0%,Direct
Legend,THE PORTLAND GROUP,THE PORTLAND GROUP -RAYNHAM - AD#PG02 - RAYNHAM - 182939,RAYNHAM,MA,450-005P                 ,441 - Press Fittings                ,$189,$0,$189,,Direct
Legend,WINNELSON,WINSUPPLY WAKEFIELD MA CO (#016) - WAKEFIELD - 10038,WAKEFIELD,MA,450-005P                 ,441 - Press Fittings                ,$233,$0,$233,,Direct
Legend,J.D.M. SUPPLY,J.D.M. SUPPLY - MAPLEVILLE - 15647,MAPLEVILLE,RI,450-006P                 ,441 - Press Fittings                ,$96,$0,$96,,Direct
Legend,M & G SUPPLY,M & G SUPPLY #246600 - WARREN - 164436,WARREN,RI,450-006P                 ,441 - Press Fittings                ,$0,$53,($53),-100.0%,Direct
Legend,THE PORTLAND GROUP,THE PORTLAND GROUP -RAYNHAM - AD#PG02 - RAYNHAM - 182939,RAYNHAM,MA,450-006P                 ,441 - Press Fittings                ,$519,$0,$519,,Direct
Legend,WINNELSON,WINSUPPLY WAKEFIELD MA CO (#016) - WAKEFIELD - 10038,WAKEFIELD,MA,450-006P                 ,441 - Press Fittings                ,$0,$649,($649),-100.0%,Direct
Legend,M & G SUPPLY,M & G SUPPLY #246600 - EAST PROVIDENCE - 11021,EAST PROVIDENCE,RI,450-023P                 ,441 - Press Fittings                ,$104,$0,$104,,Direct
Legend,M & G SUPPLY,M & G SUPPLY #246600 - WARREN - 164436,WARREN,RI,450-023P                 ,441 - Press Fittings                ,$78,$0,$78,,Direct
Legend,THE PORTLAND GROUP,THE PORTLAND GROUP -RAYNHAM - AD#PG02 - RAYNHAM - 182939,RAYNHAM,MA,450-023P                 ,441 - Press Fittings                ,$134,$0,$134,,Direct
Legend,WINNELSON,WINSUPPLY WAKEFIELD MA CO (#016) - WAKEFIELD - 10038,WAKEFIELD,MA,450-023P                 ,441 - Press Fittings                ,$211,$0,$211,,Direct
Legend,M & G SUPPLY,M & G SUPPLY #246600 - EAST PROVIDENCE - 11021,EAST PROVIDENCE,RI,450-024P                 ,441 - Press Fittings                ,$92,$0,$92,,Direct
Legend,M & G SUPPLY,M & G SUPPLY #246600 - WARREN - 164436,WARREN,RI,450-024P                 ,441 - Press Fittings                ,$61,$0,$61,,Direct
Legend,THE PORTLAND GROUP,THE PORTLAND GROUP -RAYNHAM - AD#PG02 - RAYNHAM - 182939,RAYNHAM,MA,450-024P                 ,441 - Press Fittings                ,$209,$0,$209,,Direct
Legend,M & G SUPPLY,M & G SUPPLY #246600 - EAST PROVIDENCE - 11021,EAST PROVIDENCE,RI,450-025P                 ,441 - Press Fittings                ,$243,$0,$243,,Direct
Legend,THE PORTLAND GROUP,THE PORTLAND GROUP -RAYNHAM - AD#PG02 - RAYNHAM - 182939,RAYNHAM,MA,450-025P                 ,441 - Press Fittings                ,$167,$0,$167,,Direct
Legend,WINNELSON,WINSUPPLY WAKEFIELD MA CO (#016) - WAKEFIELD - 10038,WAKEFIELD,MA,450-025P                 ,441 - Press Fittings                ,$263,$0,$263,,Direct
Legend,J.D.M. SUPPLY,J.D.M. SUPPLY - MAPLEVILLE - 15647,MAPLEVILLE,RI,450-026P                 ,441 - Press Fittings                ,$0,$69,($69),-100.0%,Direct
Legend,THE PORTLAND GROUP,THE PORTLAND GROUP -RAYNHAM - AD#PG02 - RAYNHAM - 182939,RAYNHAM,MA,450-026P                 ,441 - Press Fittings                ,$483,$0,$483,,Direct
Legend,M & G SUPPLY,M & G SUPPLY #246600 - EAST PROVIDENCE - 11021,EAST PROVIDENCE,RI,450-043P                 ,441 - Press Fittings                ,$67,$0,$67,,Direct
Legend,M & G SUPPLY,M & G SUPPLY #246600 - WARREN - 164436,WARREN,RI,450-043P                 ,441 - Press Fittings                ,$22,$50,($27),-55.0%,Direct
Legend,THE PORTLAND GROUP,THE PORTLAND GROUP -RAYNHAM - AD#PG02 - RAYNHAM - 182939,RAYNHAM,MA,450-043P                 ,441 - Press Fittings                ,$38,$0,$38,,Direct
Legend,WINNELSON,WINSUPPLY WAKEFIELD MA CO (#016) - WAKEFIELD - 10038,WAKEFIELD,MA,450-043P                 ,441 - Press Fittings                ,$282,$0,$282,,Direct
Legend,WINNELSON,WINSUPPLY WAKEFIELD MA CO (#016) - WAKEFIELD - 10038,WAKEFIELD,MA,450-044P                 ,441 - Press Fittings                ,$863,$0,$863,,Direct
Legend,M & G SUPPLY,M & G SUPPLY #246600 - WARREN - 164436,WARREN,RI,450-045P                 ,441 - Press Fittings                ,$89,$0,$89,,Direct
Legend,WINNELSON,WINSUPPLY WAKEFIELD MA CO (#016) - WAKEFIELD - 10038,WAKEFIELD,MA,450-045P                 ,441 - Press Fittings                ,$242,$0,$242,,Direct
Legend,M & G SUPPLY,M & G SUPPLY #246600 - EAST PROVIDENCE - 11021,EAST PROVIDENCE,RI,450-063P                 ,441 - Press Fittings                ,$41,$0,$41,,Direct
Legend,M & G SUPPLY,M & G SUPPLY #246600 - WARREN - 164436,WARREN,RI,450-063P                 ,441 - Press Fittings                ,$21,$0,$21,,Direct
Legend,THE PORTLAND GROUP,THE PORTLAND GROUP -RAYNHAM - AD#PG02 - RAYNHAM - 182939,RAYNHAM,MA,450-063P                 ,441 - Press Fittings                ,$88,$0,$88,,Direct
Legend,WINNELSON,WINSUPPLY WAKEFIELD MA CO (#016) - WAKEFIELD - 10038,WAKEFIELD,MA,450-063P                 ,441 - Press Fittings                ,$37,$0,$37,,Direct
Legend,M & G SUPPLY,M & G SUPPLY #246600 - EAST PROVIDENCE - 11021,EAST PROVIDENCE,RI,450-064P                 ,441 - Press Fittings                ,$57,$0,$57,,Direct
Legend,THE PORTLAND GROUP,THE PORTLAND GROUP -RAYNHAM - AD#PG02 - RAYNHAM - 182939,RAYNHAM,MA,450-064P                 ,441 - Press Fittings                ,$124,$0,$124,,Direct
Legend,WINNELSON,WINSUPPLY WAKEFIELD MA CO (#016) - WAKEFIELD - 10038,WAKEFIELD,MA,450-065P                 ,441 - Press Fittings                ,$257,$0,$257,,Direct
Legend,J.D.M. SUPPLY,J.D.M. SUPPLY - MAPLEVILLE - 15647,MAPLEVILLE,RI,450-066P                 ,441 - Press Fittings                ,$0,$69,($69),-100.0%,Direct
Legend,M & G SUPPLY,M & G SUPPLY #246600 - WARREN - 164436,WARREN,RI,450-086P                 ,441 - Press Fittings                ,$113,$0,$113,,Direct
Legend,M & G SUPPLY,M & G SUPPLY #246600 - EAST PROVIDENCE - 11021,EAST PROVIDENCE,RI,450-087P                 ,441 - Press Fittings                ,$106,$0,$106,,Direct
Legend,M & G SUPPLY,M & G SUPPLY #246600 - WARREN - 164436,WARREN,RI,450-087P                 ,441 - Press Fittings                ,$106,$0,$106,,Direct
Legend,M & G SUPPLY,M & G SUPPLY #246600 - EAST PROVIDENCE - 11021,EAST PROVIDENCE,RI,450-088P                 ,441 - Press Fittings                ,$74,$0,$74,,Direct
Legend,M & G SUPPLY,M & G SUPPLY #246600 - WARREN - 164436,WARREN,RI,450-088P                 ,441 - Press Fittings                ,$148,$0,$148,,Direct
Legend,M & G SUPPLY,M & G SUPPLY #246600 - EAST PROVIDENCE - 11021,EAST PROVIDENCE,RI,450-094P                 ,441 - Press Fittings                ,$180,$0,$180,,Direct
Legend,WINNELSON,BRANFORD WINNELSON CO (#075) - BRANFORD - 50111,BRANFORD,CT,450-095                  ,440 - Wrot Copper                   ,$7,$11,($4),-36.7%,Direct
Legend,M & G SUPPLY,M & G SUPPLY #246600 - EAST PROVIDENCE - 11021,EAST PROVIDENCE,RI,450-097P                 ,441 - Press Fittings                ,$28,$0,$28,,Direct
Legend,M & G SUPPLY,M & G SUPPLY #246600 - EAST PROVIDENCE - 11021,EAST PROVIDENCE,RI,450-109P                 ,441 - Press Fittings                ,$78,$0,$78,,Direct
Legend,M & G SUPPLY,M & G SUPPLY #246600 - WARREN - 164436,WARREN,RI,450-109P                 ,441 - Press Fittings                ,$52,$0,$52,,Direct
Legend,WINNELSON,BRANFORD WINNELSON CO (#075) - BRANFORD - 50111,BRANFORD,CT,450-113                  ,440 - Wrot Copper                   ,$0,$29,($29),-100.0%,Direct
Legend,M & G SUPPLY,M & G SUPPLY #246600 - EAST PROVIDENCE - 11021,EAST PROVIDENCE,RI,450-113P                 ,441 - Press Fittings                ,$120,$0,$120,,Direct
Legend,M & G SUPPLY,M & G SUPPLY #246600 - WARREN - 164436,WARREN,RI,450-113P                 ,441 - Press Fittings                ,$120,$0,$120,,Direct
Legend,WINNELSON,BRANFORD WINNELSON CO (#075) - BRANFORD - 50111,BRANFORD,CT,450-131                  ,440 - Wrot Copper                   ,$7,$0,$7,,Direct
Legend,AMESBURY INDUSTRIAL SUPPLY,AMESBURY INDUSTRIAL SUPPLY - AMESBURY - 12187,AMESBURY,MA,450-153P                 ,441 - Press Fittings                ,$0,$43,($43),-100.0%,Direct
Legend,M & G SUPPLY,M & G SUPPLY #246600 - EAST PROVIDENCE - 11021,EAST PROVIDENCE,RI,450-153P                 ,441 - Press Fittings                ,$327,$0,$327,,Direct
Legend,M & G SUPPLY,M & G SUPPLY #246600 - WARREN - 164436,WARREN,RI,450-153P                 ,441 - Press Fittings                ,$262,$0,$262,,Direct
Legend,THE PORTLAND GROUP,THE PORTLAND GROUP -RAYNHAM - AD#PG02 - RAYNHAM - 182939,RAYNHAM,MA,450-153P                 ,441 - Press Fittings                ,$280,$0,$280,,Direct
Legend,WINNELSON,WINSUPPLY WAKEFIELD MA CO (#016) - WAKEFIELD - 10038,WAKEFIELD,MA,450-153P                 ,441 - Press Fittings                ,$148,$0,$148,,Direct
Legend,M & G SUPPLY,M & G SUPPLY #246600 - EAST PROVIDENCE - 11021,EAST PROVIDENCE,RI,450-154P                 ,441 - Press Fittings                ,$172,$0,$172,,Direct
Legend,M & G SUPPLY,M & G SUPPLY #246600 - WARREN - 164436,WARREN,RI,450-154P                 ,441 - Press Fittings                ,$115,$0,$115,,Direct
Legend,THE PORTLAND GROUP,THE PORTLAND GROUP -RAYNHAM - AD#PG02 - RAYNHAM - 182939,RAYNHAM,MA,450-154P                 ,441 - Press Fittings                ,$98,$0,$98,,Direct
Legend,M & G SUPPLY,M & G SUPPLY #246600 - WARREN - 164436,WARREN,RI,450-155P                 ,441 - Press Fittings                ,$158,$39,$119,305.4%,Direct
Legend,THE PORTLAND GROUP,THE PORTLAND GROUP -RAYNHAM - AD#PG02 - RAYNHAM - 182939,RAYNHAM,MA,450-155P                 ,441 - Press Fittings                ,$361,$0,$361,,Direct
Legend,WINNELSON,WINSUPPLY WAKEFIELD MA CO (#016) - WAKEFIELD - 10038,WAKEFIELD,MA,450-155P                 ,441 - Press Fittings                ,$95,$0,$95,,Direct
Legend,M & G SUPPLY,M & G SUPPLY #246600 - WARREN - 164436,WARREN,RI,450-156                  ,440 - Wrot Copper                   ,$50,$0,$50,,Direct
Legend,M & G SUPPLY,M & G SUPPLY #246600 - EAST PROVIDENCE - 11021,EAST PROVIDENCE,RI,450-158P                 ,441 - Press Fittings                ,$85,$0,$85,,Direct
Legend,M & G SUPPLY,M & G SUPPLY #246600 - EAST PROVIDENCE - 11021,EAST PROVIDENCE,RI,450-206P                 ,441 - Press Fittings                ,$154,$0,$154,,Direct
Legend,M & G SUPPLY,M & G SUPPLY #246600 - WARREN - 164436,WARREN,RI,450-206P                 ,441 - Press Fittings                ,$77,$63,$15,23.4%,Direct
Legend,WINNELSON,BRANFORD WINNELSON CO (#075) - BRANFORD - 50111,BRANFORD,CT,450-208                  ,440 - Wrot Copper                   ,$34,$0,$34,,Direct
Legend,J.D.M. SUPPLY,J.D.M. SUPPLY - MAPLEVILLE - 15647,MAPLEVILLE,RI,450-208P                 ,441 - Press Fittings                ,$0,$82,($82),-100.0%,Direct
Legend,M & G SUPPLY,M & G SUPPLY #246600 - WARREN - 164436,WARREN,RI,450-208P                 ,441 - Press Fittings                ,$50,$0,$50,,Direct
Legend,THE PORTLAND GROUP,THE PORTLAND GROUP -RAYNHAM - AD#PG02 - RAYNHAM - 182939,RAYNHAM,MA,450-208P                 ,441 - Press Fittings                ,$430,$0,$430,,Direct
Legend,WINNELSON,WINSUPPLY WAKEFIELD MA CO (#016) - WAKEFIELD - 10038,WAKEFIELD,MA,450-208P                 ,441 - Press Fittings                ,$181,$0,$181,,Direct
Legend,WINNELSON,BRANFORD WINNELSON CO (#075) - BRANFORD - 50111,BRANFORD,CT,450-212                  ,440 - Wrot Copper                   ,$33,$0,$33,,Direct
Legend,M & G SUPPLY,M & G SUPPLY #246600 - WARREN - 164436,WARREN,RI,450-212P                 ,441 - Press Fittings                ,$120,$44,$75,170.2%,Direct
Legend,M & G SUPPLY,M & G SUPPLY #246600 - WARREN - 164436,WARREN,RI,450-215P                 ,441 - Press Fittings                ,$33,$0,$33,,Direct
Legend,M & G SUPPLY,M & G SUPPLY #246600 - EAST PROVIDENCE - 11021,EAST PROVIDENCE,RI,450-238P                 ,441 - Press Fittings                ,$41,$0,$41,,Direct
Legend,WINNELSON,BRANFORD WINNELSON CO (#075) - BRANFORD - 50111,BRANFORD,CT,450-250                  ,440 - Wrot Copper                   ,$0,$3,($3),-100.0%,Direct
Legend,WINNELSON,WINSUPPLY WAKEFIELD MA CO (#016) - WAKEFIELD - 10038,WAKEFIELD,MA,450-250P                 ,441 - Press Fittings                ,$38,$0,$38,,Direct
Legend,M & G SUPPLY,M & G SUPPLY #246600 - EAST PROVIDENCE - 11021,EAST PROVIDENCE,RI,450-251P                 ,441 - Press Fittings                ,$45,$0,$45,,Direct
Legend,M & G SUPPLY,M & G SUPPLY #246600 - WARREN - 164436,WARREN,RI,450-251P                 ,441 - Press Fittings                ,$45,$0,$45,,Direct
Legend,THE PORTLAND GROUP,THE PORTLAND GROUP - AD#PG02 - NORTH BILLERICA - 11320,NORTH BILLERICA,MA,450-251P                 ,441 - Press Fittings                ,$0,$661,($661),-100.0%,Direct
Legend,M & G SUPPLY,M & G SUPPLY #246600 - EAST PROVIDENCE - 11021,EAST PROVIDENCE,RI,450-373P                 ,441 - Press Fittings                ,$57,$0,$57,,Direct
Legend,M & G SUPPLY,M & G SUPPLY #246600 - WARREN - 164436,WARREN,RI,450-373P                 ,441 - Press Fittings                ,$114,$0,$114,,Direct
Legend,WINNELSON,WINSUPPLY WAKEFIELD MA CO (#016) - WAKEFIELD - 10038,WAKEFIELD,MA,450-376P                 ,441 - Press Fittings                ,$348,$0,$348,,Direct
Legend,M & G SUPPLY,M & G SUPPLY #246600 - EAST PROVIDENCE - 11021,EAST PROVIDENCE,RI,450-377P                 ,441 - Press Fittings                ,$96,$0,$96,,Direct
Legend,M & G SUPPLY,M & G SUPPLY #246600 - WARREN - 164436,WARREN,RI,450-377P                 ,441 - Press Fittings                ,$193,$0,$193,,Direct
Legend,M & G SUPPLY,M & G SUPPLY #246600 - EAST PROVIDENCE - 11021,EAST PROVIDENCE,RI,450-380P                 ,441 - Press Fittings                ,$99,$0,$99,,Direct
Legend,M & G SUPPLY,M & G SUPPLY #246600 - WARREN - 164436,WARREN,RI,450-380P                 ,441 - Press Fittings                ,$99,$0,$99,,Direct
Legend,M & G SUPPLY,M & G SUPPLY #246600 - EAST PROVIDENCE - 11021,EAST PROVIDENCE,RI,450-404P                 ,441 - Press Fittings                ,$129,$0,$129,,Direct
Legend,M & G SUPPLY,M & G SUPPLY #246600 - EAST PROVIDENCE - 11021,EAST PROVIDENCE,RI,450-420P                 ,441 - Press Fittings                ,$23,$0,$23,,Direct
Legend,M & G SUPPLY,M & G SUPPLY #246600 - WARREN - 164436,WARREN,RI,450-420P                 ,441 - Press Fittings                ,$0,$17,($17),-100.0%,Direct
Legend,PLIMPTON & HILLS,PLIMPTON & HILLS CORP -AD#PH46 - MANCHESTER - 178293,MANCHESTER,CT,450-420P                 ,441 - Press Fittings                ,"($1,223)",$0,"($1,223)",,Direct
Legend,WINNELSON,WINSUPPLY WAKEFIELD MA CO (#016) - WAKEFIELD - 10038,WAKEFIELD,MA,450-420P                 ,441 - Press Fittings                ,$41,$0,$41,,Direct
Legend,M & G SUPPLY,M & G SUPPLY #246600 - EAST PROVIDENCE - 11021,EAST PROVIDENCE,RI,450-425P                 ,441 - Press Fittings                ,$55,$0,$55,,Direct
Legend,M & G SUPPLY,M & G SUPPLY #246600 - WARREN - 164436,WARREN,RI,450-427P                 ,441 - Press Fittings                ,$36,$0,$36,,Direct
Legend,M & G SUPPLY,M & G SUPPLY #246600 - EAST PROVIDENCE - 11021,EAST PROVIDENCE,RI,450-431P                 ,441 - Press Fittings                ,$24,$0,$24,,Direct
Legend,AMESBURY INDUSTRIAL SUPPLY,AMESBURY INDUSTRIAL SUPPLY - AMESBURY - 12187,AMESBURY,MA,450-483P                 ,441 - Press Fittings                ,$0,$34,($34),-100.0%,Direct
Legend,DADDARIO HARDWARE INC,DADDARIO HARDWARE INC - FRANKLIN - 2117437,FRANKLIN,MA,450-483P                 ,441 - Press Fittings                ,$0,$36,($36),-100.0%,Direct
Legend,M & G SUPPLY,M & G SUPPLY #246600 - EAST PROVIDENCE - 11021,EAST PROVIDENCE,RI,450-483P                 ,441 - Press Fittings                ,$300,$0,$300,,Direct
Legend,M & G SUPPLY,M & G SUPPLY #246600 - WARREN - 164436,WARREN,RI,450-483P                 ,441 - Press Fittings                ,$262,$61,$202,332.0%,Direct
Legend,R.A. MANLEY & SONS,R.A. MANLEY & SONS - PALMER - 10963,PALMER,MA,450-483P                 ,441 - Press Fittings                ,$0,$34,($34),-100.0%,Direct
Legend,AMESBURY INDUSTRIAL SUPPLY,AMESBURY INDUSTRIAL SUPPLY - AMESBURY - 12187,AMESBURY,MA,450-484P                 ,441 - Press Fittings                ,$0,$58,($58),-100.0%,Direct
Legend,M & G SUPPLY,M & G SUPPLY #246600 - WARREN - 164436,WARREN,RI,450-484P                 ,441 - Press Fittings                ,$64,$52,$12,23.3%,Direct
Legend,M & G SUPPLY,M & G SUPPLY #246600 - WARREN - 164436,WARREN,RI,450-485P                 ,441 - Press Fittings                ,$99,$0,$99,,Direct
Legend,WINNELSON,BRANFORD WINNELSON CO (#075) - BRANFORD - 50111,BRANFORD,CT,450-486                  ,440 - Wrot Copper                   ,$0,$6,($6),-100.0%,Direct
Legend,M & G SUPPLY,M & G SUPPLY #246600 - WARREN - 164436,WARREN,RI,450-486P                 ,441 - Press Fittings                ,$36,$0,$36,,Direct
Legend,WINNELSON,WINSUPPLY WAKEFIELD MA CO (#016) - WAKEFIELD - 10038,WAKEFIELD,MA,450-488P                 ,441 - Press Fittings                ,$20,$0,$20,,Direct
Legend,WINNELSON,BRANFORD WINNELSON CO (#075) - BRANFORD - 50111,BRANFORD,CT,450-501                  ,440 - Wrot Copper                   ,$2,$0,$2,,Direct
Legend,AMESBURY INDUSTRIAL SUPPLY,AMESBURY INDUSTRIAL SUPPLY - AMESBURY - 12187,AMESBURY,MA,450-503P                 ,441 - Press Fittings                ,$0,$16,($16),-100.0%,Direct
Legend,M & G SUPPLY,M & G SUPPLY #246600 - EAST PROVIDENCE - 11021,EAST PROVIDENCE,RI,450-503P                 ,441 - Press Fittings                ,$290,$0,$290,,Direct
Legend,M & G SUPPLY,M & G SUPPLY #246600 - WARREN - 164436,WARREN,RI,450-503P                 ,441 - Press Fittings                ,$116,$0,$116,,Direct
Legend,R.A. MANLEY & SONS,R.A. MANLEY & SONS - PALMER - 10963,PALMER,MA,450-503P                 ,441 - Press Fittings                ,$0,$32,($32),-100.0%,Direct
Legend,THE PORTLAND GROUP,THE PORTLAND GROUP -RAYNHAM - AD#PG02 - RAYNHAM - 182939,RAYNHAM,MA,450-503P                 ,441 - Press Fittings                ,$166,$0,$166,,Direct
Legend,WINNELSON,WINSUPPLY WAKEFIELD MA CO (#016) - WAKEFIELD - 10038,WAKEFIELD,MA,450-503P                 ,441 - Press Fittings                ,$577,$0,$577,,Direct
Legend,M & G SUPPLY,M & G SUPPLY #246600 - EAST PROVIDENCE - 11021,EAST PROVIDENCE,RI,450-504P                 ,441 - Press Fittings                ,$351,$0,$351,,Direct
Legend,M & G SUPPLY,M & G SUPPLY #246600 - WARREN - 164436,WARREN,RI,450-504P                 ,441 - Press Fittings                ,$146,$0,$146,,Direct
Legend,R.A. MANLEY & SONS,R.A. MANLEY & SONS - PALMER - 10963,PALMER,MA,450-504P                 ,441 - Press Fittings                ,$0,$24,($24),-100.0%,Direct
Legend,THE PORTLAND GROUP,THE PORTLAND GROUP -RAYNHAM - AD#PG02 - RAYNHAM - 182939,RAYNHAM,MA,450-504P                 ,441 - Press Fittings                ,$125,$0,$125,,Direct
Legend,WINNELSON,WINSUPPLY WAKEFIELD MA CO (#016) - WAKEFIELD - 10038,WAKEFIELD,MA,450-504P                 ,441 - Press Fittings                ,$687,$0,$687,,Direct
Legend,M & G SUPPLY,M & G SUPPLY #246600 - EAST PROVIDENCE - 11021,EAST PROVIDENCE,RI,450-505P                 ,441 - Press Fittings                ,$176,$0,$176,,Direct
Legend,M & G SUPPLY,M & G SUPPLY #246600 - WARREN - 164436,WARREN,RI,450-505P                 ,441 - Press Fittings                ,$147,$87,$60,69.0%,Direct
Legend,THE PORTLAND GROUP,THE PORTLAND GROUP -RAYNHAM - AD#PG02 - RAYNHAM - 182939,RAYNHAM,MA,450-505P                 ,441 - Press Fittings                ,$202,$0,$202,,Direct
Legend,WINNELSON,WINSUPPLY WAKEFIELD MA CO (#016) - WAKEFIELD - 10038,WAKEFIELD,MA,450-505P                 ,441 - Press Fittings                ,$212,$0,$212,,Direct
Legend,AMESBURY INDUSTRIAL SUPPLY,AMESBURY INDUSTRIAL SUPPLY - AMESBURY - 12187,AMESBURY,MA,450-506P                 ,441 - Press Fittings                ,$0,$50,($50),-100.0%,Direct
Legend,M & G SUPPLY,M & G SUPPLY #246600 - EAST PROVIDENCE - 11021,EAST PROVIDENCE,RI,450-529                  ,440 - Wrot Copper                   ,$40,$0,$40,,Direct
Legend,M & G SUPPLY,M & G SUPPLY #246600 - EAST PROVIDENCE - 11021,EAST PROVIDENCE,RI,450-529P                 ,441 - Press Fittings                ,$177,$0,$177,,Direct
Legend,M & G SUPPLY,M & G SUPPLY #246600 - WARREN - 164436,WARREN,RI,450-529P                 ,441 - Press Fittings                ,$89,$0,$89,,Direct
Legend,M & G SUPPLY,M & G SUPPLY #246600 - EAST PROVIDENCE - 11021,EAST PROVIDENCE,RI,450-533                  ,440 - Wrot Copper                   ,$29,$0,$29,,Direct
Legend,WINNELSON,WINSUPPLY WAKEFIELD MA CO (#016) - WAKEFIELD - 10038,WAKEFIELD,MA,450-533P                 ,441 - Press Fittings                ,$94,$0,$94,,Direct
Legend,M & G SUPPLY,M & G SUPPLY #246600 - WARREN - 164436,WARREN,RI,450-537P                 ,441 - Press Fittings                ,$31,$0,$31,,Direct
Legend,WINNELSON,WINSUPPLY WAKEFIELD MA CO (#016) - WAKEFIELD - 10038,WAKEFIELD,MA,450-537P                 ,441 - Press Fittings                ,$14,$0,$14,,Direct
Legend,M & G SUPPLY,M & G SUPPLY #246600 - WARREN - 164436,WARREN,RI,450-542P                 ,441 - Press Fittings                ,$46,$0,$46,,Direct
Legend,J.D.M. SUPPLY,J.D.M. SUPPLY - MAPLEVILLE - 15647,MAPLEVILLE,RI,450-554                  ,440 - Wrot Copper                   ,$0,$59,($59),-100.0%,Direct
Legend,"SEEKONK SUPPLY, INC","SEEKONK SUPPLY, INC - #106780 - PROVIDENCE - 176778",PROVIDENCE,MA,450-573                  ,440 - Wrot Copper                   ,$110,$0,$110,,Direct
Legend,"SEEKONK SUPPLY, INC","SEEKONK SUPPLY, INC. - #106780 - REHOBOTH - 2118882",REHOBOTH,MA,450-573                  ,440 - Wrot Copper                   ,$0,$79,($79),-100.0%,Direct
Legend,M & G SUPPLY,M & G SUPPLY #246600 - EAST PROVIDENCE - 11021,EAST PROVIDENCE,RI,450-583                  ,440 - Wrot Copper                   ,$15,$0,$15,,Direct
Legend,M & G SUPPLY,M & G SUPPLY #246600 - WARREN - 164436,WARREN,RI,450-583                  ,440 - Wrot Copper                   ,$15,$0,$15,,Direct
Legend,WINNELSON,BRANFORD WINNELSON CO (#075) - BRANFORD - 50111,BRANFORD,CT,450-583                  ,440 - Wrot Copper                   ,$3,$0,$3,,Direct
Legend,J.D.M. SUPPLY,J.D.M. SUPPLY - MAPLEVILLE - 15647,MAPLEVILLE,RI,450-583P                 ,441 - Press Fittings                ,$0,$79,($79),-100.0%,Direct
Legend,M & G SUPPLY,M & G SUPPLY #246600 - EAST PROVIDENCE - 11021,EAST PROVIDENCE,RI,450-583P                 ,441 - Press Fittings                ,$336,$0,$336,,Direct
Legend,M & G SUPPLY,M & G SUPPLY #246600 - WARREN - 164436,WARREN,RI,450-583P                 ,441 - Press Fittings                ,$96,$177,($81),-45.9%,Direct
Legend,M & G SUPPLY,M & G SUPPLY #246600 - EAST PROVIDENCE - 11021,EAST PROVIDENCE,RI,450-584P                 ,441 - Press Fittings                ,$252,$0,$252,,Direct
Legend,M & G SUPPLY,M & G SUPPLY #246600 - WARREN - 164436,WARREN,RI,450-584P                 ,441 - Press Fittings                ,$315,$47,$268,575.5%,Direct
Legend,WINNELSON,WINSUPPLY WAKEFIELD MA CO (#016) - WAKEFIELD - 10038,WAKEFIELD,MA,450-584P                 ,441 - Press Fittings                ,$227,$0,$227,,Direct
Legend,M & G SUPPLY,M & G SUPPLY #246600 - WARREN - 164436,WARREN,RI,450-585P                 ,441 - Press Fittings                ,$80,$30,$50,170.3%,Direct
Legend,WINNELSON,WINSUPPLY WAKEFIELD MA CO (#016) - WAKEFIELD - 10038,WAKEFIELD,MA,450-585P                 ,441 - Press Fittings                ,$72,$0,$72,,Direct
Legend,J.D.M. SUPPLY,J.D.M. SUPPLY - MAPLEVILLE - 15647,MAPLEVILLE,RI,450-586P                 ,441 - Press Fittings                ,$0,$61,($61),-100.0%,Direct
Legend,M & G SUPPLY,M & G SUPPLY #246600 - WARREN - 164436,WARREN,RI,450-586P                 ,441 - Press Fittings                ,$37,$0,$37,,Direct
Legend,M & G SUPPLY,M & G SUPPLY #246600 - WARREN - 164436,WARREN,RI,450-588P                 ,441 - Press Fittings                ,$0,$32,($32),-100.0%,Direct
Legend,WINNELSON,WINSUPPLY WAKEFIELD MA CO (#016) - WAKEFIELD - 10038,WAKEFIELD,MA,450-684P                 ,441 - Press Fittings                ,"$1,797",$0,"$1,797",,Direct
Legend,AMESBURY INDUSTRIAL SUPPLY,AMESBURY INDUSTRIAL SUPPLY - AMESBURY - 12187,AMESBURY,MA,450-703P                 ,441 - Press Fittings                ,$0,$20,($20),-100.0%,Direct
Legend,M & G SUPPLY,M & G SUPPLY #246600 - EAST PROVIDENCE - 11021,EAST PROVIDENCE,RI,450-703P                 ,441 - Press Fittings                ,$248,$0,$248,,Direct
Legend,M & G SUPPLY,M & G SUPPLY #246600 - WARREN - 164436,WARREN,RI,450-703P                 ,441 - Press Fittings                ,$155,$0,$155,,Direct
Legend,M & G SUPPLY,M & G SUPPLY #246600 - EAST PROVIDENCE - 11021,EAST PROVIDENCE,RI,450-704P                 ,441 - Press Fittings                ,$145,$0,$145,,Direct
Legend,R.A. MANLEY & SONS,R.A. MANLEY & SONS - PALMER - 10963,PALMER,MA,450-704P                 ,441 - Press Fittings                ,$0,$40,($40),-100.0%,Direct
Legend,THE PORTLAND GROUP,THE PORTLAND GROUP -MIDDLETOWN - AD#PG02 - MIDDLETOWN - 179339,MIDDLETOWN,MA,450-704P                 ,441 - Press Fittings                ,$0,$39,($39),-100.0%,Direct
Legend,M & G SUPPLY,M & G SUPPLY #246600 - EAST PROVIDENCE - 11021,EAST PROVIDENCE,RI,450-705P                 ,441 - Press Fittings                ,$92,$0,$92,,Direct
Legend,M & G SUPPLY,M & G SUPPLY #246600 - WARREN - 164436,WARREN,RI,450-705P                 ,441 - Press Fittings                ,$139,$0,$139,,Direct
Legend,R.A. MANLEY & SONS,R.A. MANLEY & SONS - PALMER - 10963,PALMER,MA,450-705P                 ,441 - Press Fittings                ,$0,$38,($38),-100.0%,Direct
Legend,WINNELSON,WINSUPPLY WAKEFIELD MA CO (#016) - WAKEFIELD - 10038,WAKEFIELD,MA,450-706P                 ,441 - Press Fittings                ,$96,$0,$96,,Direct
Legend,WINNELSON,BRANFORD WINNELSON CO (#075) - BRANFORD - 50111,BRANFORD,CT,450-707                  ,440 - Wrot Copper                   ,$0,$16,($16),-100.0%,Direct
Legend,M & G SUPPLY,M & G SUPPLY #246600 - EAST PROVIDENCE - 11021,EAST PROVIDENCE,RI,450-708                  ,440 - Wrot Copper                   ,$19,$0,$19,,Direct
Legend,M & G SUPPLY,M & G SUPPLY #246600 - EAST PROVIDENCE - 11021,EAST PROVIDENCE,RI,450-726P                 ,441 - Press Fittings                ,$394,$0,$394,,Direct
Legend,M & G SUPPLY,M & G SUPPLY #246600 - WARREN - 164436,WARREN,RI,450-726P                 ,441 - Press Fittings                ,$131,$97,$34,35.1%,Direct
Legend,J.D.M. SUPPLY,J.D.M. SUPPLY - MAPLEVILLE - 15647,MAPLEVILLE,RI,450-731P                 ,441 - Press Fittings                ,$0,$39,($39),-100.0%,Direct
Legend,M & G SUPPLY,M & G SUPPLY #246600 - WARREN - 164436,WARREN,RI,450-731P                 ,441 - Press Fittings                ,$0,$36,($36),-100.0%,Direct
Legend,AMESBURY INDUSTRIAL SUPPLY,AMESBURY INDUSTRIAL SUPPLY - AMESBURY - 12187,AMESBURY,MA,450-753P                 ,441 - Press Fittings                ,$0,$20,($20),-100.0%,Direct
Legend,M & G SUPPLY,M & G SUPPLY #246600 - EAST PROVIDENCE - 11021,EAST PROVIDENCE,RI,450-753P                 ,441 - Press Fittings                ,$99,$0,$99,,Direct
Legend,R.A. MANLEY & SONS,R.A. MANLEY & SONS - PALMER - 10963,PALMER,MA,450-753P                 ,441 - Press Fittings                ,$0,$41,($41),-100.0%,Direct
Legend,M & G SUPPLY,M & G SUPPLY #246600 - EAST PROVIDENCE - 11021,EAST PROVIDENCE,RI,450-754P                 ,441 - Press Fittings                ,$178,$0,$178,,Direct
Legend,M & G SUPPLY,M & G SUPPLY #246600 - WARREN - 164436,WARREN,RI,450-754P                 ,441 - Press Fittings                ,$134,$0,$134,,Direct
Legend,WINNELSON,WINSUPPLY WAKEFIELD MA CO (#016) - WAKEFIELD - 10038,WAKEFIELD,MA,450-754P                 ,441 - Press Fittings                ,"$1,486",$0,"$1,486",,Direct
Legend,M & G SUPPLY,M & G SUPPLY #246600 - EAST PROVIDENCE - 11021,EAST PROVIDENCE,RI,450-755P                 ,441 - Press Fittings                ,$249,$0,$249,,Direct
Legend,M & G SUPPLY,M & G SUPPLY #246600 - WARREN - 164436,WARREN,RI,450-755P                 ,441 - Press Fittings                ,$83,$62,$22,35.1%,Direct
Legend,R.A. MANLEY & SONS,R.A. MANLEY & SONS - PALMER - 10963,PALMER,MA,450-755P                 ,441 - Press Fittings                ,$0,$68,($68),-100.0%,Direct
Legend,WINNELSON,WINSUPPLY WAKEFIELD MA CO (#016) - WAKEFIELD - 10038,WAKEFIELD,MA,450-755P                 ,441 - Press Fittings                ,$300,$0,$300,,Direct
Legend,M & G SUPPLY,M & G SUPPLY #246600 - EAST PROVIDENCE - 11021,EAST PROVIDENCE,RI,450-756P                 ,441 - Press Fittings                ,$178,$0,$178,,Direct
Legend,M & G SUPPLY,M & G SUPPLY #246600 - WARREN - 164436,WARREN,RI,450-756P                 ,441 - Press Fittings                ,$178,$0,$178,,Direct
Legend,M & G SUPPLY,M & G SUPPLY #246600 - EAST PROVIDENCE - 11021,EAST PROVIDENCE,RI,450-757P                 ,441 - Press Fittings                ,$50,$0,$50,,Direct
Legend,M & G SUPPLY,M & G SUPPLY #246600 - WARREN - 164436,WARREN,RI,450-757P                 ,441 - Press Fittings                ,$125,$0,$125,,Direct
Legend,M & G SUPPLY,M & G SUPPLY #246600 - WARREN - 164436,WARREN,RI,450-758P                 ,441 - Press Fittings                ,$192,$0,$192,,Direct
Legend,M & G SUPPLY,M & G SUPPLY #246600 - EAST PROVIDENCE - 11021,EAST PROVIDENCE,RI,450-780P                 ,441 - Press Fittings                ,$104,$0,$104,,Direct
Legend,J.D.M. SUPPLY,J.D.M. SUPPLY - MAPLEVILLE - 15647,MAPLEVILLE,RI,450-784P                 ,441 - Press Fittings                ,$0,$45,($45),-100.0%,Direct
Legend,WINNELSON,BRANFORD WINNELSON CO (#075) - BRANFORD - 50111,BRANFORD,CT,450-787                  ,440 - Wrot Copper                   ,$0,$83,($83),-100.0%,Direct
Legend,WINNELSON,BRANFORD WINNELSON CO (#075) - BRANFORD - 50111,BRANFORD,CT,450-788                  ,440 - Wrot Copper                   ,$0,$27,($27),-100.0%,Direct
Legend,M & G SUPPLY,M & G SUPPLY #246600 - WARREN - 164436,WARREN,RI,450-792P                 ,441 - Press Fittings                ,$21,$0,$21,,Direct
Legend,"SEEKONK SUPPLY, INC","SEEKONK SUPPLY, INC - #106780 - FALL RIVER - 11378",FALL RIVER,MA,450-800P                 ,441 - Press Fittings                ,$0,$26,($26),-100.0%,Direct
Legend,"SEEKONK SUPPLY, INC","SEEKONK SUPPLY, INC. - #106780 - ATTLEBORO FALLS - 183219",ATTLEBORO FALLS,MA,450-800P                 ,441 - Press Fittings                ,$0,$26,($26),-100.0%,Direct
Legend,"SEEKONK SUPPLY, INC","SEEKONK SUPPLY, INC. - #106780 - BRIDGEWATER - 308451",BRIDGEWATER,MA,450-800P                 ,441 - Press Fittings                ,$0,$26,($26),-100.0%,Direct
Legend,"SEEKONK SUPPLY, INC","SEEKONK SUPPLY, INC - #106780 - FALL RIVER - 11378",FALL RIVER,MA,450-801P                 ,441 - Press Fittings                ,$0,$40,($40),-100.0%,Direct
Legend,"SEEKONK SUPPLY, INC","SEEKONK SUPPLY, INC. - #106780 - ATTLEBORO FALLS - 183219",ATTLEBORO FALLS,MA,450-801P                 ,441 - Press Fittings                ,$0,$40,($40),-100.0%,Direct
Legend,M & G SUPPLY,M & G SUPPLY #246600 - EAST PROVIDENCE - 11021,EAST PROVIDENCE,RI,450-803P                 ,441 - Press Fittings                ,$106,$0,$106,,Direct
Legend,M & G SUPPLY,M & G SUPPLY #246600 - WARREN - 164436,WARREN,RI,450-803P                 ,441 - Press Fittings                ,$106,$0,$106,,Direct
Legend,M & G SUPPLY,M & G SUPPLY #246600 - EAST PROVIDENCE - 11021,EAST PROVIDENCE,RI,450-813P                 ,441 - Press Fittings                ,$155,$0,$155,,Direct
Legend,M & G SUPPLY,M & G SUPPLY #246600 - WARREN - 164436,WARREN,RI,450-814P                 ,441 - Press Fittings                ,$63,$0,$63,,Direct
Legend,"SEEKONK SUPPLY, INC","SEEKONK SUPPLY, INC - #106780 - PROVIDENCE - 176778",PROVIDENCE,MA,450-823                  ,440 - Wrot Copper                   ,$39,$0,$39,,Direct
Legend,BENDER SUPPLY,"BENDER MANAGEMENT, INC. AD#BE81 - BRIDGEPORT - 11949",BRIDGEPORT,CT,450-853P                 ,441 - Press Fittings                ,$0,$163,($163),-100.0%,Direct
Legend,BENDER SUPPLY,"BENDER MANAGEMENT, INC. AD#BE81 - HARTFORD - 16146",HARTFORD,CT,450-853P                 ,441 - Press Fittings                ,$0,$245,($245),-100.0%,Direct
Legend,BENDER SUPPLY,"BENDER MANAGEMENT, INC. AD#BE81 - NEW HAVEN - 15530",NEW HAVEN,CT,450-853P                 ,441 - Press Fittings                ,$0,$245,($245),-100.0%,Direct
Legend,BENDER SUPPLY,"BENDER MANAGEMENT, INC. AD#BE81 - WATERBURY - 13933",WATERBURY,CT,450-853P                 ,441 - Press Fittings                ,$302,$898,($596),-66.3%,Direct
Legend,M & G SUPPLY,M & G SUPPLY #246600 - EAST PROVIDENCE - 11021,EAST PROVIDENCE,RI,450-853P                 ,441 - Press Fittings                ,$336,$0,$336,,Direct
Legend,M & G SUPPLY,M & G SUPPLY #246600 - WARREN - 164436,WARREN,RI,450-853P                 ,441 - Press Fittings                ,$202,$272,($71),-26.0%,Direct
Legend,SMITHFIELD PLUMBING & HEATING,SMITHFIELD PLUMBING & HEATING #104860 - GREENVILLE - 11383,GREENVILLE,RI,450-853P                 ,441 - Press Fittings                ,$558,$664,($105),-15.9%,Direct
Legend,SMITHFIELD PLUMBING & HEATING,SMITHFIELD PLUMBING & HEATING #104860 - TWIN MOUNTAIN - 179862,TWIN MOUNTAIN,RI,450-853P                 ,441 - Press Fittings                ,$223,$362,($139),-38.3%,Direct
Legend,BENDER SUPPLY,"BENDER MANAGEMENT, INC. AD#BE81 - BRIDGEPORT - 11949",BRIDGEPORT,CT,450-854P                 ,441 - Press Fittings                ,$0,$209,($209),-100.0%,Direct
Legend,BENDER SUPPLY,"BENDER MANAGEMENT, INC. AD#BE81 - HARTFORD - 16146",HARTFORD,CT,450-854P                 ,441 - Press Fittings                ,$0,$522,($522),-100.0%,Direct
Legend,BENDER SUPPLY,"BENDER MANAGEMENT, INC. AD#BE81 - NEW HAVEN - 15530",NEW HAVEN,CT,450-854P                 ,441 - Press Fittings                ,$515,$522,($7),-1.3%,Direct
Legend,BENDER SUPPLY,"BENDER MANAGEMENT, INC. AD#BE81 - WATERBURY - 13933",WATERBURY,CT,450-854P                 ,441 - Press Fittings                ,$773,$627,$146,23.3%,Direct
Legend,M & G SUPPLY,M & G SUPPLY #246600 - EAST PROVIDENCE - 11021,EAST PROVIDENCE,RI,450-854P                 ,441 - Press Fittings                ,$258,$0,$258,,Direct
Legend,M & G SUPPLY,M & G SUPPLY #246600 - WARREN - 164436,WARREN,RI,450-854P                 ,441 - Press Fittings                ,$0,$418,($418),-100.0%,Direct
Legend,SMITHFIELD PLUMBING & HEATING,SMITHFIELD PLUMBING & HEATING #104860 - GREENVILLE - 11383,GREENVILLE,RI,450-854P                 ,441 - Press Fittings                ,$400,$694,($295),-42.4%,Direct
Legend,SMITHFIELD PLUMBING & HEATING,SMITHFIELD PLUMBING & HEATING #104860 - TWIN MOUNTAIN - 179862,TWIN MOUNTAIN,RI,450-854P                 ,441 - Press Fittings                ,$285,$694,($409),-58.9%,Direct
Legend,BENDER SUPPLY,"BENDER MANAGEMENT, INC. AD#BE81 - BRIDGEPORT - 11949",BRIDGEPORT,CT,450-855P                 ,441 - Press Fittings                ,$0,$179,($179),-100.0%,Direct
Legend,BENDER SUPPLY,"BENDER MANAGEMENT, INC. AD#BE81 - NEW HAVEN - 15530",NEW HAVEN,CT,450-855P                 ,441 - Press Fittings                ,$0,$179,($179),-100.0%,Direct
Legend,M & G SUPPLY,M & G SUPPLY #246600 - EAST PROVIDENCE - 11021,EAST PROVIDENCE,RI,450-855P                 ,441 - Press Fittings                ,$147,$0,$147,,Direct
Legend,SMITHFIELD PLUMBING & HEATING,SMITHFIELD PLUMBING & HEATING #104860 - TWIN MOUNTAIN - 179862,TWIN MOUNTAIN,RI,450-855P                 ,441 - Press Fittings                ,$0,$132,($132),-100.0%,Direct
Legend,BENDER SUPPLY,"BENDER MANAGEMENT, INC. AD#BE81 - BRIDGEPORT - 11949",BRIDGEPORT,CT,450-863P                 ,441 - Press Fittings                ,$0,$208,($208),-100.0%,Direct
Legend,BENDER SUPPLY,"BENDER MANAGEMENT, INC. AD#BE81 - NEW HAVEN - 15530",NEW HAVEN,CT,450-863P                 ,441 - Press Fittings                ,$257,$313,($56),-17.8%,Direct
Legend,BENDER SUPPLY,"BENDER MANAGEMENT, INC. AD#BE81 - WATERBURY - 13933",WATERBURY,CT,450-863P                 ,441 - Press Fittings                ,$257,$208,$49,23.3%,Direct
Legend,F.W. WEBB,F.W. WEBB - LOWELL - LOWELL - 11664,LOWELL,MA,450-863P                 ,441 - Press Fittings                ,$0,"$1,924","($1,924)",-100.0%,Direct
Legend,"SEEKONK SUPPLY, INC","SEEKONK SUPPLY, INC - #106780 - PROVIDENCE - 176778",PROVIDENCE,MA,450-863P                 ,441 - Press Fittings                ,$81,$0,$81,,Direct
Legend,THE PORTLAND GROUP,THE PORTLAND GROUP - AD#PG02 - NORTH BILLERICA - 11320,NORTH BILLERICA,MA,450-863P                 ,441 - Press Fittings                ,"$2,512",$0,"$2,512",,Direct
Legend,THE PORTLAND GROUP,THE PORTLAND GROUP -FRAMINGHAM - AD#PG02 - WORCESTER - 243231,WORCESTER,MA,450-863P                 ,441 - Press Fittings                ,$0,$260,($260),-100.0%,Direct
Legend,THE PORTLAND GROUP,THE PORTLAND GROUP -MEDFORD - AD#PG02 - MEDFORD - 14873,MEDFORD,MA,450-863P                 ,441 - Press Fittings                ,$0,$313,($313),-100.0%,Direct
Legend,THE PORTLAND GROUP,THE PORTLAND GROUP -MIDDLETOWN - AD#PG02 - MIDDLETOWN - 179339,MIDDLETOWN,MA,450-863P                 ,441 - Press Fittings                ,$0,$501,($501),-100.0%,Direct
Legend,BENDER SUPPLY,"BENDER MANAGEMENT, INC. AD#BE81 - BRIDGEPORT - 11949",BRIDGEPORT,CT,450-864P                 ,441 - Press Fittings                ,$0,$261,($261),-100.0%,Direct
Legend,BENDER SUPPLY,"BENDER MANAGEMENT, INC. AD#BE81 - NEW HAVEN - 15530",NEW HAVEN,CT,450-864P                 ,441 - Press Fittings                ,$0,$261,($261),-100.0%,Direct
Legend,BENDER SUPPLY,"BENDER MANAGEMENT, INC. AD#BE81 - WATERBURY - 13933",WATERBURY,CT,450-864P                 ,441 - Press Fittings                ,$964,$261,$704,270.1%,Direct
Legend,"SEEKONK SUPPLY, INC","SEEKONK SUPPLY, INC - #106780 - PROVIDENCE - 176778",PROVIDENCE,MA,450-864P                 ,441 - Press Fittings                ,$122,$27,$95,345.3%,Direct
Legend,THE PORTLAND GROUP,THE PORTLAND GROUP - AD#PG02 - NORTH BILLERICA - 11320,NORTH BILLERICA,MA,450-864P                 ,441 - Press Fittings                ,$580,$0,$580,,Direct
Legend,THE PORTLAND GROUP,THE PORTLAND GROUP -MEDFORD - AD#PG02 - MEDFORD - 14873,MEDFORD,MA,450-864P                 ,441 - Press Fittings                ,$0,$470,($470),-100.0%,Direct
Legend,BENDER SUPPLY,"BENDER MANAGEMENT, INC. AD#BE81 - WATERBURY - 13933",WATERBURY,CT,450-865P                 ,441 - Press Fittings                ,$0,$509,($509),-100.0%,Direct
Legend,THE PORTLAND GROUP,THE PORTLAND GROUP - AD#PG02 - NORTH BILLERICA - 11320,NORTH BILLERICA,MA,450-865P                 ,441 - Press Fittings                ,$472,$0,$472,,Direct
Legend,THE PORTLAND GROUP,THE PORTLAND GROUP -FRAMINGHAM - AD#PG02 - WORCESTER - 243231,WORCESTER,MA,450-865P                 ,441 - Press Fittings                ,$0,$146,($146),-100.0%,Direct
Legend,THE PORTLAND GROUP,THE PORTLAND GROUP -MEDFORD - AD#PG02 - MEDFORD - 14873,MEDFORD,MA,450-865P                 ,441 - Press Fittings                ,$0,$77,($77),-100.0%,Direct
Legend,THE PORTLAND GROUP,THE PORTLAND GROUP -RAYNHAM - AD#PG02 - RAYNHAM - 182939,RAYNHAM,MA,450-865P                 ,441 - Press Fittings                ,$95,$0,$95,,Direct
Legend,BOURNEUF CORP - #233100,BOURNEUF CORP - #233100 - LYNN - 14010,LYNN,MA,450-866P                 ,441 - Press Fittings                ,$0,$192,($192),-100.0%,Direct
Legend,THE PORTLAND GROUP,THE PORTLAND GROUP - AD#PG02 - NORTH BILLERICA - 11320,NORTH BILLERICA,MA,450-866P                 ,441 - Press Fittings                ,$483,$0,$483,,Direct
Legend,M & G SUPPLY,M & G SUPPLY #246600 - EAST PROVIDENCE - 11021,EAST PROVIDENCE,RI,450-899P                 ,441 - Press Fittings                ,$70,$0,$70,,Direct
Legend,M & G SUPPLY,M & G SUPPLY #246600 - WARREN - 164436,WARREN,RI,450-899P                 ,441 - Press Fittings                ,$211,$0,$211,,Direct
Legend,"SEEKONK SUPPLY, INC","SEEKONK SUPPLY, INC - #106780 - FALL RIVER - 11378",FALL RIVER,MA,450-903P                 ,441 - Press Fittings                ,$0,$45,($45),-100.0%,Direct
Legend,SMITHFIELD PLUMBING & HEATING,SMITHFIELD PLUMBING & HEATING #104860 - GREENVILLE - 11383,GREENVILLE,RI,450-903P                 ,441 - Press Fittings                ,$59,$0,$59,,Direct
Legend,BETTS PLUMBING & HEATING SUPPLY #257200,BETTS PLUMBING & HEATING SUPPLY #257200 - WESTFIELD - 211651,WESTFIELD,MA,456-003NL                ,332 - Push Fits                     ,$0,$271,($271),-100.0%,Direct
Legend,WINNELSON,WINSUPPLY - FALL RIVER-#068 - FALL RIVER - 15001,FALL RIVER,MA,456-004NL                ,332 - Push Fits                     ,$0,$39,($39),-100.0%,Direct
Legend,BETTS PLUMBING & HEATING SUPPLY #257200,BETTS PLUMBING & HEATING SUPPLY #257200 - WESTFIELD - 211651,WESTFIELD,MA,456-005NL                ,332 - Push Fits                     ,$0,$86,($86),-100.0%,Direct
Legend,SMITHFIELD PLUMBING & HEATING,SMITHFIELD PLUMBING & HEATING #104860 - GREENVILLE - 11383,GREENVILLE,RI,456-155NL                ,332 - Push Fits                     ,$45,$0,$45,,Direct
Legend,M & G SUPPLY,M & G SUPPLY #246600 - WARREN - 164436,WARREN,RI,456-804NL                ,332 - Push Fits                     ,$18,$0,$18,,Direct
Legend,BETTS PLUMBING & HEATING SUPPLY #257200,BETTS PLUMBING & HEATING SUPPLY #257200 - WESTFIELD - 211651,WESTFIELD,MA,457-053                  ,334 - ClearLOC                      ,$0,$18,($18),-100.0%,Direct
Legend,BETTS PLUMBING & HEATING SUPPLY #257200,BETTS PLUMBING & HEATING SUPPLY #257200 - WESTFIELD - 211651,WESTFIELD,MA,457-483                  ,334 - ClearLOC                      ,$5,$0,$5,,Direct
Legend,BETTS PLUMBING & HEATING SUPPLY #257200,BETTS PLUMBING & HEATING SUPPLY #257200 - WESTFIELD - 211651,WESTFIELD,MA,457-484                  ,334 - ClearLOC                      ,$15,$0,$15,,Direct
Legend,BETTS PLUMBING & HEATING SUPPLY #257200,BETTS PLUMBING & HEATING SUPPLY #257200 - WESTFIELD - 211651,WESTFIELD,MA,457-523                  ,334 - ClearLOC                      ,$0,$30,($30),-100.0%,Direct
Legend,BETTS PLUMBING & HEATING SUPPLY #257200,BETTS PLUMBING & HEATING SUPPLY #257200 - WESTFIELD - 211651,WESTFIELD,MA,457-525                  ,334 - ClearLOC                      ,$28,$0,$28,,Direct
Legend,BETTS PLUMBING & HEATING SUPPLY #257200,BETTS PLUMBING & HEATING SUPPLY #257200 - WESTFIELD - 211651,WESTFIELD,MA,457-703                  ,334 - ClearLOC                      ,$0,$9,($9),-100.0%,Direct
Legend,BETTS PLUMBING & HEATING SUPPLY #257200,BETTS PLUMBING & HEATING SUPPLY #257200 - WESTFIELD - 211651,WESTFIELD,MA,457-705                  ,334 - ClearLOC                      ,$17,$0,$17,,Direct
Legend,BETTS PLUMBING & HEATING SUPPLY #257200,BETTS PLUMBING & HEATING SUPPLY #257200 - WESTFIELD - 211651,WESTFIELD,MA,457-755                  ,334 - ClearLOC                      ,$0,$19,($19),-100.0%,Direct
Legend,BETTS PLUMBING & HEATING SUPPLY #257200,BETTS PLUMBING & HEATING SUPPLY #257200 - WESTFIELD - 211651,WESTFIELD,MA,460-004NL                ,414 - Brass PEX Fittings            ,$52,$0,$52,,Direct
Legend,WINNELSON,WINSUPPLY WORCESTER MA CO (#089) - AUBURN - 11695,AUBURN,MA,460-004NL                ,414 - Brass PEX Fittings            ,$229,$0,$229,,Direct
Legend,SMITHFIELD PLUMBING & HEATING,SMITHFIELD PLUMBING & HEATING #104860 - TWIN MOUNTAIN - 179862,TWIN MOUNTAIN,RI,460-006NL                ,414 - Brass PEX Fittings            ,$0,$94,($94),-100.0%,Direct
Legend,BETTS PLUMBING & HEATING SUPPLY #257200,BETTS PLUMBING & HEATING SUPPLY #257200 - WESTFIELD - 211651,WESTFIELD,MA,460-136NL                ,414 - Brass PEX Fittings            ,$10,$0,$10,,Direct
Legend,"SEEKONK SUPPLY, INC","SEEKONK SUPPLY, INC - #106780 - FALL RIVER - 11378",FALL RIVER,MA,460-137NL                ,414 - Brass PEX Fittings            ,$0,$28,($28),-100.0%,Direct
Legend,"SEEKONK SUPPLY, INC","SEEKONK SUPPLY, INC - #106780 - PROVIDENCE - 176778",PROVIDENCE,MA,460-137NL                ,414 - Brass PEX Fittings            ,$74,$0,$74,,Direct
Legend,"SEEKONK SUPPLY, INC","SEEKONK SUPPLY, INC. - #106780 - ATTLEBORO FALLS - 183219",ATTLEBORO FALLS,MA,460-137NL                ,414 - Brass PEX Fittings            ,$0,$28,($28),-100.0%,Direct
Legend,BETTS PLUMBING & HEATING SUPPLY #257200,BETTS PLUMBING & HEATING SUPPLY #257200 - WESTFIELD - 211651,WESTFIELD,MA,460-504NL                ,414 - Brass PEX Fittings            ,$30,$0,$30,,Direct
Legend,BETTS PLUMBING & HEATING SUPPLY #257200,BETTS PLUMBING & HEATING SUPPLY #257200 - WESTFIELD - 211651,WESTFIELD,MA,460-505NL                ,414 - Brass PEX Fittings            ,$0,$18,($18),-100.0%,Direct
Legend,BETTS PLUMBING & HEATING SUPPLY #257200,BETTS PLUMBING & HEATING SUPPLY #257200 - WESTFIELD - 211651,WESTFIELD,MA,460-613NL                ,414 - Brass PEX Fittings            ,$0,$8,($8),-100.0%,Direct
Legend,BETTS PLUMBING & HEATING SUPPLY #257200,BETTS PLUMBING & HEATING SUPPLY #257200 - WESTFIELD - 211651,WESTFIELD,MA,460-614NL                ,414 - Brass PEX Fittings            ,$0,$38,($38),-100.0%,Direct
Legend,"SEEKONK SUPPLY, INC","SEEKONK SUPPLY, INC - #106780 - PROVIDENCE - 176778",PROVIDENCE,MA,460-614NL                ,414 - Brass PEX Fittings            ,$20,$0,$20,,Direct
Legend,"SEEKONK SUPPLY, INC","SEEKONK SUPPLY, INC - #106780 - PROVIDENCE - 176778",PROVIDENCE,MA,460-623NL                ,414 - Brass PEX Fittings            ,$37,$0,$37,,Direct
Legend,"SEEKONK SUPPLY, INC","SEEKONK SUPPLY, INC. - #106780 - BRIDGEWATER - 308451",BRIDGEWATER,MA,460-623NL                ,414 - Brass PEX Fittings            ,$62,$0,$62,,Direct
Legend,"SEEKONK SUPPLY, INC","SEEKONK SUPPLY, INC. - #106780 - REHOBOTH - 2118882",REHOBOTH,MA,460-623NL                ,414 - Brass PEX Fittings            ,$62,$0,$62,,Direct
Legend,BETTS PLUMBING & HEATING SUPPLY #257200,BETTS PLUMBING & HEATING SUPPLY #257200 - WESTFIELD - 211651,WESTFIELD,MA,460-624NL                ,414 - Brass PEX Fittings            ,$0,$40,($40),-100.0%,Direct
Legend,"SEEKONK SUPPLY, INC","SEEKONK SUPPLY, INC. - #106780 - REHOBOTH - 2118882",REHOBOTH,MA,460-624NL                ,414 - Brass PEX Fittings            ,$106,$0,$106,,Direct
Legend,BETTS PLUMBING & HEATING SUPPLY #257200,BETTS PLUMBING & HEATING SUPPLY #257200 - WESTFIELD - 211651,WESTFIELD,MA,460-705NL                ,414 - Brass PEX Fittings            ,$0,$38,($38),-100.0%,Direct
Legend,M & G SUPPLY,M & G SUPPLY #246600 - EAST PROVIDENCE - 11021,EAST PROVIDENCE,RI,460-705NL                ,414 - Brass PEX Fittings            ,$125,$0,$125,,Direct
Legend,M & G SUPPLY,M & G SUPPLY #246600 - WARREN - 164436,WARREN,RI,460-705NL                ,414 - Brass PEX Fittings            ,$62,$0,$62,,Direct
Legend,"SEEKONK SUPPLY, INC","SEEKONK SUPPLY, INC - #106780 - PROVIDENCE - 176778",PROVIDENCE,MA,460-705NL                ,414 - Brass PEX Fittings            ,$100,$0,$100,,Direct
Legend,"SEEKONK SUPPLY, INC","SEEKONK SUPPLY, INC. - #106780 - BRIDGEWATER - 308451",BRIDGEWATER,MA,460-705NL                ,414 - Brass PEX Fittings            ,$0,$47,($47),-100.0%,Direct
Legend,"SEEKONK SUPPLY, INC","SEEKONK SUPPLY, INC. - #106780 - REHOBOTH - 2118882",REHOBOTH,MA,460-705NL                ,414 - Brass PEX Fittings            ,$0,$19,($19),-100.0%,Direct
Legend,WINNELSON,WINSUPPLY WORCESTER MA CO (#089) - AUBURN - 11695,AUBURN,MA,460-705NL                ,414 - Brass PEX Fittings            ,$46,$0,$46,,Direct
Legend,"SEEKONK SUPPLY, INC","SEEKONK SUPPLY, INC - #106780 - PROVIDENCE - 176778",PROVIDENCE,MA,460-710NL                ,414 - Brass PEX Fittings            ,$35,$0,$35,,Direct
Legend,M & G SUPPLY,M & G SUPPLY #246600 - EAST PROVIDENCE - 11021,EAST PROVIDENCE,RI,460-754NL                ,414 - Brass PEX Fittings            ,$84,$0,$84,,Direct
Legend,M & G SUPPLY,M & G SUPPLY #246600 - WARREN - 164436,WARREN,RI,460-754NL                ,414 - Brass PEX Fittings            ,$0,$32,($32),-100.0%,Direct
Legend,"SEEKONK SUPPLY, INC","SEEKONK SUPPLY, INC - #106780 - PROVIDENCE - 176778",PROVIDENCE,MA,460-754NL                ,414 - Brass PEX Fittings            ,$0,$13,($13),-100.0%,Direct
Legend,M & G SUPPLY,M & G SUPPLY #246600 - WARREN - 164436,WARREN,RI,460-755NL                ,414 - Brass PEX Fittings            ,$0,$40,($40),-100.0%,Direct
Legend,SMITHFIELD PLUMBING & HEATING,SMITHFIELD PLUMBING & HEATING #104860 - TWIN MOUNTAIN - 179862,TWIN MOUNTAIN,RI,460-755NL                ,414 - Brass PEX Fittings            ,$0,$20,($20),-100.0%,Direct
Legend,BETTS PLUMBING & HEATING SUPPLY #257200,BETTS PLUMBING & HEATING SUPPLY #257200 - WESTFIELD - 211651,WESTFIELD,MA,460-757NL                ,414 - Brass PEX Fittings            ,$0,$15,($15),-100.0%,Direct
Legend,"SEEKONK SUPPLY, INC","SEEKONK SUPPLY, INC - #106780 - FALL RIVER - 11378",FALL RIVER,MA,460-758NL                ,414 - Brass PEX Fittings            ,$0,$11,($11),-100.0%,Direct
Legend,"SEEKONK SUPPLY, INC","SEEKONK SUPPLY, INC - #106780 - PROVIDENCE - 176778",PROVIDENCE,MA,460-758NL                ,414 - Brass PEX Fittings            ,$14,$0,$14,,Direct
Legend,BETTS PLUMBING & HEATING SUPPLY #257200,BETTS PLUMBING & HEATING SUPPLY #257200 - WESTFIELD - 211651,WESTFIELD,MA,460-759NL                ,414 - Brass PEX Fittings            ,$0,$42,($42),-100.0%,Direct
Legend,"SEEKONK SUPPLY, INC","SEEKONK SUPPLY, INC - #106780 - PROVIDENCE - 176778",PROVIDENCE,MA,460-762NL                ,414 - Brass PEX Fittings            ,$19,$0,$19,,Direct
Legend,"SEEKONK SUPPLY, INC","SEEKONK SUPPLY, INC. - #106780 - ATTLEBORO FALLS - 183219",ATTLEBORO FALLS,MA,460-763NL                ,414 - Brass PEX Fittings            ,$0,$22,($22),-100.0%,Direct
Legend,SMITHFIELD PLUMBING & HEATING,SMITHFIELD PLUMBING & HEATING #104860 - TWIN MOUNTAIN - 179862,TWIN MOUNTAIN,RI,460-764NL                ,414 - Brass PEX Fittings            ,$0,$62,($62),-100.0%,Direct
Legend,BETTS PLUMBING & HEATING SUPPLY #257200,BETTS PLUMBING & HEATING SUPPLY #257200 - WESTFIELD - 211651,WESTFIELD,MA,460-903                  ,414 - Brass PEX Fittings            ,$38,$66,($28),-42.4%,Direct
Legend,BETTS PLUMBING & HEATING SUPPLY #257200,BETTS PLUMBING & HEATING SUPPLY #257200 - WESTFIELD - 211651,WESTFIELD,MA,460-904                  ,414 - Brass PEX Fittings            ,$26,$22,$3,14.5%,Direct
Legend,"SEEKONK SUPPLY, INC","SEEKONK SUPPLY, INC - #106780 - PROVIDENCE - 176778",PROVIDENCE,MA,460-923                  ,415 - Plastic PEX Fittings          ,$171,$0,$171,,Direct
Legend,"SEEKONK SUPPLY, INC","SEEKONK SUPPLY, INC - #106780 - PROVIDENCE - 176778",PROVIDENCE,MA,460-924                  ,415 - Plastic PEX Fittings          ,$280,$0,$280,,Direct
Legend,GUSTAVE A. LARSON CO,DAIKIN COMFORT TECH  #101085 - NEW HAVEN - 2125379,NEW HAVEN,NJ,460-933                  ,414 - Brass PEX Fittings            ,$57,$0,$57,,Direct
Legend,"SEEKONK SUPPLY, INC","SEEKONK SUPPLY, INC - #106780 - FALL RIVER - 11378",FALL RIVER,MA,460-933                  ,414 - Brass PEX Fittings            ,$0,$101,($101),-100.0%,Direct
Legend,"SEEKONK SUPPLY, INC","SEEKONK SUPPLY, INC - #106780 - PROVIDENCE - 176778",PROVIDENCE,MA,460-933                  ,414 - Brass PEX Fittings            ,$711,$202,$509,252.7%,Direct
Legend,"SEEKONK SUPPLY, INC","SEEKONK SUPPLY, INC. - #106780 - ATTLEBORO FALLS - 183219",ATTLEBORO FALLS,MA,460-933                  ,414 - Brass PEX Fittings            ,$0,$121,($121),-100.0%,Direct
Legend,"SEEKONK SUPPLY, INC","SEEKONK SUPPLY, INC. - #106780 - BRIDGEWATER - 308451",BRIDGEWATER,MA,460-933                  ,414 - Brass PEX Fittings            ,$142,$0,$142,,Direct
Legend,"SEEKONK SUPPLY, INC","SEEKONK SUPPLY, INC. - #106780 - REHOBOTH - 2118882",REHOBOTH,MA,460-933                  ,414 - Brass PEX Fittings            ,$142,$60,$82,135.1%,Direct
Legend,"SEEKONK SUPPLY, INC","SEEKONK SUPPLY, INC - #106780 - FALL RIVER - 11378",FALL RIVER,MA,460-934                  ,414 - Brass PEX Fittings            ,$0,$124,($124),-100.0%,Direct
Legend,"SEEKONK SUPPLY, INC","SEEKONK SUPPLY, INC - #106780 - PROVIDENCE - 176778",PROVIDENCE,MA,460-934                  ,414 - Brass PEX Fittings            ,$635,$124,$511,411.3%,Direct
Legend,"SEEKONK SUPPLY, INC","SEEKONK SUPPLY, INC. - #106780 - BRIDGEWATER - 308451",BRIDGEWATER,MA,460-934                  ,414 - Brass PEX Fittings            ,$0,$75,($75),-100.0%,Direct
Legend,"SEEKONK SUPPLY, INC","SEEKONK SUPPLY, INC. - #106780 - REHOBOTH - 2118882",REHOBOTH,MA,460-934                  ,414 - Brass PEX Fittings            ,$71,$0,$71,,Direct
Legend,TORRCO,TORRCO - AD#TS28 - WATERBURY - 11523,WATERBURY,CT,460-934                  ,414 - Brass PEX Fittings            ,$0,$279,($279),-100.0%,Direct
Legend,"SEEKONK SUPPLY, INC","SEEKONK SUPPLY, INC - #106780 - PROVIDENCE - 176778",PROVIDENCE,MA,460-935                  ,414 - Brass PEX Fittings            ,$31,$88,($57),-64.5%,Direct
Legend,"SEEKONK SUPPLY, INC","SEEKONK SUPPLY, INC. - #106780 - BRIDGEWATER - 308451",BRIDGEWATER,MA,460-935                  ,414 - Brass PEX Fittings            ,$0,$88,($88),-100.0%,Direct
Legend,BETTS PLUMBING & HEATING SUPPLY #257200,BETTS PLUMBING & HEATING SUPPLY #257200 - WESTFIELD - 211651,WESTFIELD,MA,461-003                  ,415 - Plastic PEX Fittings          ,$0,$101,($101),-100.0%,Direct
Legend,M & G SUPPLY,M & G SUPPLY #246600 - EAST PROVIDENCE - 11021,EAST PROVIDENCE,RI,461-003                  ,415 - Plastic PEX Fittings          ,$443,$0,$443,,Direct
Legend,M & G SUPPLY,M & G SUPPLY #246600 - WARREN - 164436,WARREN,RI,461-003                  ,415 - Plastic PEX Fittings          ,$221,$0,$221,,Direct
Legend,"SEEKONK SUPPLY, INC","SEEKONK SUPPLY, INC - #106780 - PROVIDENCE - 176778",PROVIDENCE,MA,461-003                  ,415 - Plastic PEX Fittings          ,$266,$0,$266,,Direct
Legend,"SEEKONK SUPPLY, INC","SEEKONK SUPPLY, INC. - #106780 - ATTLEBORO FALLS - 183219",ATTLEBORO FALLS,MA,461-003                  ,415 - Plastic PEX Fittings          ,$0,$81,($81),-100.0%,Direct
Legend,"SEEKONK SUPPLY, INC","SEEKONK SUPPLY, INC. - #106780 - BRIDGEWATER - 308451",BRIDGEWATER,MA,461-003                  ,415 - Plastic PEX Fittings          ,$0,$202,($202),-100.0%,Direct
Legend,SMITHFIELD PLUMBING & HEATING,SMITHFIELD PLUMBING & HEATING #104860 - GREENVILLE - 11383,GREENVILLE,RI,461-003                  ,415 - Plastic PEX Fittings          ,$221,$403,($182),-45.1%,Direct
Legend,SMITHFIELD PLUMBING & HEATING,SMITHFIELD PLUMBING & HEATING #104860 - TWIN MOUNTAIN - 179862,TWIN MOUNTAIN,RI,461-003                  ,415 - Plastic PEX Fittings          ,$44,$0,$44,,Direct
Legend,THE PORTLAND GROUP,THE PORTLAND GROUP -MIDDLETOWN - AD#PG02 - MIDDLETOWN - 179339,MIDDLETOWN,MA,461-003                  ,415 - Plastic PEX Fittings          ,$0,$23,($23),-100.0%,Direct
Legend,WINNELSON,WINSUPPLY WORCESTER MA CO (#089) - AUBURN - 11695,AUBURN,MA,461-003                  ,415 - Plastic PEX Fittings          ,$391,$0,$391,,Direct
Legend,M & G SUPPLY,M & G SUPPLY #246600 - EAST PROVIDENCE - 11021,EAST PROVIDENCE,RI,461-004                  ,415 - Plastic PEX Fittings          ,$327,$0,$327,,Direct
Legend,M & G SUPPLY,M & G SUPPLY #246600 - WARREN - 164436,WARREN,RI,461-004                  ,415 - Plastic PEX Fittings          ,$163,$111,$52,46.9%,Direct
Legend,"SEEKONK SUPPLY, INC","SEEKONK SUPPLY, INC - #106780 - PROVIDENCE - 176778",PROVIDENCE,MA,461-004                  ,415 - Plastic PEX Fittings          ,$204,$111,$93,83.7%,Direct
Legend,"SEEKONK SUPPLY, INC","SEEKONK SUPPLY, INC. - #106780 - ATTLEBORO FALLS - 183219",ATTLEBORO FALLS,MA,461-004                  ,415 - Plastic PEX Fittings          ,$0,$74,($74),-100.0%,Direct
Legend,"SEEKONK SUPPLY, INC","SEEKONK SUPPLY, INC. - #106780 - BRIDGEWATER - 308451",BRIDGEWATER,MA,461-004                  ,415 - Plastic PEX Fittings          ,$0,$148,($148),-100.0%,Direct
Legend,"SEEKONK SUPPLY, INC","SEEKONK SUPPLY, INC. - #106780 - REHOBOTH - 2118882",REHOBOTH,MA,461-004                  ,415 - Plastic PEX Fittings          ,$0,$74,($74),-100.0%,Direct
Legend,SMITHFIELD PLUMBING & HEATING,SMITHFIELD PLUMBING & HEATING #104860 - GREENVILLE - 11383,GREENVILLE,RI,461-004                  ,415 - Plastic PEX Fittings          ,$245,$445,($200),-44.9%,Direct
Legend,SMITHFIELD PLUMBING & HEATING,SMITHFIELD PLUMBING & HEATING #104860 - TWIN MOUNTAIN - 179862,TWIN MOUNTAIN,RI,461-004                  ,415 - Plastic PEX Fittings          ,$0,$30,($30),-100.0%,Direct
Legend,THE PORTLAND GROUP,THE PORTLAND GROUP - AD#PG02 - NORTH BILLERICA - 11320,NORTH BILLERICA,MA,461-004                  ,415 - Plastic PEX Fittings          ,$74,$0,$74,,Direct
Legend,THE PORTLAND GROUP,THE PORTLAND GROUP -MIDDLETOWN - AD#PG02 - MIDDLETOWN - 179339,MIDDLETOWN,MA,461-004                  ,415 - Plastic PEX Fittings          ,$0,$100,($100),-100.0%,Direct
Legend,AMESBURY INDUSTRIAL SUPPLY,AMESBURY INDUSTRIAL SUPPLY - AMESBURY - 12187,AMESBURY,MA,461-005                  ,415 - Plastic PEX Fittings          ,$0,$14,($14),-100.0%,Direct
Legend,M & G SUPPLY,M & G SUPPLY #246600 - EAST PROVIDENCE - 11021,EAST PROVIDENCE,RI,461-005                  ,415 - Plastic PEX Fittings          ,$40,$0,$40,,Direct
Legend,M & G SUPPLY,M & G SUPPLY #246600 - WARREN - 164436,WARREN,RI,461-005                  ,415 - Plastic PEX Fittings          ,$48,$36,$12,32.0%,Direct
Legend,"SEEKONK SUPPLY, INC","SEEKONK SUPPLY, INC - #106780 - PROVIDENCE - 176778",PROVIDENCE,MA,461-005                  ,415 - Plastic PEX Fittings          ,$32,$0,$32,,Direct
Legend,"SEEKONK SUPPLY, INC","SEEKONK SUPPLY, INC. - #106780 - REHOBOTH - 2118882",REHOBOTH,MA,461-005                  ,415 - Plastic PEX Fittings          ,$32,$0,$32,,Direct
Legend,SMITHFIELD PLUMBING & HEATING,SMITHFIELD PLUMBING & HEATING #104860 - GREENVILLE - 11383,GREENVILLE,RI,461-005                  ,415 - Plastic PEX Fittings          ,$48,$58,($10),-17.5%,Direct
Legend,WINNELSON,WINSUPPLY WORCESTER MA CO (#089) - AUBURN - 11695,AUBURN,MA,461-005                  ,415 - Plastic PEX Fittings          ,$176,$0,$176,,Direct
Legend,SMITHFIELD PLUMBING & HEATING,SMITHFIELD PLUMBING & HEATING #104860 - GREENVILLE - 11383,GREENVILLE,RI,461-043                  ,415 - Plastic PEX Fittings          ,$0,$13,($13),-100.0%,Direct
Legend,SMITHFIELD PLUMBING & HEATING,SMITHFIELD PLUMBING & HEATING #104860 - TWIN MOUNTAIN - 179862,TWIN MOUNTAIN,RI,461-043                  ,415 - Plastic PEX Fittings          ,$80,$13,$67,532.3%,Direct
Legend,"SEEKONK SUPPLY, INC","SEEKONK SUPPLY, INC. - #106780 - BRIDGEWATER - 308451",BRIDGEWATER,MA,461-153                  ,415 - Plastic PEX Fittings          ,$120,$272,($152),-56.0%,Direct
Legend,"SEEKONK SUPPLY, INC","SEEKONK SUPPLY, INC. - #106780 - REHOBOTH - 2118882",REHOBOTH,MA,461-153                  ,415 - Plastic PEX Fittings          ,$60,$109,($49),-45.0%,Direct
Legend,SMITHFIELD PLUMBING & HEATING,SMITHFIELD PLUMBING & HEATING #104860 - GREENVILLE - 11383,GREENVILLE,RI,461-153                  ,415 - Plastic PEX Fittings          ,$120,$109,$11,9.9%,Direct
Legend,THE PORTLAND GROUP,THE PORTLAND GROUP -MIDDLETOWN - AD#PG02 - MIDDLETOWN - 179339,MIDDLETOWN,MA,461-153                  ,415 - Plastic PEX Fittings          ,$0,$37,($37),-100.0%,Direct
Legend,WINNELSON,WINSUPPLY WORCESTER MA CO (#089) - AUBURN - 11695,AUBURN,MA,461-153                  ,415 - Plastic PEX Fittings          ,$352,$0,$352,,Direct
Legend,M & G SUPPLY,M & G SUPPLY #246600 - EAST PROVIDENCE - 11021,EAST PROVIDENCE,RI,461-154                  ,415 - Plastic PEX Fittings          ,$244,$0,$244,,Direct
Legend,M & G SUPPLY,M & G SUPPLY #246600 - WARREN - 164436,WARREN,RI,461-154                  ,415 - Plastic PEX Fittings          ,$0,$55,($55),-100.0%,Direct
Legend,"SEEKONK SUPPLY, INC","SEEKONK SUPPLY, INC - #106780 - PROVIDENCE - 176778",PROVIDENCE,MA,461-154                  ,415 - Plastic PEX Fittings          ,$0,$55,($55),-100.0%,Direct
Legend,"SEEKONK SUPPLY, INC","SEEKONK SUPPLY, INC. - #106780 - BRIDGEWATER - 308451",BRIDGEWATER,MA,461-154                  ,415 - Plastic PEX Fittings          ,$61,$0,$61,,Direct
Legend,SMITHFIELD PLUMBING & HEATING,SMITHFIELD PLUMBING & HEATING #104860 - GREENVILLE - 11383,GREENVILLE,RI,461-154                  ,415 - Plastic PEX Fittings          ,$0,$111,($111),-100.0%,Direct
Legend,AMESBURY INDUSTRIAL SUPPLY,AMESBURY INDUSTRIAL SUPPLY - AMESBURY - 12187,AMESBURY,MA,461-155                  ,415 - Plastic PEX Fittings          ,$0,$28,($28),-100.0%,Direct
Legend,M & G SUPPLY,M & G SUPPLY #246600 - EAST PROVIDENCE - 11021,EAST PROVIDENCE,RI,461-155                  ,415 - Plastic PEX Fittings          ,$63,$0,$63,,Direct
Legend,SMITHFIELD PLUMBING & HEATING,SMITHFIELD PLUMBING & HEATING #104860 - GREENVILLE - 11383,GREENVILLE,RI,461-155                  ,415 - Plastic PEX Fittings          ,$0,$23,($23),-100.0%,Direct
Legend,"SEEKONK SUPPLY, INC","SEEKONK SUPPLY, INC. - #106780 - REHOBOTH - 2118882",REHOBOTH,MA,461-210                  ,415 - Plastic PEX Fittings          ,$0,$15,($15),-100.0%,Direct
Legend,SMITHFIELD PLUMBING & HEATING,SMITHFIELD PLUMBING & HEATING #104860 - GREENVILLE - 11383,GREENVILLE,RI,461-210                  ,415 - Plastic PEX Fittings          ,$17,$23,($6),-26.8%,Direct
Legend,SMITHFIELD PLUMBING & HEATING,SMITHFIELD PLUMBING & HEATING #104860 - TWIN MOUNTAIN - 179862,TWIN MOUNTAIN,RI,461-210                  ,415 - Plastic PEX Fittings          ,$0,$8,($8),-100.0%,Direct
Legend,SMITHFIELD PLUMBING & HEATING,SMITHFIELD PLUMBING & HEATING #104860 - GREENVILLE - 11383,GREENVILLE,RI,461-211                  ,415 - Plastic PEX Fittings          ,$0,$10,($10),-100.0%,Direct
Legend,M & G SUPPLY,M & G SUPPLY #246600 - EAST PROVIDENCE - 11021,EAST PROVIDENCE,RI,461-212                  ,415 - Plastic PEX Fittings          ,$522,$0,$522,,Direct
Legend,M & G SUPPLY,M & G SUPPLY #246600 - WARREN - 164436,WARREN,RI,461-212                  ,415 - Plastic PEX Fittings          ,$52,$48,$5,9.8%,Direct
Legend,"SEEKONK SUPPLY, INC","SEEKONK SUPPLY, INC - #106780 - PROVIDENCE - 176778",PROVIDENCE,MA,461-212                  ,415 - Plastic PEX Fittings          ,$21,$0,$21,,Direct
Legend,"SEEKONK SUPPLY, INC","SEEKONK SUPPLY, INC. - #106780 - REHOBOTH - 2118882",REHOBOTH,MA,461-212                  ,415 - Plastic PEX Fittings          ,$78,$19,$59,311.9%,Direct
Legend,SMITHFIELD PLUMBING & HEATING,SMITHFIELD PLUMBING & HEATING #104860 - GREENVILLE - 11383,GREENVILLE,RI,461-212                  ,415 - Plastic PEX Fittings          ,$0,$190,($190),-100.0%,Direct
Legend,WINNELSON,WINSUPPLY WORCESTER MA CO (#089) - AUBURN - 11695,AUBURN,MA,461-212                  ,415 - Plastic PEX Fittings          ,$38,$0,$38,,Direct
Legend,M & G SUPPLY,M & G SUPPLY #246600 - WARREN - 164436,WARREN,RI,461-217                  ,415 - Plastic PEX Fittings          ,$0,$42,($42),-100.0%,Direct
Legend,SMITHFIELD PLUMBING & HEATING,SMITHFIELD PLUMBING & HEATING #104860 - GREENVILLE - 11383,GREENVILLE,RI,461-217                  ,415 - Plastic PEX Fittings          ,$19,$0,$19,,Direct
Legend,SMITHFIELD PLUMBING & HEATING,SMITHFIELD PLUMBING & HEATING #104860 - GREENVILLE - 11383,GREENVILLE,RI,461-218                  ,415 - Plastic PEX Fittings          ,$0,$17,($17),-100.0%,Direct
Legend,F.W. WEBB,F.W. WEBB - BANGOR - HAMPDEN - 11712,HAMPDEN,ME,461-254                  ,415 - Plastic PEX Fittings          ,$41,$0,$41,,Direct
Legend,F.W. WEBB,F.W. WEBB - BANGOR - HAMPDEN - 11712,HAMPDEN,ME,461-255                  ,415 - Plastic PEX Fittings          ,$105,$0,$105,,Direct
Legend,BETTS PLUMBING & HEATING SUPPLY #257200,BETTS PLUMBING & HEATING SUPPLY #257200 - WESTFIELD - 211651,WESTFIELD,MA,461-403                  ,415 - Plastic PEX Fittings          ,$29,$26,$3,9.6%,Direct
Legend,M & G SUPPLY,M & G SUPPLY #246600 - EAST PROVIDENCE - 11021,EAST PROVIDENCE,RI,461-403                  ,415 - Plastic PEX Fittings          ,$29,$0,$29,,Direct
Legend,M & G SUPPLY,M & G SUPPLY #246600 - WARREN - 164436,WARREN,RI,461-403                  ,415 - Plastic PEX Fittings          ,$58,$0,$58,,Direct
Legend,"SEEKONK SUPPLY, INC","SEEKONK SUPPLY, INC - #106780 - PROVIDENCE - 176778",PROVIDENCE,MA,461-403                  ,415 - Plastic PEX Fittings          ,$14,$0,$14,,Direct
Legend,"SEEKONK SUPPLY, INC","SEEKONK SUPPLY, INC. - #106780 - REHOBOTH - 2118882",REHOBOTH,MA,461-403                  ,415 - Plastic PEX Fittings          ,$29,$0,$29,,Direct
Legend,SMITHFIELD PLUMBING & HEATING,SMITHFIELD PLUMBING & HEATING #104860 - GREENVILLE - 11383,GREENVILLE,RI,461-403                  ,415 - Plastic PEX Fittings          ,$29,$105,($76),-72.6%,Direct
Legend,SMITHFIELD PLUMBING & HEATING,SMITHFIELD PLUMBING & HEATING #104860 - TWIN MOUNTAIN - 179862,TWIN MOUNTAIN,RI,461-403                  ,415 - Plastic PEX Fittings          ,$29,$53,($24),-45.2%,Direct
Legend,"SEEKONK SUPPLY, INC","SEEKONK SUPPLY, INC - #106780 - PROVIDENCE - 176778",PROVIDENCE,MA,461-404                  ,415 - Plastic PEX Fittings          ,$2,$0,$2,,Direct
Legend,"SEEKONK SUPPLY, INC","SEEKONK SUPPLY, INC. - #106780 - REHOBOTH - 2118882",REHOBOTH,MA,461-404                  ,415 - Plastic PEX Fittings          ,$22,$4,$18,451.0%,Direct
Legend,SMITHFIELD PLUMBING & HEATING,SMITHFIELD PLUMBING & HEATING #104860 - GREENVILLE - 11383,GREENVILLE,RI,461-404                  ,415 - Plastic PEX Fittings          ,$0,$20,($20),-100.0%,Direct
Legend,WINNELSON,WINSUPPLY WORCESTER MA CO (#089) - AUBURN - 11695,AUBURN,MA,461-413                  ,415 - Plastic PEX Fittings          ,$59,$0,$59,,Direct
Legend,"SEEKONK SUPPLY, INC","SEEKONK SUPPLY, INC - #106780 - PROVIDENCE - 176778",PROVIDENCE,MA,461-503                  ,415 - Plastic PEX Fittings          ,$0,$31,($31),-100.0%,Direct
Legend,"SEEKONK SUPPLY, INC","SEEKONK SUPPLY, INC. - #106780 - REHOBOTH - 2118882",REHOBOTH,MA,461-503                  ,415 - Plastic PEX Fittings          ,$0,$31,($31),-100.0%,Direct
Legend,SMITHFIELD PLUMBING & HEATING,SMITHFIELD PLUMBING & HEATING #104860 - GREENVILLE - 11383,GREENVILLE,RI,461-503                  ,415 - Plastic PEX Fittings          ,$34,$62,($28),-44.8%,Direct
Legend,WINNELSON,WINSUPPLY WORCESTER MA CO (#089) - AUBURN - 11695,AUBURN,MA,461-503                  ,415 - Plastic PEX Fittings          ,$50,$0,$50,,Direct
Legend,M & G SUPPLY,M & G SUPPLY #246600 - EAST PROVIDENCE - 11021,EAST PROVIDENCE,RI,461-504                  ,415 - Plastic PEX Fittings          ,$55,$0,$55,,Direct
Legend,"SEEKONK SUPPLY, INC","SEEKONK SUPPLY, INC - #106780 - PROVIDENCE - 176778",PROVIDENCE,MA,461-504                  ,415 - Plastic PEX Fittings          ,$83,$25,$58,230.2%,Direct
Legend,"SEEKONK SUPPLY, INC","SEEKONK SUPPLY, INC. - #106780 - ATTLEBORO FALLS - 183219",ATTLEBORO FALLS,MA,461-504                  ,415 - Plastic PEX Fittings          ,$0,$10,($10),-100.0%,Direct
Legend,"SEEKONK SUPPLY, INC","SEEKONK SUPPLY, INC. - #106780 - REHOBOTH - 2118882",REHOBOTH,MA,461-504                  ,415 - Plastic PEX Fittings          ,$0,$25,($25),-100.0%,Direct
Legend,SMITHFIELD PLUMBING & HEATING,SMITHFIELD PLUMBING & HEATING #104860 - GREENVILLE - 11383,GREENVILLE,RI,461-504                  ,415 - Plastic PEX Fittings          ,$0,$25,($25),-100.0%,Direct
Legend,THE PORTLAND GROUP,THE PORTLAND GROUP -MIDDLETOWN - AD#PG02 - MIDDLETOWN - 179339,MIDDLETOWN,MA,461-504                  ,415 - Plastic PEX Fittings          ,$0,$29,($29),-100.0%,Direct
Legend,WINNELSON,WINSUPPLY WORCESTER MA CO (#089) - AUBURN - 11695,AUBURN,MA,461-504                  ,415 - Plastic PEX Fittings          ,$20,$0,$20,,Direct
Legend,"SEEKONK SUPPLY, INC","SEEKONK SUPPLY, INC. - #106780 - BRIDGEWATER - 308451",BRIDGEWATER,MA,461-505                  ,415 - Plastic PEX Fittings          ,$20,$0,$20,,Direct
Legend,"SEEKONK SUPPLY, INC","SEEKONK SUPPLY, INC. - #106780 - REHOBOTH - 2118882",REHOBOTH,MA,461-505                  ,415 - Plastic PEX Fittings          ,$20,$9,$11,119.8%,Direct
Legend,SMITHFIELD PLUMBING & HEATING,SMITHFIELD PLUMBING & HEATING #104860 - GREENVILLE - 11383,GREENVILLE,RI,461-505                  ,415 - Plastic PEX Fittings          ,$20,$9,$11,119.8%,Direct
Legend,M & G SUPPLY,M & G SUPPLY #246600 - EAST PROVIDENCE - 11021,EAST PROVIDENCE,RI,461-529                  ,415 - Plastic PEX Fittings          ,$23,$0,$23,,Direct
Legend,"SEEKONK SUPPLY, INC","SEEKONK SUPPLY, INC - #106780 - FALL RIVER - 11378",FALL RIVER,MA,461-529                  ,415 - Plastic PEX Fittings          ,$0,$4,($4),-100.0%,Direct
Legend,"SEEKONK SUPPLY, INC","SEEKONK SUPPLY, INC. - #106780 - ATTLEBORO FALLS - 183219",ATTLEBORO FALLS,MA,461-529                  ,415 - Plastic PEX Fittings          ,$0,$8,($8),-100.0%,Direct
Legend,SMITHFIELD PLUMBING & HEATING,SMITHFIELD PLUMBING & HEATING #104860 - GREENVILLE - 11383,GREENVILLE,RI,461-529                  ,415 - Plastic PEX Fittings          ,$0,$21,($21),-100.0%,Direct
Legend,"WIT-WAY SUPPLY, INC","WIT-WAY SUPPLY, INC. - ROCHESTER - 12060",ROCHESTER,NH,461-529                  ,415 - Plastic PEX Fittings          ,$9,$0,$9,,Direct
Legend,"SEEKONK SUPPLY, INC","SEEKONK SUPPLY, INC - #106780 - PROVIDENCE - 176778",PROVIDENCE,MA,461-532                  ,415 - Plastic PEX Fittings          ,$0,$8,($8),-100.0%,Direct
Legend,"SEEKONK SUPPLY, INC","SEEKONK SUPPLY, INC. - #106780 - ATTLEBORO FALLS - 183219",ATTLEBORO FALLS,MA,461-532                  ,415 - Plastic PEX Fittings          ,$0,$4,($4),-100.0%,Direct
Legend,SMITHFIELD PLUMBING & HEATING,SMITHFIELD PLUMBING & HEATING #104860 - GREENVILLE - 11383,GREENVILLE,RI,461-532                  ,415 - Plastic PEX Fittings          ,$0,$16,($16),-100.0%,Direct
Legend,"SEEKONK SUPPLY, INC","SEEKONK SUPPLY, INC. - #106780 - BRIDGEWATER - 308451",BRIDGEWATER,MA,461-533                  ,415 - Plastic PEX Fittings          ,$0,$17,($17),-100.0%,Direct
Legend,"SEEKONK SUPPLY, INC","SEEKONK SUPPLY, INC. - #106780 - REHOBOTH - 2118882",REHOBOTH,MA,461-533                  ,415 - Plastic PEX Fittings          ,$0,$8,($8),-100.0%,Direct
Legend,SMITHFIELD PLUMBING & HEATING,SMITHFIELD PLUMBING & HEATING #104860 - GREENVILLE - 11383,GREENVILLE,RI,461-533                  ,415 - Plastic PEX Fittings          ,$0,$8,($8),-100.0%,Direct
Legend,SMITHFIELD PLUMBING & HEATING,SMITHFIELD PLUMBING & HEATING #104860 - GREENVILLE - 11383,GREENVILLE,RI,461-754                  ,415 - Plastic PEX Fittings          ,$0,$14,($14),-100.0%,Direct
Legend,SMITHFIELD PLUMBING & HEATING,SMITHFIELD PLUMBING & HEATING #104860 - GREENVILLE - 11383,GREENVILLE,RI,461-758                  ,415 - Plastic PEX Fittings          ,$0,$9,($9),-100.0%,Direct
Legend,AMESBURY INDUSTRIAL SUPPLY,AMESBURY INDUSTRIAL SUPPLY - AMESBURY - 12187,AMESBURY,MA,461-763                  ,415 - Plastic PEX Fittings          ,$0,$24,($24),-100.0%,Direct
Legend,SMITHFIELD PLUMBING & HEATING,SMITHFIELD PLUMBING & HEATING #104860 - GREENVILLE - 11383,GREENVILLE,RI,461-823                  ,415 - Plastic PEX Fittings          ,$0,$9,($9),-100.0%,Direct
Legend,SMITHFIELD PLUMBING & HEATING,SMITHFIELD PLUMBING & HEATING #104860 - TWIN MOUNTAIN - 179862,TWIN MOUNTAIN,RI,461-823                  ,415 - Plastic PEX Fittings          ,$51,$9,$42,450.4%,Direct
Legend,NORTH SHORE HEATING SUPPLY,NORTH SHORE HEATING SUPPLY - LYNN - 13378,LYNN,MA,461-903                  ,415 - Plastic PEX Fittings          ,$197,$0,$197,,Direct
Legend,"SEEKONK SUPPLY, INC","SEEKONK SUPPLY, INC - #106780 - FALL RIVER - 11378",FALL RIVER,MA,461-903                  ,415 - Plastic PEX Fittings          ,$0,$45,($45),-100.0%,Direct
Legend,"SEEKONK SUPPLY, INC","SEEKONK SUPPLY, INC - #106780 - PROVIDENCE - 176778",PROVIDENCE,MA,461-903                  ,415 - Plastic PEX Fittings          ,$493,$0,$493,,Direct
Legend,"SEEKONK SUPPLY, INC","SEEKONK SUPPLY, INC. - #106780 - REHOBOTH - 2118882",REHOBOTH,MA,461-903                  ,415 - Plastic PEX Fittings          ,$0,$22,($22),-100.0%,Direct
Legend,"SEEKONK SUPPLY, INC","SEEKONK SUPPLY, INC. - #106780 - REHOBOTH - 2118882",REHOBOTH,MA,461-904                  ,415 - Plastic PEX Fittings          ,$82,$0,$82,,Direct
Legend,"SEEKONK SUPPLY, INC","SEEKONK SUPPLY, INC - #106780 - PROVIDENCE - 176778",PROVIDENCE,MA,461-905                  ,415 - Plastic PEX Fittings          ,$129,$0,$129,,Direct
Legend,"SEEKONK SUPPLY, INC","SEEKONK SUPPLY, INC. - #106780 - REHOBOTH - 2118882",REHOBOTH,MA,461-905                  ,415 - Plastic PEX Fittings          ,$129,$0,$129,,Direct
Legend,SMITHFIELD PLUMBING & HEATING,SMITHFIELD PLUMBING & HEATING #104860 - GREENVILLE - 11383,GREENVILLE,RI,461-908                  ,415 - Plastic PEX Fittings          ,$0,$9,($9),-100.0%,Direct
Legend,SMITHFIELD PLUMBING & HEATING,SMITHFIELD PLUMBING & HEATING #104860 - TWIN MOUNTAIN - 179862,TWIN MOUNTAIN,RI,461-908                  ,415 - Plastic PEX Fittings          ,$0,$17,($17),-100.0%,Direct
Legend,"SEEKONK SUPPLY, INC","SEEKONK SUPPLY, INC - #106780 - PROVIDENCE - 176778",PROVIDENCE,MA,461-913                  ,415 - Plastic PEX Fittings          ,$73,$0,$73,,Direct
Legend,"SEEKONK SUPPLY, INC","SEEKONK SUPPLY, INC - #106780 - PROVIDENCE - 176778",PROVIDENCE,MA,461-914                  ,415 - Plastic PEX Fittings          ,$171,$0,$171,,Direct
Legend,"SEEKONK SUPPLY, INC","SEEKONK SUPPLY, INC. - #106780 - REHOBOTH - 2118882",REHOBOTH,MA,461-914                  ,415 - Plastic PEX Fittings          ,$57,$0,$57,,Direct
Legend,"SEEKONK SUPPLY, INC","SEEKONK SUPPLY, INC - #106780 - PROVIDENCE - 176778",PROVIDENCE,MA,461-915                  ,415 - Plastic PEX Fittings          ,$83,$0,$83,,Direct
Legend,"SEEKONK SUPPLY, INC","SEEKONK SUPPLY, INC - #106780 - PROVIDENCE - 176778",PROVIDENCE,MA,461-923                  ,415 - Plastic PEX Fittings          ,$116,$0,$116,,Direct
Legend,"SEEKONK SUPPLY, INC","SEEKONK SUPPLY, INC. - #106780 - BRIDGEWATER - 308451",BRIDGEWATER,MA,461-923                  ,415 - Plastic PEX Fittings          ,$58,$0,$58,,Direct
Legend,"SEEKONK SUPPLY, INC","SEEKONK SUPPLY, INC. - #106780 - REHOBOTH - 2118882",REHOBOTH,MA,461-923                  ,415 - Plastic PEX Fittings          ,$58,$0,$58,,Direct
Legend,"SEEKONK SUPPLY, INC","SEEKONK SUPPLY, INC. - #106780 - REHOBOTH - 2118882",REHOBOTH,MA,461-924                  ,415 - Plastic PEX Fittings          ,$103,$0,$103,,Direct
Legend,"SEEKONK SUPPLY, INC","SEEKONK SUPPLY, INC - #106780 - PROVIDENCE - 176778",PROVIDENCE,MA,461-932                  ,415 - Plastic PEX Fittings          ,$189,$0,$189,,Direct
Legend,"SEEKONK SUPPLY, INC","SEEKONK SUPPLY, INC. - #106780 - REHOBOTH - 2118882",REHOBOTH,MA,461-932                  ,415 - Plastic PEX Fittings          ,$95,$0,$95,,Direct
Legend,"SEEKONK SUPPLY, INC","SEEKONK SUPPLY, INC. - #106780 - ATTLEBORO FALLS - 183219",ATTLEBORO FALLS,MA,461-933                  ,415 - Plastic PEX Fittings          ,$0,$29,($29),-100.0%,Direct
Legend,"SEEKONK SUPPLY, INC","SEEKONK SUPPLY, INC. - #106780 - REHOBOTH - 2118882",REHOBOTH,MA,461-933                  ,415 - Plastic PEX Fittings          ,$6,$0,$6,,Direct
Legend,"SEEKONK SUPPLY, INC","SEEKONK SUPPLY, INC. - #106780 - REHOBOTH - 2118882",REHOBOTH,MA,461-934                  ,415 - Plastic PEX Fittings          ,$6,$0,$6,,Direct
Legend,"SEEKONK SUPPLY, INC","SEEKONK SUPPLY, INC - #106780 - PROVIDENCE - 176778",PROVIDENCE,MA,461-936                  ,415 - Plastic PEX Fittings          ,$355,$0,$355,,Direct
Legend,"SEEKONK SUPPLY, INC","SEEKONK SUPPLY, INC. - #106780 - REHOBOTH - 2118882",REHOBOTH,MA,461-936                  ,415 - Plastic PEX Fittings          ,$213,$0,$213,,Direct
Legend,NORTH SHORE HEATING SUPPLY,NORTH SHORE HEATING SUPPLY - LYNN - 13378,LYNN,MA,461-943                  ,415 - Plastic PEX Fittings          ,$61,$0,$61,,Direct
Legend,"SEEKONK SUPPLY, INC","SEEKONK SUPPLY, INC - #106780 - PROVIDENCE - 176778",PROVIDENCE,MA,461-943                  ,415 - Plastic PEX Fittings          ,$61,$0,$61,,Direct
Legend,"SEEKONK SUPPLY, INC","SEEKONK SUPPLY, INC. - #106780 - REHOBOTH - 2118882",REHOBOTH,MA,461-943                  ,415 - Plastic PEX Fittings          ,$12,$0,$12,,Direct
Legend,SMITHFIELD PLUMBING & HEATING,SMITHFIELD PLUMBING & HEATING #104860 - TWIN MOUNTAIN - 179862,TWIN MOUNTAIN,RI,462-005NL                ,414 - Brass PEX Fittings            ,$0,$70,($70),-100.0%,Direct
Legend,"SEEKONK SUPPLY, INC","SEEKONK SUPPLY, INC. - #106780 - REHOBOTH - 2118882",REHOBOTH,MA,462-137NL                ,414 - Brass PEX Fittings            ,$111,$0,$111,,Direct
Legend,"SEEKONK SUPPLY, INC","SEEKONK SUPPLY, INC - #106780 - PROVIDENCE - 176778",PROVIDENCE,MA,462-403NL                ,414 - Brass PEX Fittings            ,$6,$0,$6,,Direct
Legend,"SEEKONK SUPPLY, INC","SEEKONK SUPPLY, INC. - #106780 - REHOBOTH - 2118882",REHOBOTH,MA,462-623NL                ,414 - Brass PEX Fittings            ,$38,$0,$38,,Direct
Legend,"SEEKONK SUPPLY, INC","SEEKONK SUPPLY, INC - #106780 - PROVIDENCE - 176778",PROVIDENCE,MA,462-705NL                ,414 - Brass PEX Fittings            ,$317,$0,$317,,Direct
Legend,"SEEKONK SUPPLY, INC","SEEKONK SUPPLY, INC. - #106780 - REHOBOTH - 2118882",REHOBOTH,MA,462-705NL                ,414 - Brass PEX Fittings            ,$317,$0,$317,,Direct
Legend,"SEEKONK SUPPLY, INC","SEEKONK SUPPLY, INC - #106780 - PROVIDENCE - 176778",PROVIDENCE,MA,462-754NL                ,414 - Brass PEX Fittings            ,$151,$0,$151,,Direct
Legend,"SEEKONK SUPPLY, INC","SEEKONK SUPPLY, INC. - #106780 - BRIDGEWATER - 308451",BRIDGEWATER,MA,462-754NL                ,414 - Brass PEX Fittings            ,$0,$23,($23),-100.0%,Direct
Legend,"SEEKONK SUPPLY, INC","SEEKONK SUPPLY, INC. - #106780 - REHOBOTH - 2118882",REHOBOTH,MA,462-754NL                ,414 - Brass PEX Fittings            ,$151,$0,$151,,Direct
Legend,M & G SUPPLY,M & G SUPPLY #246600 - WARREN - 164436,WARREN,RI,465-079                  ,332 - Push Fits                     ,$20,$0,$20,,Direct
Legend,REPUBLIC PLUMBING SUPPLY,REPUBLIC PLUMBING SUPPLY #109250 - FOXBORO - 2126102,FOXBORO,MA,465-079                  ,332 - Push Fits                     ,$60,$0,$60,,Direct
Legend,REPUBLIC PLUMBING SUPPLY,REPUBLIC PLUMBING SUPPLY #109250 - FOXBORO - 2126102,FOXBORO,MA,465-080                  ,332 - Push Fits                     ,$43,$0,$43,,Direct
Legend,REPUBLIC PLUMBING SUPPLY,REPUBLIC PLUMBING SUPPLY #109250 - NORWOOD - 11341,NORWOOD,MA,465-080                  ,332 - Push Fits                     ,$0,$27,($27),-100.0%,Direct
Legend,REPUBLIC PLUMBING SUPPLY,REPUBLIC PLUMBING SUPPLY #109250 - FOXBORO - 2126102,FOXBORO,MA,465-093                  ,332 - Push Fits                     ,$13,$0,$13,,Direct
Legend,REPUBLIC PLUMBING SUPPLY,REPUBLIC PLUMBING SUPPLY #109250 - NORWOOD - 11341,NORWOOD,MA,465-093                  ,332 - Push Fits                     ,$0,$6,($6),-100.0%,Direct
Legend,REPUBLIC PLUMBING SUPPLY,REPUBLIC PLUMBING SUPPLY #109250 - NORWOOD - 11341,NORWOOD,MA,465-110                  ,332 - Push Fits                     ,$0,$15,($15),-100.0%,Direct
Legend,REPUBLIC PLUMBING SUPPLY,REPUBLIC PLUMBING SUPPLY #109250 - FOXBORO - 2126102,FOXBORO,MA,465-111                  ,332 - Push Fits                     ,$41,$0,$41,,Direct
Legend,REPUBLIC PLUMBING SUPPLY,REPUBLIC PLUMBING SUPPLY #109250 - FOXBORO - 2126102,FOXBORO,MA,465-116                  ,332 - Push Fits                     ,$14,$0,$14,,Direct
Legend,REPUBLIC PLUMBING SUPPLY,REPUBLIC PLUMBING SUPPLY #109250 - FOXBORO - 2126102,FOXBORO,MA,465-120                  ,332 - Push Fits                     ,$61,$0,$61,,Direct
Legend,REPUBLIC PLUMBING SUPPLY,REPUBLIC PLUMBING SUPPLY #109250 - NORWOOD - 11341,NORWOOD,MA,465-120                  ,332 - Push Fits                     ,$0,$5,($5),-100.0%,Direct
Legend,REPUBLIC PLUMBING SUPPLY,REPUBLIC PLUMBING SUPPLY #109250 - FOXBORO - 2126102,FOXBORO,MA,465-140                  ,332 - Push Fits                     ,$95,$0,$95,,Direct
Legend,REPUBLIC PLUMBING SUPPLY,REPUBLIC PLUMBING SUPPLY #109250 - FOXBORO - 2126102,FOXBORO,MA,465-142                  ,332 - Push Fits                     ,$34,$0,$34,,Direct
Legend,REPUBLIC PLUMBING SUPPLY,REPUBLIC PLUMBING SUPPLY #109250 - FOXBORO - 2126102,FOXBORO,MA,465-143                  ,332 - Push Fits                     ,$45,$0,$45,,Direct
Legend,F.W. WEBB,F.W. WEBB - BANGOR - HAMPDEN - 11712,HAMPDEN,ME,500-10-10B               ,500 - PERT Tubing                   ,$94,$0,$94,,Direct
Legend,F.W. WEBB,F.W. WEBB - BANGOR - HAMPDEN - 11712,HAMPDEN,ME,500-10-20                ,500 - PERT Tubing                   ,$187,$0,$187,,Direct
Legend,F.W. WEBB,F.W. WEBB - WILLISTON - WILLISTON - 11660,WILLISTON,VT,500-10-20                ,500 - PERT Tubing                   ,$187,$374,($187),-50.0%,Direct
Legend,M & G SUPPLY,M & G SUPPLY #246600 - EAST PROVIDENCE - 11021,EAST PROVIDENCE,RI,500-10-20                ,500 - PERT Tubing                   ,$255,$0,$255,,Direct
Legend,M & G SUPPLY,M & G SUPPLY #246600 - WARREN - 164436,WARREN,RI,500-10-20                ,500 - PERT Tubing                   ,$0,$255,($255),-100.0%,Direct
Legend,F.W. WEBB,F.W. WEBB - AUBURN - AUBURN - 50265,AUBURN,MA,500-10-20B               ,500 - PERT Tubing                   ,$255,$0,$255,,Direct
Legend,F.W. WEBB,F.W. WEBB - BANGOR - HAMPDEN - 11712,HAMPDEN,ME,500-10-20B               ,500 - PERT Tubing                   ,$187,$0,$187,,Direct
Legend,F.W. WEBB,F.W. WEBB - BRIDGEWATER - BRIDGEWATER - 1542103,BRIDGEWATER,MA,500-10-20B               ,500 - PERT Tubing                   ,$0,"$1,872","($1,872)",-100.0%,Direct
Legend,F.W. WEBB,F.W. WEBB - HARTFORD - HARTFORD - 11688,HARTFORD,CT,500-10-20B               ,500 - PERT Tubing                   ,"$1,021",$0,"$1,021",,Direct
Legend,M & G SUPPLY,M & G SUPPLY #246600 - EAST PROVIDENCE - 11021,EAST PROVIDENCE,RI,500-10-20B               ,500 - PERT Tubing                   ,$255,$0,$255,,Direct
Legend,M & G SUPPLY,M & G SUPPLY #246600 - WARREN - 164436,WARREN,RI,500-10-20B               ,500 - PERT Tubing                   ,$0,$511,($511),-100.0%,Direct
Legend,P & E SUPPLY - #227900,P & E SUPPLY - #227900 - SANFORD - 11937,SANFORD,ME,500-10-20B               ,500 - PERT Tubing                   ,$511,$0,$511,,Direct
Legend,"SEEKONK SUPPLY, INC","SEEKONK SUPPLY, INC. - #106780 - BRIDGEWATER - 308451",BRIDGEWATER,MA,500-10-20B               ,500 - PERT Tubing                   ,$255,$255,$0,0.0%,Direct
Legend,"SEEKONK SUPPLY, INC","SEEKONK SUPPLY, INC. - #106780 - REHOBOTH - 2118882",REHOBOTH,MA,500-10-20B               ,500 - PERT Tubing                   ,$0,$511,($511),-100.0%,Direct
Legend,WINNELSON,WINSUPPLY WORCESTER MA CO (#089) - AUBURN - 11695,AUBURN,MA,500-10-20B               ,500 - PERT Tubing                   ,$416,$0,$416,,Direct
Legend,F.W. WEBB,F.W. WEBB - AUBURN - AUBURN - 50265,AUBURN,MA,500-10-20R               ,500 - PERT Tubing                   ,$511,$0,$511,,Direct
Legend,F.W. WEBB,F.W. WEBB - HARTFORD - HARTFORD - 11688,HARTFORD,CT,500-10-20R               ,500 - PERT Tubing                   ,"$1,021",$0,"$1,021",,Direct
Legend,SMITHFIELD PLUMBING & HEATING,SMITHFIELD PLUMBING & HEATING #104860 - GREENVILLE - 11383,GREENVILLE,RI,500-12-100               ,500 - PERT Tubing                   ,$69,$69,$0,0.0%,Direct
Legend,M & G SUPPLY,M & G SUPPLY #246600 - EAST PROVIDENCE - 11021,EAST PROVIDENCE,RI,500-12-100B              ,500 - PERT Tubing                   ,$101,$0,$101,,Direct
Legend,M & G SUPPLY,M & G SUPPLY #246600 - WARREN - 164436,WARREN,RI,500-12-100B              ,500 - PERT Tubing                   ,$201,$0,$201,,Direct
Legend,"SEEKONK SUPPLY, INC","SEEKONK SUPPLY, INC - #106780 - FALL RIVER - 11378",FALL RIVER,MA,500-12-100B              ,500 - PERT Tubing                   ,$0,$101,($101),-100.0%,Direct
Legend,"SEEKONK SUPPLY, INC","SEEKONK SUPPLY, INC - #106780 - PROVIDENCE - 176778",PROVIDENCE,MA,500-12-100B              ,500 - PERT Tubing                   ,$101,$0,$101,,Direct
Legend,"SEEKONK SUPPLY, INC","SEEKONK SUPPLY, INC. - #106780 - ATTLEBORO FALLS - 183219",ATTLEBORO FALLS,MA,500-12-100B              ,500 - PERT Tubing                   ,$0,$40,($40),-100.0%,Direct
Legend,"SEEKONK SUPPLY, INC","SEEKONK SUPPLY, INC. - #106780 - BRIDGEWATER - 308451",BRIDGEWATER,MA,500-12-100B              ,500 - PERT Tubing                   ,$201,$201,$0,0.0%,Direct
Legend,SMITHFIELD PLUMBING & HEATING,SMITHFIELD PLUMBING & HEATING #104860 - GREENVILLE - 11383,GREENVILLE,RI,500-12-100B              ,500 - PERT Tubing                   ,$69,$138,($69),-50.0%,Direct
Legend,WINNELSON,WINSUPPLY WORCESTER MA CO (#089) - AUBURN - 11695,AUBURN,MA,500-12-100B              ,500 - PERT Tubing                   ,$131,$0,$131,,Direct
Legend,BETTS PLUMBING & HEATING SUPPLY #257200,BETTS PLUMBING & HEATING SUPPLY #257200 - WESTFIELD - 211651,WESTFIELD,MA,500-12-100R              ,500 - PERT Tubing                   ,$20,$0,$20,,Direct
Legend,M & G SUPPLY,M & G SUPPLY #246600 - EAST PROVIDENCE - 11021,EAST PROVIDENCE,RI,500-12-100R              ,500 - PERT Tubing                   ,$20,$0,$20,,Direct
Legend,M & G SUPPLY,M & G SUPPLY #246600 - WARREN - 164436,WARREN,RI,500-12-100R              ,500 - PERT Tubing                   ,$161,$0,$161,,Direct
Legend,"SEEKONK SUPPLY, INC","SEEKONK SUPPLY, INC - #106780 - FALL RIVER - 11378",FALL RIVER,MA,500-12-100R              ,500 - PERT Tubing                   ,$0,$101,($101),-100.0%,Direct
Legend,"SEEKONK SUPPLY, INC","SEEKONK SUPPLY, INC - #106780 - PROVIDENCE - 176778",PROVIDENCE,MA,500-12-100R              ,500 - PERT Tubing                   ,$201,$0,$201,,Direct
Legend,"SEEKONK SUPPLY, INC","SEEKONK SUPPLY, INC. - #106780 - ATTLEBORO FALLS - 183219",ATTLEBORO FALLS,MA,500-12-100R              ,500 - PERT Tubing                   ,$0,$121,($121),-100.0%,Direct
Legend,"SEEKONK SUPPLY, INC","SEEKONK SUPPLY, INC. - #106780 - BRIDGEWATER - 308451",BRIDGEWATER,MA,500-12-100R              ,500 - PERT Tubing                   ,$201,$101,$101,100.0%,Direct
Legend,SMITHFIELD PLUMBING & HEATING,SMITHFIELD PLUMBING & HEATING #104860 - GREENVILLE - 11383,GREENVILLE,RI,500-12-100R              ,500 - PERT Tubing                   ,$69,$86,($17),-20.0%,Direct
Legend,WINNELSON,WINSUPPLY WORCESTER MA CO (#089) - AUBURN - 11695,AUBURN,MA,500-12-100R              ,500 - PERT Tubing                   ,$131,$0,$131,,Direct
Legend,F.W. WEBB,F.W. WEBB - BANGOR - HAMPDEN - 11712,HAMPDEN,ME,500-12-10B               ,500 - PERT Tubing                   ,$259,$0,$259,,Direct
Legend,F.W. WEBB,F.W. WEBB - PORTLAND - SOUTH PORTLAND - 15207,SOUTH PORTLAND,ME,500-12-10B               ,500 - PERT Tubing                   ,"$1,118",$0,"$1,118",,Direct
Legend,F.W. WEBB,F.W. WEBB - WILLISTON - WILLISTON - 11660,WILLISTON,VT,500-12-10B               ,500 - PERT Tubing                   ,$173,$345,($173),-50.0%,Direct
Legend,P & E SUPPLY - #227900,P & E SUPPLY - #227900 - SANFORD - 11937,SANFORD,ME,500-12-10B               ,500 - PERT Tubing                   ,$224,$0,$224,,Direct
Legend,F.W. WEBB,F.W. WEBB - BANGOR - HAMPDEN - 11712,HAMPDEN,ME,500-12-10R               ,500 - PERT Tubing                   ,$173,$0,$173,,Direct
Legend,F.W. WEBB,F.W. WEBB - PORTLAND - SOUTH PORTLAND - 15207,SOUTH PORTLAND,ME,500-12-10R               ,500 - PERT Tubing                   ,"$1,118",$0,"$1,118",,Direct
Legend,F.W. WEBB,F.W. WEBB - WILLISTON - WILLISTON - 11660,WILLISTON,VT,500-12-10R               ,500 - PERT Tubing                   ,$173,$345,($173),-50.0%,Direct
Legend,P & E SUPPLY - #227900,P & E SUPPLY - #227900 - SANFORD - 11937,SANFORD,ME,500-12-10R               ,500 - PERT Tubing                   ,$224,$0,$224,,Direct
Legend,M & G SUPPLY,M & G SUPPLY #246600 - WARREN - 164436,WARREN,RI,500-12-20                ,500 - PERT Tubing                   ,$0,$224,($224),-100.0%,Direct
Legend,SMITHFIELD PLUMBING & HEATING,SMITHFIELD PLUMBING & HEATING #104860 - GREENVILLE - 11383,GREENVILLE,RI,500-12-20                ,500 - PERT Tubing                   ,$0,$288,($288),-100.0%,Direct
Legend,ACE PLUMBING SUPPLY- #257600,ACE PLUMBING SUPPLY- #257600 - BOSTON - 10036,BOSTON,MA,500-12-20B               ,500 - PERT Tubing                   ,$783,$0,$783,,Direct
Legend,BETTS PLUMBING & HEATING SUPPLY #257200,BETTS PLUMBING & HEATING SUPPLY #257200 - WESTFIELD - 211651,WESTFIELD,MA,500-12-20B               ,500 - PERT Tubing                   ,$0,$112,($112),-100.0%,Direct
Legend,F.W. WEBB,F.W. WEBB - BANGOR - HAMPDEN - 11712,HAMPDEN,ME,500-12-20B               ,500 - PERT Tubing                   ,"$1,036",$0,"$1,036",,Direct
Legend,F.W. WEBB,F.W. WEBB - HARTFORD - HARTFORD - 11688,HARTFORD,CT,500-12-20B               ,500 - PERT Tubing                   ,$224,$0,$224,,Direct
Legend,F.W. WEBB,F.W. WEBB - PORTLAND - SOUTH PORTLAND - 15207,SOUTH PORTLAND,ME,500-12-20B               ,500 - PERT Tubing                   ,$671,$0,$671,,Direct
Legend,F.W. WEBB,F.W. WEBB - SPRINGFIELD - SPRINGFIELD - 256196,SPRINGFIELD,MA,500-12-20B               ,500 - PERT Tubing                   ,$0,"$4,475","($4,475)",-100.0%,Direct
Legend,F.W. WEBB,F.W. WEBB - WILLISTON - WILLISTON - 11660,WILLISTON,VT,500-12-20B               ,500 - PERT Tubing                   ,"$1,036",$691,$345,50.0%,Direct
Legend,M & G SUPPLY,M & G SUPPLY #246600 - EAST PROVIDENCE - 11021,EAST PROVIDENCE,RI,500-12-20B               ,500 - PERT Tubing                   ,$671,$0,$671,,Direct
Legend,M & G SUPPLY,M & G SUPPLY #246600 - WARREN - 164436,WARREN,RI,500-12-20B               ,500 - PERT Tubing                   ,$447,$447,$0,0.0%,Direct
Legend,P & E SUPPLY - #227900,P & E SUPPLY - #227900 - SANFORD - 11937,SANFORD,ME,500-12-20B               ,500 - PERT Tubing                   ,$224,$0,$224,,Direct
Legend,"SEEKONK SUPPLY, INC","SEEKONK SUPPLY, INC - #106780 - FALL RIVER - 11378",FALL RIVER,MA,500-12-20B               ,500 - PERT Tubing                   ,$0,$224,($224),-100.0%,Direct
Legend,"SEEKONK SUPPLY, INC","SEEKONK SUPPLY, INC - #106780 - PROVIDENCE - 176778",PROVIDENCE,MA,500-12-20B               ,500 - PERT Tubing                   ,$447,$447,$0,0.0%,Direct
Legend,"SEEKONK SUPPLY, INC","SEEKONK SUPPLY, INC. - #106780 - ATTLEBORO FALLS - 183219",ATTLEBORO FALLS,MA,500-12-20B               ,500 - PERT Tubing                   ,$0,$112,($112),-100.0%,Direct
Legend,"SEEKONK SUPPLY, INC","SEEKONK SUPPLY, INC. - #106780 - BRIDGEWATER - 308451",BRIDGEWATER,MA,500-12-20B               ,500 - PERT Tubing                   ,$0,$224,($224),-100.0%,Direct
Legend,"SEEKONK SUPPLY, INC","SEEKONK SUPPLY, INC. - #106780 - REHOBOTH - 2118882",REHOBOTH,MA,500-12-20B               ,500 - PERT Tubing                   ,$671,$0,$671,,Direct
Legend,SMITHFIELD PLUMBING & HEATING,SMITHFIELD PLUMBING & HEATING #104860 - GREENVILLE - 11383,GREENVILLE,RI,500-12-20B               ,500 - PERT Tubing                   ,$192,$575,($384),-66.7%,Direct
Legend,SMITHFIELD PLUMBING & HEATING,SMITHFIELD PLUMBING & HEATING #104860 - TWIN MOUNTAIN - 179862,TWIN MOUNTAIN,RI,500-12-20B               ,500 - PERT Tubing                   ,$192,$192,$0,0.0%,Direct
Legend,WINNELSON,WINSUPPLY WORCESTER MA CO (#089) - AUBURN - 11695,AUBURN,MA,500-12-20B               ,500 - PERT Tubing                   ,$911,$0,$911,,Direct
Legend,ACE PLUMBING SUPPLY- #257600,ACE PLUMBING SUPPLY- #257600 - BOSTON - 10036,BOSTON,MA,500-12-20R               ,500 - PERT Tubing                   ,$559,$0,$559,,Direct
Legend,BETTS PLUMBING & HEATING SUPPLY #257200,BETTS PLUMBING & HEATING SUPPLY #257200 - WESTFIELD - 211651,WESTFIELD,MA,500-12-20R               ,500 - PERT Tubing                   ,$0,$112,($112),-100.0%,Direct
Legend,F.W. WEBB,F.W. WEBB - AUBURN - AUBURN - 50265,AUBURN,MA,500-12-20R               ,500 - PERT Tubing                   ,$112,$0,$112,,Direct
Legend,F.W. WEBB,F.W. WEBB - BANGOR - HAMPDEN - 11712,HAMPDEN,ME,500-12-20R               ,500 - PERT Tubing                   ,$345,$0,$345,,Direct
Legend,F.W. WEBB,F.W. WEBB - HARTFORD - HARTFORD - 11688,HARTFORD,CT,500-12-20R               ,500 - PERT Tubing                   ,$224,$0,$224,,Direct
Legend,F.W. WEBB,F.W. WEBB - PORTLAND - SOUTH PORTLAND - 15207,SOUTH PORTLAND,ME,500-12-20R               ,500 - PERT Tubing                   ,$224,$0,$224,,Direct
Legend,F.W. WEBB,F.W. WEBB - WILLISTON - WILLISTON - 11660,WILLISTON,VT,500-12-20R               ,500 - PERT Tubing                   ,"$1,036",$518,$518,100.0%,Direct
Legend,M & G SUPPLY,M & G SUPPLY #246600 - EAST PROVIDENCE - 11021,EAST PROVIDENCE,RI,500-12-20R               ,500 - PERT Tubing                   ,$671,$0,$671,,Direct
Legend,M & G SUPPLY,M & G SUPPLY #246600 - WARREN - 164436,WARREN,RI,500-12-20R               ,500 - PERT Tubing                   ,$447,$224,$224,100.0%,Direct
Legend,P & E SUPPLY - #227900,P & E SUPPLY - #227900 - SANFORD - 11937,SANFORD,ME,500-12-20R               ,500 - PERT Tubing                   ,$224,$0,$224,,Direct
Legend,"SEEKONK SUPPLY, INC","SEEKONK SUPPLY, INC - #106780 - FALL RIVER - 11378",FALL RIVER,MA,500-12-20R               ,500 - PERT Tubing                   ,$0,$224,($224),-100.0%,Direct
Legend,"SEEKONK SUPPLY, INC","SEEKONK SUPPLY, INC - #106780 - PROVIDENCE - 176778",PROVIDENCE,MA,500-12-20R               ,500 - PERT Tubing                   ,$447,$447,$0,0.0%,Direct
Legend,"SEEKONK SUPPLY, INC","SEEKONK SUPPLY, INC. - #106780 - BRIDGEWATER - 308451",BRIDGEWATER,MA,500-12-20R               ,500 - PERT Tubing                   ,$224,$0,$224,,Direct
Legend,"SEEKONK SUPPLY, INC","SEEKONK SUPPLY, INC. - #106780 - REHOBOTH - 2118882",REHOBOTH,MA,500-12-20R               ,500 - PERT Tubing                   ,$671,$0,$671,,Direct
Legend,SMITHFIELD PLUMBING & HEATING,SMITHFIELD PLUMBING & HEATING #104860 - GREENVILLE - 11383,GREENVILLE,RI,500-12-20R               ,500 - PERT Tubing                   ,$192,$671,($479),-71.4%,Direct
Legend,SMITHFIELD PLUMBING & HEATING,SMITHFIELD PLUMBING & HEATING #104860 - TWIN MOUNTAIN - 179862,TWIN MOUNTAIN,RI,500-12-20R               ,500 - PERT Tubing                   ,$0,$96,($96),-100.0%,Direct
Legend,WINNELSON,WINSUPPLY WORCESTER MA CO (#089) - AUBURN - 11695,AUBURN,MA,500-12-20R               ,500 - PERT Tubing                   ,$729,$0,$729,,Direct
Legend,M & G SUPPLY,M & G SUPPLY #246600 - EAST PROVIDENCE - 11021,EAST PROVIDENCE,RI,500-12-300B              ,500 - PERT Tubing                   ,$604,$0,$604,,Direct
Legend,"SEEKONK SUPPLY, INC","SEEKONK SUPPLY, INC. - #106780 - REHOBOTH - 2118882",REHOBOTH,MA,500-12-300B              ,500 - PERT Tubing                   ,$60,$0,$60,,Direct
Legend,M & G SUPPLY,M & G SUPPLY #246600 - EAST PROVIDENCE - 11021,EAST PROVIDENCE,RI,500-12-300R              ,500 - PERT Tubing                   ,$604,$0,$604,,Direct
Legend,"SEEKONK SUPPLY, INC","SEEKONK SUPPLY, INC. - #106780 - REHOBOTH - 2118882",REHOBOTH,MA,500-12-300R              ,500 - PERT Tubing                   ,$60,$0,$60,,Direct
Legend,WINNELSON,WINSUPPLY WORCESTER MA CO (#089) - AUBURN - 11695,AUBURN,MA,500-12-300R              ,500 - PERT Tubing                   ,$49,$0,$49,,Direct
Legend,WINNELSON,WINSUPPLY WORCESTER MA CO (#089) - AUBURN - 11695,AUBURN,MA,500-12-500B              ,500 - PERT Tubing                   ,$82,$0,$82,,Direct
Legend,SMITHFIELD PLUMBING & HEATING,SMITHFIELD PLUMBING & HEATING #104860 - GREENVILLE - 11383,GREENVILLE,RI,500-34-100               ,500 - PERT Tubing                   ,$64,$0,$64,,Direct
Legend,M & G SUPPLY,M & G SUPPLY #246600 - EAST PROVIDENCE - 11021,EAST PROVIDENCE,RI,500-34-100B              ,500 - PERT Tubing                   ,$74,$0,$74,,Direct
Legend,M & G SUPPLY,M & G SUPPLY #246600 - WARREN - 164436,WARREN,RI,500-34-100B              ,500 - PERT Tubing                   ,$74,$0,$74,,Direct
Legend,"SEEKONK SUPPLY, INC","SEEKONK SUPPLY, INC. - #106780 - REHOBOTH - 2118882",REHOBOTH,MA,500-34-100B              ,500 - PERT Tubing                   ,$0,$186,($186),-100.0%,Direct
Legend,SMITHFIELD PLUMBING & HEATING,SMITHFIELD PLUMBING & HEATING #104860 - GREENVILLE - 11383,GREENVILLE,RI,500-34-100B              ,500 - PERT Tubing                   ,$64,$0,$64,,Direct
Legend,M & G SUPPLY,M & G SUPPLY #246600 - WARREN - 164436,WARREN,RI,500-34-100R              ,500 - PERT Tubing                   ,$74,$0,$74,,Direct
Legend,"SEEKONK SUPPLY, INC","SEEKONK SUPPLY, INC. - #106780 - ATTLEBORO FALLS - 183219",ATTLEBORO FALLS,MA,500-34-100R              ,500 - PERT Tubing                   ,$0,$111,($111),-100.0%,Direct
Legend,SMITHFIELD PLUMBING & HEATING,SMITHFIELD PLUMBING & HEATING #104860 - GREENVILLE - 11383,GREENVILLE,RI,500-34-100R              ,500 - PERT Tubing                   ,$32,$0,$32,,Direct
Legend,F.W. WEBB,F.W. WEBB - PORTLAND - SOUTH PORTLAND - 15207,SOUTH PORTLAND,ME,500-34-10B               ,500 - PERT Tubing                   ,$826,$0,$826,,Direct
Legend,F.W. WEBB,F.W. WEBB - WILLISTON - WILLISTON - 11660,WILLISTON,VT,500-34-10B               ,500 - PERT Tubing                   ,$955,$318,$637,200.0%,Direct
Legend,P & E SUPPLY - #227900,P & E SUPPLY - #227900 - SANFORD - 11937,SANFORD,ME,500-34-10R               ,500 - PERT Tubing                   ,$413,$0,$413,,Direct
Legend,M & G SUPPLY,M & G SUPPLY #246600 - EAST PROVIDENCE - 11021,EAST PROVIDENCE,RI,500-34-20                ,500 - PERT Tubing                   ,$206,$0,$206,,Direct
Legend,M & G SUPPLY,M & G SUPPLY #246600 - WARREN - 164436,WARREN,RI,500-34-20                ,500 - PERT Tubing                   ,$0,$413,($413),-100.0%,Direct
Legend,SMITHFIELD PLUMBING & HEATING,SMITHFIELD PLUMBING & HEATING #104860 - GREENVILLE - 11383,GREENVILLE,RI,500-34-20                ,500 - PERT Tubing                   ,$0,$177,($177),-100.0%,Direct
Legend,ACE PLUMBING SUPPLY- #257600,ACE PLUMBING SUPPLY- #257600 - BOSTON - 10036,BOSTON,MA,500-34-20B               ,500 - PERT Tubing                   ,$619,$0,$619,,Direct
Legend,F.W. WEBB,F.W. WEBB - AUBURN - AUBURN - 50265,AUBURN,MA,500-34-20B               ,500 - PERT Tubing                   ,$206,$0,$206,,Direct
Legend,F.W. WEBB,F.W. WEBB - BANGOR - HAMPDEN - 11712,HAMPDEN,ME,500-34-20B               ,500 - PERT Tubing                   ,"$1,591",$0,"$1,591",,Direct
Legend,F.W. WEBB,F.W. WEBB - BRIDGEWATER - BRIDGEWATER - 1542103,BRIDGEWATER,MA,500-34-20B               ,500 - PERT Tubing                   ,$0,$954,($954),-100.0%,Direct
Legend,F.W. WEBB,F.W. WEBB - HARTFORD - HARTFORD - 11688,HARTFORD,CT,500-34-20B               ,500 - PERT Tubing                   ,$413,$0,$413,,Direct
Legend,F.W. WEBB,F.W. WEBB - PORTLAND - SOUTH PORTLAND - 15207,SOUTH PORTLAND,ME,500-34-20B               ,500 - PERT Tubing                   ,$413,$0,$413,,Direct
Legend,F.W. WEBB,F.W. WEBB - SPRINGFIELD - SPRINGFIELD - 256196,SPRINGFIELD,MA,500-34-20B               ,500 - PERT Tubing                   ,$0,"$4,127","($4,127)",-100.0%,Direct
Legend,F.W. WEBB,F.W. WEBB - WILLISTON - WILLISTON - 11660,WILLISTON,VT,500-34-20B               ,500 - PERT Tubing                   ,$636,"$1,114",($477),-42.9%,Direct
Legend,M & G SUPPLY,M & G SUPPLY #246600 - EAST PROVIDENCE - 11021,EAST PROVIDENCE,RI,500-34-20B               ,500 - PERT Tubing                   ,"$1,445",$0,"$1,445",,Direct
Legend,M & G SUPPLY,M & G SUPPLY #246600 - WARREN - 164436,WARREN,RI,500-34-20B               ,500 - PERT Tubing                   ,$413,$413,$0,0.0%,Direct
Legend,"SEEKONK SUPPLY, INC","SEEKONK SUPPLY, INC - #106780 - PROVIDENCE - 176778",PROVIDENCE,MA,500-34-20B               ,500 - PERT Tubing                   ,$413,$413,$0,0.0%,Direct
Legend,"SEEKONK SUPPLY, INC","SEEKONK SUPPLY, INC. - #106780 - BRIDGEWATER - 308451",BRIDGEWATER,MA,500-34-20B               ,500 - PERT Tubing                   ,$413,$0,$413,,Direct
Legend,"SEEKONK SUPPLY, INC","SEEKONK SUPPLY, INC. - #106780 - REHOBOTH - 2118882",REHOBOTH,MA,500-34-20B               ,500 - PERT Tubing                   ,$413,$0,$413,,Direct
Legend,SMITHFIELD PLUMBING & HEATING,SMITHFIELD PLUMBING & HEATING #104860 - GREENVILLE - 11383,GREENVILLE,RI,500-34-20B               ,500 - PERT Tubing                   ,$354,$531,($177),-33.3%,Direct
Legend,SMITHFIELD PLUMBING & HEATING,SMITHFIELD PLUMBING & HEATING #104860 - TWIN MOUNTAIN - 179862,TWIN MOUNTAIN,RI,500-34-20B               ,500 - PERT Tubing                   ,$177,$354,($177),-50.0%,Direct
Legend,WINNELSON,WINSUPPLY WORCESTER MA CO (#089) - AUBURN - 11695,AUBURN,MA,500-34-20B               ,500 - PERT Tubing                   ,$336,$0,$336,,Direct
Legend,ACE PLUMBING SUPPLY- #257600,ACE PLUMBING SUPPLY- #257600 - BOSTON - 10036,BOSTON,MA,500-34-20R               ,500 - PERT Tubing                   ,$619,$0,$619,,Direct
Legend,F.W. WEBB,F.W. WEBB - AUBURN - AUBURN - 50265,AUBURN,MA,500-34-20R               ,500 - PERT Tubing                   ,$413,$0,$413,,Direct
Legend,F.W. WEBB,F.W. WEBB - BANGOR - HAMPDEN - 11712,HAMPDEN,ME,500-34-20R               ,500 - PERT Tubing                   ,"$1,432",$0,"$1,432",,Direct
Legend,F.W. WEBB,F.W. WEBB - BRIDGEWATER - BRIDGEWATER - 1542103,BRIDGEWATER,MA,500-34-20R               ,500 - PERT Tubing                   ,$0,"$1,273","($1,273)",-100.0%,Direct
Legend,F.W. WEBB,F.W. WEBB - HARTFORD - HARTFORD - 11688,HARTFORD,CT,500-34-20R               ,500 - PERT Tubing                   ,$413,$0,$413,,Direct
Legend,F.W. WEBB,F.W. WEBB - WILLISTON - WILLISTON - 11660,WILLISTON,VT,500-34-20R               ,500 - PERT Tubing                   ,$0,$318,($318),-100.0%,Direct
Legend,M & G SUPPLY,M & G SUPPLY #246600 - EAST PROVIDENCE - 11021,EAST PROVIDENCE,RI,500-34-20R               ,500 - PERT Tubing                   ,"$1,238",$0,"$1,238",,Direct
Legend,M & G SUPPLY,M & G SUPPLY #246600 - WARREN - 164436,WARREN,RI,500-34-20R               ,500 - PERT Tubing                   ,$206,$206,$0,0.0%,Direct
Legend,"SEEKONK SUPPLY, INC","SEEKONK SUPPLY, INC - #106780 - PROVIDENCE - 176778",PROVIDENCE,MA,500-34-20R               ,500 - PERT Tubing                   ,$413,$0,$413,,Direct
Legend,"SEEKONK SUPPLY, INC","SEEKONK SUPPLY, INC. - #106780 - REHOBOTH - 2118882",REHOBOTH,MA,500-34-20R               ,500 - PERT Tubing                   ,$413,$0,$413,,Direct
Legend,SMITHFIELD PLUMBING & HEATING,SMITHFIELD PLUMBING & HEATING #104860 - GREENVILLE - 11383,GREENVILLE,RI,500-34-20R               ,500 - PERT Tubing                   ,$177,$354,($177),-50.0%,Direct
Legend,SMITHFIELD PLUMBING & HEATING,SMITHFIELD PLUMBING & HEATING #104860 - TWIN MOUNTAIN - 179862,TWIN MOUNTAIN,RI,500-34-20R               ,500 - PERT Tubing                   ,$0,$177,($177),-100.0%,Direct
Legend,"SEEKONK SUPPLY, INC","SEEKONK SUPPLY, INC. - #106780 - REHOBOTH - 2118882",REHOBOTH,MA,500-34-300B              ,500 - PERT Tubing                   ,$0,$111,($111),-100.0%,Direct
Legend,SMITHFIELD PLUMBING & HEATING,SMITHFIELD PLUMBING & HEATING #104860 - TWIN MOUNTAIN - 179862,TWIN MOUNTAIN,RI,500-34-300B              ,500 - PERT Tubing                   ,$287,$0,$287,,Direct
Legend,SMITHFIELD PLUMBING & HEATING,SMITHFIELD PLUMBING & HEATING #104860 - TWIN MOUNTAIN - 179862,TWIN MOUNTAIN,RI,500-34-300R              ,500 - PERT Tubing                   ,$287,$0,$287,,Direct
Legend,SMITHFIELD PLUMBING & HEATING,SMITHFIELD PLUMBING & HEATING #104860 - TWIN MOUNTAIN - 179862,TWIN MOUNTAIN,RI,508-261                  ,508 - Plumbing Tools                ,$0,$436,($436),-100.0%,Direct
Legend,PLIMPTON & HILLS,PLIMPTON & HILLS CORP -AD#PH46 - MERIDEN - 11190,MERIDEN,CT,800-245                  ,806 - Hydronic Components           ,$18,$0,$18,,Direct
Legend,WINNELSON,WINSUPPLY MANCHESTER CT CO (#071) - MANCHESTER - 10933,MANCHESTER,CT,800-662                  ,808 - Hydronic Gauges               ,$0,$27,($27),-100.0%,Direct
Legend,PLUMBERS' SUPPLY - MASS,DUGAN SUPPLY #PS50 - NEWBURYPORT - 10408,NEWBURYPORT,MA,800-SM100                ,806 - Hydronic Components           ,$498,$0,$498,,Direct
Legend,SMITHFIELD PLUMBING & HEATING,SMITHFIELD PLUMBING & HEATING #104860 - TWIN MOUNTAIN - 179862,TWIN MOUNTAIN,RI,807-072                  ,807 - Heat Exchangers               ,$342,$0,$342,,Direct
Legend,ARROW CENTRAL - #258690,ARROW CENTRAL - #258690 - LITTLETON - 1248606,LITTLETON,NH,830-143P                 ,804 - Stainless Manifolds           ,$861,$0,$861,,Direct
Legend,F.W. WEBB,F.W. WEBB - AUBURN - AUBURN - 50265,AUBURN,MA,830-144                  ,804 - Stainless Manifolds           ,$148,$0,$148,,Direct
Legend,THERMA-HEXX CORPORATION,THERMA-HEXX CORPORATION - PORTSMOUTH - 684611,PORTSMOUTH,NH,833-862                  ,804 - Stainless Manifolds           ,$155,$0,$155,,Direct
Legend,THERMA-HEXX CORPORATION,THERMA-HEXX CORPORATION - PORTSMOUTH - 684611,PORTSMOUTH,NH,8330P-10-10              ,804 - Stainless Manifolds           ,$0,$421,($421),-100.0%,Direct
Legend,F.W. WEBB,F.W. WEBB - AUBURN - AUBURN - 50265,AUBURN,MA,8330P-10-4               ,804 - Stainless Manifolds           ,$291,$0,$291,,Direct
Legend,F.W. WEBB,F.W. WEBB - AUBURN - AUBURN - 50265,AUBURN,MA,8330P-10-5               ,804 - Stainless Manifolds           ,$327,$0,$327,,Direct
Legend,F.W. WEBB,F.W. WEBB - WILLISTON - WILLISTON - 11660,WILLISTON,VT,8330P-10-5               ,804 - Stainless Manifolds           ,($258),$0,($258),,Direct
Legend,WINNELSON,WINSUPPLY WORCESTER MA CO (#089) - AUBURN - 11695,AUBURN,MA,850-143                  ,850 - Legend-Flex Heating Pipe      ,$597,$0,$597,,Direct
Legend,"SEEKONK SUPPLY, INC","SEEKONK SUPPLY, INC. - #106780 - ATTLEBORO FALLS - 183219",ATTLEBORO FALLS,MA,850-151                  ,850 - Legend-Flex Heating Pipe      ,$0,$301,($301),-100.0%,Direct
Legend,BETTS PLUMBING & HEATING SUPPLY #257200,BETTS PLUMBING & HEATING SUPPLY #257200 - WESTFIELD - 211651,WESTFIELD,MA,850-203                  ,850 - Legend-Flex Heating Pipe      ,$0,$183,($183),-100.0%,Direct
Legend,M & G SUPPLY,M & G SUPPLY #246600 - EAST PROVIDENCE - 11021,EAST PROVIDENCE,RI,850-203                  ,850 - Legend-Flex Heating Pipe      ,$420,$0,$420,,Direct
Legend,WINNELSON,WINSUPPLY WORCESTER MA CO (#089) - AUBURN - 11695,AUBURN,MA,850-203                  ,850 - Legend-Flex Heating Pipe      ,$420,$0,$420,,Direct
Legend,ACE PLUMBING SUPPLY- #257600,ACE PLUMBING SUPPLY- #257600 - BOSTON - 10036,BOSTON,MA,850-204                  ,850 - Legend-Flex Heating Pipe      ,$750,$0,$750,,Direct
Legend,BETTS PLUMBING & HEATING SUPPLY #257200,BETTS PLUMBING & HEATING SUPPLY #257200 - WESTFIELD - 211651,WESTFIELD,MA,850-204                  ,850 - Legend-Flex Heating Pipe      ,$0,$301,($301),-100.0%,Direct
Legend,M & G SUPPLY,M & G SUPPLY #246600 - WARREN - 164436,WARREN,RI,850-204                  ,850 - Legend-Flex Heating Pipe      ,$0,$602,($602),-100.0%,Direct
Legend,"SEEKONK SUPPLY, INC","SEEKONK SUPPLY, INC - #106780 - PROVIDENCE - 176778",PROVIDENCE,MA,850-204                  ,850 - Legend-Flex Heating Pipe      ,$346,$0,$346,,Direct
Legend,"SEEKONK SUPPLY, INC","SEEKONK SUPPLY, INC. - #106780 - REHOBOTH - 2118882",REHOBOTH,MA,850-204                  ,850 - Legend-Flex Heating Pipe      ,$692,$0,$692,,Direct
Legend,"SEEKONK SUPPLY, INC","SEEKONK SUPPLY, INC - #106780 - PROVIDENCE - 176778",PROVIDENCE,MA,850-205                  ,850 - Legend-Flex Heating Pipe      ,$664,$0,$664,,Direct
Legend,"SEEKONK SUPPLY, INC","SEEKONK SUPPLY, INC. - #106780 - BRIDGEWATER - 308451",BRIDGEWATER,MA,850-205                  ,850 - Legend-Flex Heating Pipe      ,$664,$0,$664,,Direct
Legend,ARROW CENTRAL - #258690,ARROW CENTRAL - #258690 - LITTLETON - 1248606,LITTLETON,NH,855-12-1000              ,855 - HyperFlex                     ,"$1,857",$0,"$1,857",,Direct
Legend,F.W. WEBB,F.W. WEBB - BANGOR - HAMPDEN - 11712,HAMPDEN,ME,855-12-1000              ,855 - HyperFlex                     ,"$1,176",$0,"$1,176",,Direct
Legend,F.W. WEBB,F.W. WEBB - BANGOR - HAMPDEN - 11712,HAMPDEN,ME,855-12-20                ,855 - HyperFlex                     ,$147,$0,$147,,Direct
Legend,P & E SUPPLY - #227900,P & E SUPPLY - #227900 - SANFORD - 11937,SANFORD,ME,855-12-20                ,855 - HyperFlex                     ,($163),$0,($163),,Direct
Legend,F.W. WEBB,F.W. WEBB - BANGOR - HAMPDEN - 11712,HAMPDEN,ME,855-12-500               ,855 - HyperFlex                     ,$882,$0,$882,,Direct
Legend,F.W. WEBB,F.W. WEBB - BANGOR - HAMPDEN - 11712,HAMPDEN,ME,855-34-100               ,855 - HyperFlex                     ,$308,$0,$308,,Direct
Legend,F.W. WEBB,F.W. WEBB - BANGOR - HAMPDEN - 11712,HAMPDEN,ME,855-34-20                ,855 - HyperFlex                     ,"$1,281",$0,"$1,281",,Direct
Legend,F.W. WEBB,F.W. WEBB - HARTFORD - HARTFORD - 11688,HARTFORD,CT,855-34-20                ,855 - HyperFlex                     ,$568,$0,$568,,Direct
Legend,M & G SUPPLY,M & G SUPPLY #246600 - EAST PROVIDENCE - 11021,EAST PROVIDENCE,RI,855-34-20                ,855 - HyperFlex                     ,$568,$0,$568,,Direct
Legend,M & G SUPPLY,M & G SUPPLY #246600 - WARREN - 164436,WARREN,RI,855-34-20                ,855 - HyperFlex                     ,$568,$0,$568,,Direct
Legend,SMITHFIELD PLUMBING & HEATING,SMITHFIELD PLUMBING & HEATING #104860 - TWIN MOUNTAIN - 179862,TWIN MOUNTAIN,RI,855-34-20                ,855 - HyperFlex                     ,$284,$0,$284,,Direct
Legend,F.W. WEBB,F.W. WEBB - BANGOR - HAMPDEN - 11712,HAMPDEN,ME,855-34-300               ,855 - HyperFlex                     ,$769,$0,$769,,Direct
Legend,F.W. WEBB,F.W. WEBB - AUBURN - AUBURN - 50265,AUBURN,MA,855-58-400               ,855 - HyperFlex                     ,"$1,134",$0,"$1,134",,Direct
Legend,"AQUATIC TECHNOLOGY - dba POOLWEB, LLC","AQUATIC TECHNOLOGY - dba POOLWEB, LLC - AUGUSTA - 182211",AUGUSTA,ME,900-012                  ,270 - PVC Compact Ball Valves-Grey  ,$11,$0,$11,,Direct
Legend,"AQUATIC TECHNOLOGY - dba POOLWEB, LLC","AQUATIC TECHNOLOGY - dba POOLWEB, LLC - AUGUSTA - 182211",AUGUSTA,ME,900-013                  ,260 - PVC True Union Ball Valves    ,$28,$23,$5,21.5%,Direct
Legend,"AQUATIC TECHNOLOGY - dba POOLWEB, LLC","AQUATIC TECHNOLOGY - dba POOLWEB, LLC - AUGUSTA - 182211",AUGUSTA,ME,900-014                  ,260 - PVC True Union Ball Valves    ,$16,$0,$16,,Direct
Legend,"AQUATIC TECHNOLOGY - dba POOLWEB, LLC","AQUATIC TECHNOLOGY - dba POOLWEB, LLC - AUGUSTA - 182211",AUGUSTA,ME,900-017                  ,260 - PVC True Union Ball Valves    ,$25,$0,$25,,Direct
Legend,"TEK MAHONY FITTINGS, INC.","TEK MAHONY FITTINGS, INC. - EAST WINDSOR - 12053",EAST WINDSOR,CT,900-203                  ,100 - Brass Gate Valves             ,$0,$9,($9),-100.0%,Direct
Legend,REPUBLIC PLUMBING SUPPLY,REPUBLIC PLUMBING SUPPLY #109250 - FOXBORO - 2126102,FOXBORO,MA,900-354                  ,50  - Specialty Ball Valves         ,$17,$0,$17,,Direct
Legend,WINNELSON,WINSUPPLY DAYTON DC - CDC TRANSFERS -  - 2123849,null,OH,CDC-CDC                  ,998 - CDC Transfers                 ,"$3,172",$0,"$3,172",,Direct
Legend,WINNELSON,WINSUPPLY MIDDLETOWN DC - CDC TRANSFERS -  - 2123924,null,CT,CDC-CDC                  ,998 - CDC Transfers                 ,"$41,726",$0,"$41,726",,Direct
Legend,WINNELSON,WINSUPPLY RICHMOND DC - CDC TRANSFERS -  - 2123957,null,VA,CDC-CDC                  ,998 - CDC Transfers                 ,$82,$0,$82,,Direct
Legend,TOTAL,,,,,,"$577,866","$400,279","$177,587",44.4%,Direct
